submission_number,decision_date,year,device,company,panel_lead,product_code,domain,category,category_label,pathway,regulation_number,counted,basis,adjudication_confidence,exclusion_reason,code_overridden,has_classification,openfda_regulation_number,openfda_medical_specialty_description,openfda_device_name
K254207,2026-03-30,2026,AiORTA - Plan v2.0,"ViTAA Medical Solutions, Inc.",Radiology,QIH,,,,,,False,,,device_not_oncology,False,True,892.2050,Radiology,Automated Radiological Image Processing Software
K252360,2026-03-28,2026,ECG-AI Pulmonary Hypertension (PH) 12-Lead algorithm (1020),"Anumana, Inc.",Cardiovascular,SAT,,,,,,False,,,code_unlisted_off_panel,False,True,870.2380,Cardiovascular,Pulmonary Hypertension Machine Learning-Based Notification Software
K253649,2026-03-27,2026,Spectral CT Verida Family,"Philips Medical Systems Technologies , Ltd.",Radiology,JAK,,,,,,False,,,device_not_oncology,False,True,892.1750,Radiology,"System, X-Ray, Tomography, Computed"
K252148,2026-03-27,2026,Butterfly Gestational Age Tool,"Butterfly Network, Inc.",Radiology,IYN,,,,,,False,,,device_not_oncology,False,True,892.1550,Radiology,"System, Imaging, Pulsed Doppler, Ultrasonic"
K254161,2026-03-27,2026,Automated Aortic Stenosis Software (AutoAS),"GE Medical Systems Ultrasound & Primary Care Diagnostics, LLC",Radiology,POK,,,,,,False,,,device_not_oncology,False,True,892.2060,Radiology,Computer-Assisted Diagnostic Software For Lesions Suspicious For Cancer
K253595,2026-03-27,2026,"EPIQ Series Diagnostic Ultrasound System, Affiniti Series Diagnostic Ultrasound System","Philips Ultrasound, LLC",Radiology,IYN,,,,,,False,,,device_not_oncology,False,True,892.1550,Radiology,"System, Imaging, Pulsed Doppler, Ultrasonic"
K253625,2026-03-27,2026,"Vantage Fortian/Orian 1.5T, MRT-1550, V10.0 with AiCE Reconstruction Processing Unit for MR",Canon Medical Systems Corporation,Radiology,LNH,,,,,,False,,,device_not_oncology,False,True,892.1000,Radiology,"System, Nuclear Magnetic Resonance Imaging"
K260746,2026-03-27,2026,S-scan Open (100001800),"Esaote, S.p.A.",Radiology,LNH,,,,,,False,,,device_not_oncology,False,True,892.1000,Radiology,"System, Nuclear Magnetic Resonance Imaging"
K253270,2026-03-27,2026,Contour ProtégéAI+,"Mim Software, Inc.",Radiology,QKB,radiology,radiology_radiation_therapy,Cancer treatment planning,510(k),892.2050,True,device,high,,False,True,892.2050,Radiology,Radiological Image Processing Software For Radiation Therapy
K253379,2026-03-26,2026,Stealth AXiS Cranial clinical application,"Medtronic Navigation, Inc.",Neurology,HAW,,,,,,False,,,code_unlisted_off_panel,False,True,882.4560,Neurology,Neurological Stereotaxic Instrument
K253796,2026-03-26,2026,Lunit INSIGHT DBT (V1.2),"Lunit, Inc.",Radiology,QDQ,radiology,radiology_cancer_detection,Cancer detection and assessment,510(k),892.2090,True,device,high,,False,True,892.2090,Radiology,Radiological Computer Assisted Detection/Diagnosis Software For Lesions Suspicious For Cancer
K253775,2026-03-26,2026,SwiftMR,"Airs Medical, Inc.",Radiology,QIH,,,,,,False,,,device_not_oncology,False,True,892.2050,Radiology,Automated Radiological Image Processing Software
K252099,2026-03-24,2026,Trinias,Shimadzu Corporation,Radiology,OWB,,,,,,False,,,device_not_oncology,False,True,892.1650,Radiology,Interventional Fluoroscopic X-Ray System
K252421,2026-03-24,2026,JLK-NCCT,"JLK, Inc.",Radiology,QAS,,,,,,False,,,device_not_oncology,False,True,892.2080,Radiology,Radiological Computer-Assisted Triage And Notification Software
K260673,2026-03-24,2026,LOGIQ Vita; LOGIQ Vita Pro; LOGIQ Vita Express; LOGIQ Vita Plus; LOGIQ Vita Power; LOGIQ S20; LOGIQ S20 Pro; LOGIQ S20 Express; LOGIQ S20 Plus; LOGIQ S20 Power,GE Medical Systems Ultrasound and Primary Care Diagnostics,Radiology,IYN,,,,,,False,,,device_not_oncology,False,True,892.1550,Radiology,"System, Imaging, Pulsed Doppler, Ultrasonic"
K252992,2026-03-23,2026,CT Rembra RT; CT Areta RT; CT Rembra,"Philips Healthcare (Suzhou) Co., Ltd.",Radiology,JAK,,,,,,False,,,device_not_oncology,False,True,892.1750,Radiology,"System, X-Ray, Tomography, Computed"
K253686,2026-03-23,2026,True Definition DL,Ge Healthcare Japan Corporation,Radiology,JAK,,,,,,False,,,device_not_oncology,False,True,892.1750,Radiology,"System, X-Ray, Tomography, Computed"
K253520,2026-03-20,2026,"Photonova Spectra, Photonova Spectra Select","Ge Medical Systems, LLC",Radiology,JAK,,,,,,False,,,device_not_oncology,False,True,892.1750,Radiology,"System, X-Ray, Tomography, Computed"
K253574,2026-03-20,2026,SOMATOM X.cite; SOMATOM X.ceed,"Siemens Medical Solutions USA, Inc.",Radiology,JAK,,,,,,False,,,device_not_oncology,False,True,892.1750,Radiology,"System, X-Ray, Tomography, Computed"
K260509,2026-03-19,2026,AutoContour (RADAC V5),"Radformation, Inc.",Radiology,QKB,radiology,radiology_radiation_therapy,Cancer treatment planning,510(k),892.2050,True,device,high,,False,True,892.2050,Radiology,Radiological Image Processing Software For Radiation Therapy
K252304,2026-03-18,2026,syngo.via RT Image Suite VC10,"Varian Medical Systems, Inc.",Radiology,MUJ,radiology,radiology_radiation_therapy,Cancer treatment planning,510(k),892.5050,True,device,high,,False,True,892.5050,Radiology,"System, Planning, Radiation Therapy Treatment"
DEN250014,2026-03-17,2026,Tyto Insights for Eardrum Bulging Detection,"Tyto Care , Ltd.",Ear Nose & Throat,SHL,,,,,,False,,,code_unlisted_off_panel,False,True,874.4775,"Ear, Nose, Throat","Ear, Nose, And Throat Image Analyzer"
K253614,2026-03-17,2026,EchoNavigator R5.0,Philips Medical Systems Nederland B.V.,Radiology,QIH,,,,,,False,,,device_not_oncology,False,True,892.2050,Radiology,Automated Radiological Image Processing Software
K252282,2026-03-16,2026,SurgiCount+ System,Stryker Instruments,General Hospital,PBZ,,,,,,False,,,code_unlisted_off_panel,False,True,880.2750,General Hospital,Image Processing Device For Estimation Of External Blood Loss
K253944,2026-03-16,2026,Data Analysis Facilitation Suite (DAFS),Voronoi Health Analytics Incorporated,Radiology,QIH,,,,,,False,,,device_unresolved,False,True,892.2050,Radiology,Automated Radiological Image Processing Software
K252433,2026-03-16,2026,Sonio Detect  (v3),Sonio,Radiology,IYN,,,,,,False,,,device_not_oncology,False,True,892.1550,Radiology,"System, Imaging, Pulsed Doppler, Ultrasonic"
K252261,2026-03-13,2026,InferCare RECIST,"Beijing Infervision Healthcare Medical Technology Co., Ltd.",Radiology,QIH,radiology,radiology_cancer_detection,Cancer detection and assessment,510(k),,True,device,high,,False,True,892.2050,Radiology,Automated Radiological Image Processing Software
K260078,2026-03-13,2026,Aquilion ServeSP (TSX-307B) V2.0,Canon Medical Systems Corporation,Radiology,JAK,,,,,,False,,,device_not_oncology,False,True,892.1750,Radiology,"System, X-Ray, Tomography, Computed"
K252089,2026-03-12,2026,Tyto Stethoscope (G3),"Tyto Care , Ltd.",Cardiovascular,DQD,,,,,,False,,,code_unlisted_off_panel,False,True,870.1875,Cardiovascular,"Stethoscope, Electronic"
K250655,2026-03-12,2026,Deep Capsule® (Deep Capsule US),Digestaid - Artificial Intelligence Development SA,Gastroenterology-Urology,QZF,,,,,,False,,,code_unlisted_off_panel,False,True,876.1540,"Gastroenterology, Urology",Gastrointestinal Capsule Endoscopy Analysis Software Device
K253584,2026-03-10,2026,"Alphenix, INFX-8000V/B, INFX-8000V/S, V9.6 with aEvolve Imaging (FOV Extension)",Canon Medical Systems Corporation,Radiology,OWB,,,,,,False,,,device_not_oncology,False,True,892.1650,Radiology,Interventional Fluoroscopic X-Ray System
K253413,2026-03-09,2026,LiverMultiScan (v6.0),"Perspectum, Ltd.",Radiology,LNH,,,,,,False,,,device_not_oncology,False,True,892.1000,Radiology,"System, Nuclear Magnetic Resonance Imaging"
K253668,2026-03-08,2026,Onera SleepMap (SLEEPMAP),Onera B.V.,Neurology,OLZ,,,,,,False,,,code_unlisted_off_panel,False,True,882.1400,Neurology,Automatic Event Detection Software For Polysomnograph With Electroencephalograph
K260166,2026-03-06,2026,Bunkerhill Contrast CAC,BunkerHill Health,Radiology,JAK,,,,,,False,,,device_not_oncology,False,True,892.1750,Radiology,"System, X-Ray, Tomography, Computed"
K260167,2026-03-06,2026,Bunkerhill Contrast AVC,BunkerHill Health,Radiology,JAK,,,,,,False,,,device_not_oncology,False,True,892.1750,Radiology,"System, X-Ray, Tomography, Computed"
K253551,2026-03-06,2026,VELYS Hip Navigation,Depuy Ireland UC,Radiology,QIH,,,,,,False,,,device_not_oncology,False,True,892.2050,Radiology,Automated Radiological Image Processing Software
K253442,2026-03-05,2026,EarliPoint Assessment,Earlitec Diagnostics,Neurology,QPF,,,,,,False,,,code_unlisted_off_panel,False,True,882.1491,Neurology,Pediatric Autism Spectrum Disorder Diagnosis Aid
K252538,2026-03-05,2026,CEPHX3D,"Orca Dental AI , Ltd.",Radiology,QIH,,,,,,False,,,device_not_oncology,False,True,892.2050,Radiology,Automated Radiological Image Processing Software
K260169,2026-03-05,2026,AV Cardiac CT,Philips Medical Systems Nederland B.V.,Radiology,JAK,,,,,,False,,,device_not_oncology,False,True,892.1750,Radiology,"System, X-Ray, Tomography, Computed"
K251901,2026-03-05,2026,Magnifico Open (100009900),"Esaote, S.p.A.",Radiology,LNH,,,,,,False,,,device_not_oncology,False,True,892.1000,Radiology,"System, Nuclear Magnetic Resonance Imaging"
K253898,2026-03-04,2026,QT Scanner 2000 Model A,"QT Imaging Holdings, Inc.",Radiology,IYO,,,,,,False,,,device_not_oncology,False,True,892.1560,Radiology,"System, Imaging, Pulsed Echo, Ultrasonic"
P250008,2026-03-03,2026,Claire OCT System,"Perimeter Medical Imaging Ai, Inc.",General and Plastic Surgery,SHH,,,,,,False,,,code_unlisted_off_panel,False,True,,Unknown,Oct Imaging System With Ai/Ml Software For Adjunctive Detection Of Breast Cancer
K253818,2026-03-03,2026,Annalise Enterprise,"Harrison-AI Medical Pty, Ltd.",Radiology,QAS,,,,,,False,,,device_not_oncology,False,True,892.2080,Radiology,Radiological Computer-Assisted Triage And Notification Software
K253593,2026-03-02,2026,Clarius Ejection Fraction AI,Clarius Mobile Health Corp.,Radiology,QIH,,,,,,False,,,device_not_oncology,False,True,892.2050,Radiology,Automated Radiological Image Processing Software
K253535,2026-02-27,2026,Ligence Heart,Ligence Uab,Radiology,QIH,,,,,,False,,,device_not_oncology,False,True,892.2050,Radiology,Automated Radiological Image Processing Software
K253578,2026-02-26,2026,BriefCase-Triage: CARE Multi-Triage CT for Pneumothorax; Pericardial effusion; Large aortic aneurysm; Shoulder fracture or dislocation device,"Aidoc Medical , Ltd.",Radiology,QAS,,,,,,False,,,device_not_oncology,False,True,892.2080,Radiology,Radiological Computer-Assisted Triage And Notification Software
K260217,2026-02-24,2026,AI Platform 2.2 (AIP002),Exo Imaging,Radiology,QIH,,,,,,False,,,device_not_oncology,False,True,892.2050,Radiology,Automated Radiological Image Processing Software
K253648,2026-02-23,2026,"Ingenia, Ingenia CX, Ingenia Elition S/X, Ingenia Ambition S/X, BlueSeal SE/XE/QE, MR 5300 and MR 7700 MR Systems including Upgrades",Philips Medical Systems Nederland B.V.,Radiology,LNH,,,,,,False,,,device_not_oncology,False,True,892.1000,Radiology,"System, Nuclear Magnetic Resonance Imaging"
K260265,2026-02-23,2026,MAGNETOM Flow.Ace; MAGNETOM Flow.Plus,"Siemens Shenzhen Magnetic Resonance , Ltd.",Radiology,LNH,,,,,,False,,,device_not_oncology,False,True,892.1000,Radiology,"System, Nuclear Magnetic Resonance Imaging"
K252972,2026-02-20,2026,CARTO 3 EP Navigation System V8.4,"Biosense Webster, Inc.",Cardiovascular,DQK,,,,,,False,,,code_unlisted_off_panel,False,True,870.1425,Cardiovascular,"Computer, Diagnostic, Programmable"
K252500,2026-02-20,2026,CARA System,"Cara Medical, Ltd.",Radiology,OWB,,,,,,False,,,device_not_oncology,False,True,892.1650,Radiology,Interventional Fluoroscopic X-Ray System
K252002,2026-02-19,2026,Monaco RTP System (6.3),Elekta Solutions AB,Radiology,MUJ,radiology,radiology_radiation_therapy,Cancer treatment planning,510(k),892.5050,True,device,high,,False,True,892.5050,Radiology,"System, Planning, Radiation Therapy Treatment"
K250233,2026-02-13,2026,PreemptiveAI Clinical SDK,"Measure Labs, Inc. (Dba Preemptiveai, Inc.)",Cardiovascular,DXH,,,,,,False,,,code_unlisted_off_panel,False,True,870.2920,Cardiovascular,"Transmitters And Receivers, Electrocardiograph, Telephone"
K253564,2026-02-13,2026,uMI Panvivo (uMI Panvivo); uMI Panvivo (uMI Panvivo S); uMI Panvivo (uMI Panvivo EX); uMI Panvivo (uMI Panvivo ES),"Shanghai United Imaging Healthcare Co., Ltd.",Radiology,KPS,,,,,,False,,,device_not_oncology,False,True,892.1200,Radiology,"System, Tomography, Computed, Emission"
K253381,2026-02-12,2026,Stealth AXiS Surgical System with Stealth AXiS Spine clinical application,"Medtronic Navigation, Inc.",Neurology,OLO,,,,,,False,,,code_unlisted_off_panel,False,True,882.4560,Neurology,Orthopedic Stereotaxic Instrument
DEN250007,2026-02-11,2026,Delivery Date AI,Ultrasound AI,Radiology,SHE,,,,,,False,,,device_not_oncology,False,True,892.8200,Radiology,Radiological Software System For Delivery Date Prediction
K252084,2026-02-11,2026,AI4CMR v2.0,Ai4medimaging Medical Solutions S.A.,Radiology,QIH,,,,,,False,,,device_not_oncology,False,True,892.2050,Radiology,Automated Radiological Image Processing Software
K254016,2026-02-10,2026,MI View&GO,"Siemens Medical Solutions USA, Inc.",Radiology,QIH,,,,,,False,,,device_not_oncology,False,True,892.2050,Radiology,Automated Radiological Image Processing Software
K252076,2026-02-06,2026,Kneevoice Cartilage Evaluation System (750-3600-001),"Kneevoice, Inc.",Cardiovascular,DQD,,,,,,False,,,code_unlisted_off_panel,False,True,870.1875,Cardiovascular,"Stethoscope, Electronic"
K251218,2026-02-06,2026,SafeBeat Rx App,"SafeBeat Rx, Inc.",Cardiovascular,DQK,,,,,,False,,,code_unlisted_off_panel,False,True,870.1425,Cardiovascular,"Computer, Diagnostic, Programmable"
K243348,2026-02-06,2026,Athelas Home,"Athelas, Inc.",Hematology,GKZ,,,,,,False,,,code_unlisted_off_panel,False,True,864.5220,Hematology,"Counter, Differential Cell"
K251474,2026-02-06,2026,Median LCS (internal name) / eyonis LCS (trade name) (1.0),Median Technologies,Radiology,QDQ,radiology,radiology_cancer_detection,Cancer detection and assessment,510(k),892.2090,True,device,high,,False,True,892.2090,Radiology,Radiological Computer Assisted Detection/Diagnosis Software For Lesions Suspicious For Cancer
K253780,2026-02-06,2026,SIGNA Bolt,"Ge Medical Systems, LLC",Radiology,LNH,,,,,,False,,,device_not_oncology,False,True,892.1000,Radiology,"System, Nuclear Magnetic Resonance Imaging"
K253779,2026-02-05,2026,SIGNA Sprint Select,"Ge Medical Systems, LLC",Radiology,LNH,,,,,,False,,,device_not_oncology,False,True,892.1000,Radiology,"System, Nuclear Magnetic Resonance Imaging"
K260104,2026-02-04,2026,Signature ONE System,Orthosoft Inc. (d/b/a) Zimmer CAS,Orthopedic,QHE,,,,,,False,,,code_unlisted_off_panel,False,True,888.3660,Orthopedic,Shoulder Arthroplasty Implantation System
K251200,2026-02-02,2026,Vital Signs,Oxehealth Limited,Cardiovascular,QME,,,,,,False,,,code_unlisted_off_panel,False,True,870.2785,Cardiovascular,"Software For Optical Camera-Based Measurement Of Pulse Rate, Heart Rate, Breathing Rate, And/Or Respiratory Rate"
K251769,2026-01-30,2026,RevealAI-Lung,"Precision Medical Ventures, Inc. Dba Revealdx",Radiology,POK,radiology,radiology_cancer_detection,Cancer detection and assessment,510(k),892.2060,True,device,medium,,False,True,892.2060,Radiology,Computer-Assisted Diagnostic Software For Lesions Suspicious For Cancer
K252091,2026-01-29,2026,Surgical Reality Viewer,Medicalvr B.V.,Radiology,QIH,,,,,,False,,,device_not_oncology,False,True,892.2050,Radiology,Automated Radiological Image Processing Software
K252496,2026-01-29,2026,Neurophet AQUA AD Plus,"Neurophet., Inc.",Radiology,QIH,,,,,,False,,,device_not_oncology,False,True,892.2050,Radiology,Automated Radiological Image Processing Software
K251306,2026-01-28,2026,Seg Pro V3 (RT-300),"Ever Fortune.Ai, Co., Ltd.",Radiology,QKB,radiology,radiology_radiation_therapy,Cancer treatment planning,510(k),892.2050,True,device,medium,,False,True,892.2050,Radiology,Radiological Image Processing Software For Radiation Therapy
K251195,2026-01-27,2026,BriefCase-Triage,"Aidoc Medical , Ltd.",Radiology,QAS,,,,,,False,,,device_not_oncology,False,True,892.2080,Radiology,Radiological Computer-Assisted Triage And Notification Software
K243349,2026-01-23,2026,BodyGuardian Remote Monitoring System (BGRMS v3.0),"Boston Scientific Cardiac Diagnostic Technologies, Inc.",Cardiovascular,DSI,,,,,,False,,,code_unlisted_off_panel,False,True,870.1025,Cardiovascular,"Detector And Alarm, Arrhythmia"
K251351,2026-01-23,2026,AccuContour 4.0,"Manteia Technologies Co., Ltd.",Radiology,QKB,radiology,radiology_radiation_therapy,Cancer treatment planning,510(k),892.2050,True,device,high,,False,True,892.2050,Radiology,Radiological Image Processing Software For Radiation Therapy
K252984,2026-01-22,2026,Perin Health System (PHD80060-2),"Perin Health Devices, LLC",Cardiovascular,DRG,,,,,,False,,,code_unlisted_off_panel,False,True,870.2910,Cardiovascular,"Transmitters And Receivers, Physiological Signal, Radiofrequency"
K251511,2026-01-22,2026,PhenoMATRIX,Copan Wasp Srl,Microbiology,PPU,,,,,,False,,,code_unlisted_off_panel,False,True,866.2190,Microbiology,Microbial Colony Image Assessment System
K253735,2026-01-22,2026,AV Vascular,Philips Medical Systems Nederland B.V.,Radiology,QIH,,,,,,False,,,device_not_oncology,False,True,892.2050,Radiology,Automated Radiological Image Processing Software
K253057,2026-01-22,2026,AI-Rad Companion Brain MR,Siemens Healthcare GmbH,Radiology,QIH,,,,,,False,,,device_not_oncology,False,True,892.2050,Radiology,Automated Radiological Image Processing Software
K253173,2026-01-20,2026,uCT 780 with uWS-CT-Dual Energy Analysis,"Shanghai United Imaging Healthcare Co., Ltd.",Radiology,JAK,,,,,,False,,,device_not_oncology,False,True,892.1750,Radiology,"System, X-Ray, Tomography, Computed"
K251934,2026-01-16,2026,qXR-Detect,Qure.Ai Technologies,Radiology,MYN,,,,,,False,,,device_unresolved,False,True,892.2070,Radiology,"Analyzer, Medical Image"
K252634,2026-01-16,2026,Imagine® Enterprise Suite,Softlink International Private Limited,Radiology,QIH,,,,,,False,,,device_not_oncology,False,True,892.2050,Radiology,Automated Radiological Image Processing Software
K252934,2026-01-15,2026,Diagnocat,"DGNCT, LLC",Radiology,MYN,,,,,,False,,,device_not_oncology,False,True,892.2070,Radiology,"Analyzer, Medical Image"
K253023,2026-01-15,2026,BIOGRAPH One,Siemens Healthineers AG,Radiology,OUO,,,,,,False,,,device_not_oncology,False,True,892.1200,Radiology,Tomographic Imager Combining Emission Computed Tomography With Nuclear Magnetic Resonance
K252188,2026-01-15,2026,EMLA (Elekta Evo); EMLA (VersaHD); EMLA (Elekta Harmony Pro); EMLA (Elekta Infintiy); EMLA (Elekta Harmony); EMLA (Elekta Synergy),Elekta Solutions AB,Radiology,IYE,radiology,radiology_radiation_therapy,Cancer treatment planning,510(k),892.5050,True,device,medium,,False,True,892.5050,Radiology,"Accelerator, Linear, Medical"
K254001,2026-01-13,2026,VERITON CT 300 Series Digital SPECT/CT System (VERITON CT 316/364); VERITON CT 400 Series Digital SPECT/CT System (VERITON CT 416/464),"Spectrum Dynamics Medical, Ltd.",Radiology,KPS,,,,,,False,,,device_not_oncology,False,True,892.1200,Radiology,"System, Tomography, Computed, Emission"
K251558,2026-01-12,2026,Precision AI Surgical Planning System (PAI-SPS),"Precision AI Pty, Ltd.",Orthopedic,QHE,,,,,,False,,,code_unlisted_off_panel,False,True,888.3660,Orthopedic,Shoulder Arthroplasty Implantation System
K252842,2026-01-11,2026,SafeOp 3: Neural Informatix System,"Alphatec Spine, Inc.",Neurology,GWF,,,,,,False,,,code_unlisted_off_panel,False,True,882.1870,Neurology,"Stimulator, Electrical, Evoked Response"
K252589,2026-01-09,2026,Corvair Monza,"AliveCor, Inc.",Cardiovascular,MHX,,,,,,False,,,code_unlisted_off_panel,False,True,870.1025,Cardiovascular,"Monitor, Physiological, Patient(With Arrhythmia Detection Or Alarms)"
K253370,2026-01-08,2026,LOGIQ Totus,GE Medical Systems Ultrasound and Primary Care Diagnostics,Radiology,IYN,,,,,,False,,,device_not_oncology,False,True,892.1550,Radiology,"System, Imaging, Pulsed Doppler, Ultrasonic"
K253009,2026-01-07,2026,DS Core Detect,"Dentsply Sirona, Inc.",Radiology,MYN,,,,,,False,,,device_not_oncology,False,True,892.2070,Radiology,"Analyzer, Medical Image"
K252970,2026-01-07,2026,BriefCase-Triage: CARE Multi-triage CT Body,"Aidoc Medical , Ltd.",Radiology,QAS,,,,,,False,,,device_not_oncology,False,True,892.2080,Radiology,Radiological Computer-Assisted Triage And Notification Software
K253366,2026-01-07,2026,LOGIQ Fortis,GE Medical Systems Ultrasound and Primary Care Diagnostics,Radiology,IYN,,,,,,False,,,device_not_oncology,False,True,892.1550,Radiology,"System, Imaging, Pulsed Doppler, Ultrasonic"
K252018,2026-01-05,2026,HERA Z20 Diagnostic Ultrasound System; HERA Z20e Diagnostic Ultrasound System; HERA Z20s Diagnostic Ultrasound System; R20 Diagnostic Ultrasound System; HERA Z30 Diagnostic Ultrasound System; R30 Diagnostic Ultrasound System,"Samsung Medison Co., Ltd.",Radiology,IYN,,,,,,False,,,device_not_oncology,False,True,892.1550,Radiology,"System, Imaging, Pulsed Doppler, Ultrasonic"
K253532,2025-12-30,2025,TruSPECT Processing Station,"Spectrum Dynamics Medical, Ltd.",Radiology,QIH,,,,,,False,,,device_not_oncology,False,True,892.2050,Radiology,Automated Radiological Image Processing Software
K252379,2025-12-23,2025,AIR Recon DL,"Ge Medical Systems, LLC",Radiology,LNH,,,,,,False,,,device_not_oncology,False,True,892.1000,Radiology,"System, Nuclear Magnetic Resonance Imaging"
K253091,2025-12-23,2025,ART-Plan+ (v3.1.0),Therapanacea Sas,Radiology,MUJ,radiology,radiology_radiation_therapy,Cancer treatment planning,510(k),892.5050,True,device,high,,False,True,892.5050,Radiology,"System, Planning, Radiation Therapy Treatment"
K252856,2025-12-22,2025,PeekMed web,"Peek Health, S.A.",Radiology,QIH,,,,,,False,,,device_not_oncology,False,True,892.2050,Radiology,Automated Radiological Image Processing Software
K253664,2025-12-22,2025,SKOUT system,Iterative Health,Gastroenterology-Urology,QNP,,,,,,False,,,code_unlisted_off_panel,False,True,876.1520,"Gastroenterology, Urology",Gastrointesinal Lesion Software Detection System
K250959,2025-12-22,2025,BioticsAI,"Bioticsai, Inc.",Radiology,IYN,,,,,,False,,,device_not_oncology,False,True,892.1550,Radiology,"System, Imaging, Pulsed Doppler, Ultrasonic"
K252557,2025-12-22,2025,Lumify Diagnostic Ultrasound System,"Philips Ultrasound, LLC",Radiology,IYN,,,,,,False,,,device_not_oncology,False,True,892.1550,Radiology,"System, Imaging, Pulsed Doppler, Ultrasonic"
K252670,2025-12-19,2025,Alzevita,TOPIA MEDTECH LIMITED,Radiology,QIH,,,,,,False,,,device_not_oncology,False,True,892.2050,Radiology,Automated Radiological Image Processing Software
K252284,2025-12-19,2025,eMurmur Heart AI,Csd Labs,Cardiovascular,DQD,,,,,,False,,,code_unlisted_off_panel,False,True,870.1875,Cardiovascular,"Stethoscope, Electronic"
K252838,2025-12-19,2025,MAGNETOM Sola; MAGNETOM Altea; MAGNETOM Sola Fit; MAGNETOM Viato.Mobile; MAGNETOM Vida; MAGNETOM Lumina; MAGNETOM Vida Fit; MAGNETOM Flow.Elite; MAGNETOM Flow.Neo; MAGNETOM Flow.Rise,Siemens Healthcare GmbH,Radiology,LNH,,,,,,False,,,device_not_oncology,False,True,892.1000,Radiology,"System, Nuclear Magnetic Resonance Imaging"
K252029,2025-12-19,2025,AI-CVD,HeartLung Corporation,Radiology,QIH,,,,,,False,,,device_not_oncology,False,True,892.2050,Radiology,Automated Radiological Image Processing Software
K250914,2025-12-18,2025,MediAI-BA,"Crescom Co., Ltd.",Radiology,QIH,,,,,,False,,,device_not_oncology,False,True,892.2050,Radiology,Automated Radiological Image Processing Software
K253516,2025-12-18,2025,Assert-IQ (DM5100),Abbott Medical,Cardiovascular,MXD,,,,,,False,,,code_unlisted_off_panel,False,True,870.1025,Cardiovascular,"Recorder, Event, Implantable Cardiac, (With Arrhythmia Detection)"
K252235,2025-12-18,2025,PVAD IQ Software,"Ultrasight , Ltd.",Radiology,QIH,,,,,,False,,,device_not_oncology,False,True,892.2050,Radiology,Automated Radiological Image Processing Software
K251416,2025-12-17,2025,UltraSight Guidance,"Ultrasight , Ltd.",Radiology,QJU,,,,,,False,,,device_not_oncology,False,True,892.2100,Radiology,Image Acquisition And/Or Optimization Guided By Artificial Intelligence
K252922,2025-12-17,2025,Neosoma Brain Mets,"Neosoma, Inc.",Radiology,QIH,radiology,radiology_cancer_detection,Cancer detection and assessment,510(k),,True,device,high,,False,True,892.2050,Radiology,Automated Radiological Image Processing Software
K251763,2025-12-16,2025,IRISeg,"Intuitive Surgical, Inc.",Radiology,QIH,,,,,,False,,,device_unresolved,False,True,892.2050,Radiology,Automated Radiological Image Processing Software
K252204,2025-12-16,2025,prolaio eVO2peak Module (Version 1.0),"Prolaio, Inc.",Cardiovascular,PPW,,,,,,False,,,code_unlisted_off_panel,False,True,870.2200,Cardiovascular,Adjunctive Cardiovascular Status Indicator
K253489,2025-12-12,2025,Swoop® Portable MR Imaging® System,"Hyperfine, Inc.",Radiology,LNH,,,,,,False,,,device_not_oncology,False,True,892.1000,Radiology,"System, Nuclear Magnetic Resonance Imaging"
K252482,2025-12-11,2025,CogNet AI-MT+,"Medcognetics, Inc.",Radiology,QFM,radiology,radiology_cancer_detection,Cancer detection and assessment,510(k),,True,device,medium,,False,True,892.2080,Radiology,Radiological Computer-Assisted Prioritization Software For Lesions
K253141,2025-12-11,2025,DeepRhythmAI,Medicalgorithmics S.A.,Cardiovascular,DQK,,,,,,False,,,code_unlisted_off_panel,False,True,870.1425,Cardiovascular,"Computer, Diagnostic, Programmable"
K252497,2025-12-10,2025,SANSA HSAT,Huxley Medical,Anesthesiology,MNR,,,,,,False,,,code_unlisted_off_panel,False,True,868.2375,Anesthesiology,Ventilatory Effort Recorder
K243449,2025-12-09,2025,INFINITT DPS,"Infinitt Healthcare Co., Ltd.",Pathology,QKQ,,,,,,False,,,device_not_oncology,False,True,864.3700,Pathology,Digital Pathology Image Viewing And Management Software
K252294,2025-12-08,2025,Fetal EchoScan (v1.2),Brightheart,Radiology,POK,,,,,,False,,,device_not_oncology,False,True,892.2060,Radiology,Computer-Assisted Diagnostic Software For Lesions Suspicious For Cancer
K251936,2025-12-08,2025,Ceribell Delirium Monitor System,"Ceribell, Inc.",Neurology,NCG,,,,,,False,,,code_unlisted_off_panel,False,True,882.1440,Neurology,Neuropsychiatric Interpretative Electroencephalograph Assessment Aid
K251657,2025-12-05,2025,Personalized Therapy Comfort Settings (PTCS),ResMed Corp,Anesthesiology,BZD,,,,,,False,,,code_unlisted_off_panel,False,True,868.5905,Anesthesiology,"Ventilator, Non-Continuous (Respirator)"
K250780,2025-12-05,2025,ARTAssistant,"Manteia Technologies Co., Ltd.",Radiology,QKB,radiology,radiology_radiation_therapy,Cancer treatment planning,510(k),892.2050,True,device,high,,False,True,892.2050,Radiology,Radiological Image Processing Software For Radiation Therapy
K251514,2025-12-05,2025,Overjet CBCT Assist,"Overjet, Inc.",Radiology,QIH,,,,,,False,,,device_not_oncology,False,True,892.2050,Radiology,Automated Radiological Image Processing Software
K252504,2025-12-05,2025,Gastric Alimetry,"Alimetry , Ltd.",Gastroenterology-Urology,MYE,,,,,,False,,,code_unlisted_off_panel,False,True,876.1735,"Gastroenterology, Urology","System, Electrogastrography (Egg)"
K251203,2025-12-03,2025,AVIEW Lung Nodule CAD,"Coreline Soft Co.,Ltd",Radiology,OEB,radiology,radiology_cancer_detection,Cancer detection and assessment,510(k),892.2050,True,device,high,,False,True,892.2050,Radiology,"Lung Computed Tomography System, Computer-Aided Detection"
K252103,2025-12-02,2025,Acorn 3D Software (AC-SEG-4009); Acorn 3DP Model (AC-101-XX),Mighty Oak Medical,Radiology,QIH,,,,,,False,,,device_not_oncology,False,True,892.2050,Radiology,Automated Radiological Image Processing Software
K251370,2025-12-01,2025,Cartesion Prime (PCD-1000A/3) V10.21,Canon Medical Systems Corporation,Radiology,KPS,,,,,,False,,,device_not_oncology,False,True,892.1200,Radiology,"System, Tomography, Computed, Emission"
K252217,2025-11-28,2025,CT VScore+,"Canon Medical Informatics, Inc.",Radiology,JAK,,,,,,False,,,device_not_oncology,False,True,892.1750,Radiology,"System, X-Ray, Tomography, Computed"
K253269,2025-11-26,2025,OEC One CFD,"Ge Hualun Medical Systems Co. , Ltd.",Radiology,OXO,,,,,,False,,,device_not_oncology,False,True,892.1650,Radiology,"Image-Intensified Fluoroscopic X-Ray System, Mobile"
K250694,2025-11-25,2025,Scaida BrainCT-ICH (v1.0),Mlhealth 360,Radiology,QAS,,,,,,False,,,device_not_oncology,False,True,892.2080,Radiology,Radiological Computer-Assisted Triage And Notification Software
K253310,2025-11-25,2025,7600 Ultrasound System (MyLabC25); 7600 Ultrasound System (MyLabC30),"Esaote, S.P.A.",Radiology,IYN,,,,,,False,,,device_not_oncology,False,True,892.1550,Radiology,"System, Imaging, Pulsed Doppler, Ultrasonic"
K252328,2025-11-24,2025,Voluson Expert 18; Voluson Expert 20; Voluson Expert 22,Ge Medical Systems Ultrasound and Primary Care Diagnostics,Radiology,IYN,,,,,,False,,,device_not_oncology,False,True,892.1550,Radiology,"System, Imaging, Pulsed Doppler, Ultrasonic"
K252366,2025-11-24,2025,a2z-Unified-Triage,"A2z Radiology Ai, Inc.",Radiology,QAS,,,,,,False,,,device_not_oncology,False,True,892.2080,Radiology,Radiological Computer-Assisted Triage And Notification Software
K251293,2025-11-21,2025,CardioVision,Icardio.Ai,Cardiovascular,QUO,,,,,,False,,,code_unlisted_off_panel,False,True,870.2200,Cardiovascular,Adjunctive Heart Failure Status Indicator
K251506,2025-11-21,2025,Nelli (Version 7.11),Neuro Event Labs OY,Neurology,POS,,,,,,False,,,code_unlisted_off_panel,False,True,882.1580,Neurology,Physiological Signal Based Seizure Monitoring System
P130020/S005,2025-11-21,2025,Senographe Pristina 3D,GE Healthcare,Radiology,OTE,,,,,,False,,,device_not_oncology,False,True,,Unknown,Digital Breast Tomosynthesis
K251822,2025-11-20,2025,MAGNETOM Free.Max; MAGNETOM Free.Star,"Siemens Shenzhen Magnetic Resonance , Ltd.",Radiology,LNH,,,,,,False,,,device_not_oncology,False,True,892.1000,Radiology,"System, Nuclear Magnetic Resonance Imaging"
K252086,2025-11-17,2025,DTX Studio Assist,Nobel Biocare C/O Medicim NV,Radiology,MYN,,,,,,False,,,device_not_oncology,False,True,892.2070,Radiology,"Analyzer, Medical Image"
K252330,2025-11-17,2025,DeepRESP,Nox Medical Ehf,Neurology,OLZ,,,,,,False,,,code_unlisted_off_panel,False,True,882.1400,Neurology,Automatic Event Detection Software For Polysomnograph With Electroencephalograph
K250525,2025-11-14,2025,Second Opinion® Panoramic,"Pearl, Inc.",Radiology,MYN,,,,,,False,,,device_not_oncology,False,True,892.2070,Radiology,"Analyzer, Medical Image"
K251078,2025-11-14,2025,AutoDensity,Eos Imaging,Radiology,QIH,,,,,,False,,,device_not_oncology,False,True,892.2050,Radiology,Automated Radiological Image Processing Software
K252452,2025-11-12,2025,PeekMed web,"Peek Health, S.A.",Radiology,QIH,,,,,,False,,,device_not_oncology,False,True,892.2050,Radiology,Automated Radiological Image Processing Software
K250264,2025-11-07,2025,SugarBug (1.x),"Bench7, Inc.",Radiology,MYN,,,,,,False,,,device_not_oncology,False,True,892.2070,Radiology,"Analyzer, Medical Image"
K252041,2025-11-07,2025,Fibresolve (with PCCP),"Imvaria, Inc.",Radiology,QWO,,,,,,False,,,device_not_oncology,False,True,892.2085,Radiology,Radiology Software For Referral Of Findings Related To Fibrotic Lung Disease.
K253265,2025-11-06,2025,BriefCase-Triage,"Aidoc Medical , Ltd.",Radiology,QAS,,,,,,False,,,device_not_oncology,False,True,892.2080,Radiology,Radiological Computer-Assisted Triage And Notification Software
K250330,2025-11-03,2025,3mensio Workstation,Pie Medical Imaging BV,Radiology,QIH,,,,,,False,,,device_not_oncology,False,True,892.2050,Radiology,Automated Radiological Image Processing Software
K251532,2025-11-03,2025,Acorn 3D Software (AC-SEG-4009); Acorn 3DP Model (AC-101-XX),Mighty Oak Medical,Radiology,LLZ,,,,,,False,,,device_not_oncology,False,True,892.2050,Radiology,"System, Image Processing, Radiological"
K252074,2025-10-31,2025,"Aplio i900, Aplio i800 and Aplio i700 Software V9.0 Diagnostic Ultrasound System",Canon Medical Systems Corporation,Radiology,IYN,,,,,,False,,,device_not_oncology,False,True,892.1550,Radiology,"System, Imaging, Pulsed Doppler, Ultrasonic"
K250337,2025-10-30,2025,AiORTA - Plan,"ViTAA Medical Solutions, Inc.",Radiology,QIH,,,,,,False,,,device_not_oncology,False,True,892.2050,Radiology,Automated Radiological Image Processing Software
K251985,2025-10-29,2025,LOGIQ E10,Ge Medical Systems Ultrasound and Primary Care Diagnostics,Radiology,IYN,,,,,,False,,,device_not_oncology,False,True,892.1550,Radiology,"System, Imaging, Pulsed Doppler, Ultrasonic"
K251963,2025-10-29,2025,LOGIQ E10s,Ge Medical Systems Ultrasound and Primary Care Diagnostics,Radiology,IYN,,,,,,False,,,device_not_oncology,False,True,892.1550,Radiology,"System, Imaging, Pulsed Doppler, Ultrasonic"
K250882,2025-10-29,2025,SANSA HSAT,Huxley Medical,Anesthesiology,MNR,,,,,,False,,,code_unlisted_off_panel,False,True,868.2375,Anesthesiology,Ventilatory Effort Recorder
K251027,2025-10-27,2025,cvi42 Coronary Plaque Software Application,"Circle Cardiovascular Imaging, Inc.",Radiology,QIH,,,,,,False,,,device_not_oncology,False,True,892.2050,Radiology,Automated Radiological Image Processing Software
K251059,2025-10-24,2025,Syngo Carbon Clinicals (VA41),Siemens Healthineers AG,Radiology,QIH,,,,,,False,,,device_not_oncology,False,True,892.2050,Radiology,Automated Radiological Image Processing Software
K250288,2025-10-23,2025,TeraRecon Cardiovascular.Calcification.CT,"Terarecon,Inc.",Radiology,QIH,,,,,,False,,,device_not_oncology,False,True,892.2050,Radiology,Automated Radiological Image Processing Software
K252298,2025-10-22,2025,ANDI 2.0,"Imeka Solutions, Inc.",Radiology,QIH,,,,,,False,,,device_not_oncology,False,True,892.2050,Radiology,Automated Radiological Image Processing Software
K252665,2025-10-20,2025,brAIn Shoulder Positioning,Avatar Medical,Radiology,QIH,,,,,,False,,,device_not_oncology,False,True,892.2050,Radiology,Automated Radiological Image Processing Software
K251673,2025-10-17,2025,X9 Ultrasound System,"X9, Inc.",Radiology,SGH,,,,,,False,,,device_not_oncology,False,True,892.1560,Radiology,Ultrasound Imaging For Vascular Access For Hemodialysis
K251355,2025-10-17,2025,X1-FFR,"Spectrawave, Inc.",Radiology,QHA,,,,,,False,,,device_not_oncology,False,True,892.1600,Radiology,X-Ray Angiographic Imaging Based Coronary Vascular Simulation Software Device
K251602,2025-10-10,2025,"Alphenix, INFX-8000V/B, INFX-8000V/S, V9.6 with aEvolve Imaging",Canon Medical Systems Corporation,Radiology,OWB,,,,,,False,,,device_not_oncology,False,True,892.1650,Radiology,Interventional Fluoroscopic X-Ray System
K251082,2025-10-10,2025,HYDROS Robotic System (HY1000); HYDROS Handpiece (HH1000); HYDROS TRUS Probe (HU1000),Procept Biorobotics,General and Plastic Surgery,PZP,,,,,,False,,,code_unlisted_off_panel,False,True,876.4350,"General, Plastic Surgery",Fluid Jet Removal System
K251651,2025-10-09,2025,EPIQ Series Diagnostic Ultrasound System; Affiniti Series Diagnostic Ultrasound System,"Philips Ultrasound, LLC",Radiology,IYN,,,,,,False,,,device_not_oncology,False,True,892.1550,Radiology,"System, Imaging, Pulsed Doppler, Ultrasonic"
K252214,2025-10-07,2025,AIAS Cephalon,Metamorphosis GmbH,Radiology,QIH,,,,,,False,,,device_not_oncology,False,True,892.2050,Radiology,Automated Radiological Image Processing Software
K252007,2025-10-06,2025,BlineSlide,"Deep Breathe, Inc.",Radiology,QIH,,,,,,False,,,device_not_oncology,False,True,892.2050,Radiology,Automated Radiological Image Processing Software
K250662,2025-10-03,2025,Bunkerhill MAC,Bunkerhill Health,Radiology,JAK,,,,,,False,,,device_not_oncology,False,True,892.1750,Radiology,"System, X-Ray, Tomography, Computed"
K252178,2025-10-03,2025,MAGENTIQ-COLO (ME-APDS),"Magentiq Eye, Ltd.",Gastroenterology-Urology,QNP,,,,,,False,,,code_unlisted_off_panel,False,True,876.1520,"Gastroenterology, Urology",Gastrointesinal Lesion Software Detection System
K251639,2025-10-03,2025,xvision Spine system,"Augmedics, Ltd.",Neurology,SBF,,,,,,False,,,code_unlisted_off_panel,False,True,882.4560,Neurology,Orthopedic Augmented Reality
K250766,2025-10-02,2025,LungQ 4,Thirona BV,Radiology,JAK,,,,,,False,,,device_not_oncology,False,True,892.1750,Radiology,"System, X-Ray, Tomography, Computed"
K250023,2025-09-29,2025,SMART PCFD,Disior Ltd,Radiology,QIH,,,,,,False,,,device_not_oncology,False,True,892.2050,Radiology,Automated Radiological Image Processing Software
K252054,2025-09-29,2025,SpineAR SNAP (SyncAR Spine),"Surgical Theater, Inc.",Neurology,SBF,,,,,,False,,,code_unlisted_off_panel,False,True,882.4560,Neurology,Orthopedic Augmented Reality
K252105,2025-09-26,2025,Ligence Heart,"Ligence, UAB",Radiology,QIH,,,,,,False,,,device_not_oncology,False,True,892.2050,Radiology,Automated Radiological Image Processing Software
K252371,2025-09-25,2025,uMR 680,"Shanghai United Imaging Healthcare Co., Ltd.",Radiology,LNH,,,,,,False,,,device_not_oncology,False,True,892.1000,Radiology,"System, Nuclear Magnetic Resonance Imaging"
K251527,2025-09-25,2025,Brain WMH,Quantib BV,Radiology,QIH,,,,,,False,,,device_not_oncology,False,True,892.2050,Radiology,Automated Radiological Image Processing Software
K251483,2025-09-23,2025,SwiftSight-Brain,AIRS Medical Inc.,Radiology,QIH,,,,,,False,,,device_unresolved,False,True,892.2050,Radiology,Automated Radiological Image Processing Software
K251987,2025-09-23,2025,Rapid Aortic Measurements,"iSchemaView, Inc.",Radiology,QIH,,,,,,False,,,device_not_oncology,False,True,892.2050,Radiology,Automated Radiological Image Processing Software
K251167,2025-09-19,2025,uDR Aurora CX,"Shanghai United Imaging Healthcare Co., Ltd.",Radiology,KPR,,,,,,False,,,device_not_oncology,False,True,892.1680,Radiology,"System, X-Ray, Stationary"
K251002,2025-09-19,2025,Videa Dental AI,VideaHealth Inc.,Radiology,MYN,,,,,,False,,,device_not_oncology,False,True,892.2070,Radiology,"Analyzer, Medical Image"
K250649,2025-09-19,2025,Bunkerhill ECG-EF,BunkerHill Health,Cardiovascular,QYE,,,,,,False,,,code_unlisted_off_panel,False,True,870.2380,Cardiovascular,Reduced Ejection Fraction Machine Learning-Based Notification Software
K250369,2025-09-18,2025,Axial3D Insight,Axial Medical Printing Limited,Radiology,QIH,,,,,,False,,,device_unresolved,False,True,892.2050,Radiology,Automated Radiological Image Processing Software
K251386,2025-09-17,2025,ECHELON Synergy,Fujifilm Corporation,Radiology,LNH,,,,,,False,,,device_not_oncology,False,True,892.1000,Radiology,"System, Nuclear Magnetic Resonance Imaging"
K251221,2025-09-17,2025,Assert-IQ  (DM5000); Assert-IQ (DM5300); Assert-IQ (DM5500); Merlin.net (MN7000),Abbott,Cardiovascular,MXD,,,,,,False,,,code_unlisted_off_panel,False,True,870.1025,Cardiovascular,"Recorder, Event, Implantable Cardiac, (With Arrhythmia Detection)"
K250237,2025-09-15,2025,InferOperate Suite,"Beijing Infervision Healthcare Medical Technology Co., Ltd.",Radiology,QIH,,,,,,False,,,device_unresolved,False,True,892.2050,Radiology,Automated Radiological Image Processing Software
K252586,2025-09-12,2025,CADDIE,Odin Medical Limited,Gastroenterology-Urology,QNP,,,,,,False,,,code_unlisted_off_panel,False,True,876.1520,"Gastroenterology, Urology",Gastrointesinal Lesion Software Detection System
K251518,2025-09-12,2025,Volta AF-Xplorer II,Volta Medical,Cardiovascular,DQK,,,,,,False,,,code_unlisted_off_panel,False,True,870.1425,Cardiovascular,"Computer, Diagnostic, Programmable"
K251368,2025-09-12,2025,FETOLY,Diagnoly,Radiology,IYN,,,,,,False,,,device_not_oncology,False,True,892.1550,Radiology,"System, Imaging, Pulsed Doppler, Ultrasonic"
K252595,2025-09-12,2025,Stethophone Pro,"Sparrow Acoustics, Inc.",Cardiovascular,DQD,,,,,,False,,,code_unlisted_off_panel,False,True,870.1875,Cardiovascular,"Stethoscope, Electronic"
K251399,2025-09-11,2025,SIGNA Sprint,"GE Medical Systems, LLC",Radiology,LNH,,,,,,False,,,device_not_oncology,False,True,892.1000,Radiology,"System, Nuclear Magnetic Resonance Imaging"
K250507,2025-09-11,2025,Hypertension Notification Feature (HTNF),Apple Inc.,Cardiovascular,SFR,,,,,,False,,,code_unlisted_off_panel,False,True,870.2380,Cardiovascular,Hypertension Machine Learning-Based Notification Software
K251316,2025-09-11,2025,Mazor X System / Mazor X Stealth Edition,Mazor Robotics Ltd.,Neurology,OLO,,,,,,False,,,code_unlisted_off_panel,False,True,882.4560,Neurology,Orthopedic Stereotaxic Instrument
K244002,2025-09-10,2025,AngioWaveNet,"Angiowave Imaging, Inc.",Radiology,QIH,,,,,,False,,,device_not_oncology,False,True,892.2050,Radiology,Automated Radiological Image Processing Software
K251072,2025-09-09,2025,Segmentron Viewer,"DGNCT, LLC",Radiology,QIH,,,,,,False,,,device_not_oncology,False,True,892.2050,Radiology,Automated Radiological Image Processing Software
K251682,2025-09-09,2025,MuscleView 2.0,"Springbok, Inc. (dba Springbok Analytics)",Radiology,LNH,,,,,,False,,,device_not_oncology,False,True,892.1000,Radiology,"System, Nuclear Magnetic Resonance Imaging"
K251931,2025-09-08,2025,BioTraceIO Vision  (V1.7),Techsomed Medical Technologies,Radiology,QTZ,radiology,radiology_radiation_therapy,Cancer treatment planning,510(k),,True,device,high,,False,True,892.2050,Radiology,Radiological Image Processing Software For Ablation Therapy Planning And Evaluation
K251610,2025-09-08,2025,qER-CTA (v1.0),Qure.ai Technologies,Radiology,QAS,,,,,,False,,,device_not_oncology,False,True,892.2080,Radiology,Radiological Computer-Assisted Triage And Notification Software
K251533,2025-09-04,2025,"Rapid Obstructive Hydrocephalus, Rapid OH",iSchemaView Inc.,Radiology,QAS,,,,,,False,,,device_not_oncology,False,True,892.2080,Radiology,Radiological Computer-Assisted Triage And Notification Software
K250064,2025-09-04,2025,Dose+ (1.0),Mvision AI Oy,Radiology,MUJ,radiology,radiology_radiation_therapy,Cancer treatment planning,510(k),892.5050,True,device,high,,False,True,892.5050,Radiology,"System, Planning, Radiation Therapy Treatment"
K251656,2025-09-04,2025,Careverse CoronaryDoc (Careverse CoronaryDoc),Careverse Technology Pte. Ltd.,Radiology,QIH,,,,,,False,,,device_not_oncology,False,True,892.2050,Radiology,Automated Radiological Image Processing Software
K252539,2025-09-03,2025,Tempus Pixel,"Arterys, Inc.",Radiology,QIH,,,,,,False,,,device_unresolved,False,True,892.2050,Radiology,Automated Radiological Image Processing Software
K251408,2025-09-02,2025,OsteoSight Hip (v1),Naitive Technologies Ltd,Radiology,SAO,,,,,,False,,,device_not_oncology,False,True,892.1171,Radiology,Radiology Software For Opportunistic Evaluation Of Low Bone Mineral Density
K250753,2025-09-02,2025,VELMENI for DENTISTS (V4D),Velmeni Inc.,Radiology,MYN,,,,,,False,,,device_not_oncology,False,True,892.2070,Radiology,"Analyzer, Medical Image"
K251106,2025-08-29,2025,Sonosite LX and Sonosite PX Ultrasound Systems,Fujifilm Sonosite Inc,Radiology,IYN,,,,,,False,,,device_not_oncology,False,True,892.1550,Radiology,"System, Imaging, Pulsed Doppler, Ultrasonic"
K250003,2025-08-29,2025,GENESEEQPRIME NGS Tumor Profiling Assay (FFPE) (GS6005),Geneseeq Technology Inc.,Pathology,PZM,pathology,pathology,Digital pathology,510(k),866.6080,True,device,medium,,False,True,866.6080,Pathology,Next Generation Sequencing Based Tumor Profiling Test
K250290,2025-08-29,2025,SurgiTwin,Twinsight,Radiology,LLZ,,,,,,False,,,device_unresolved,False,True,892.2050,Radiology,"System, Image Processing, Radiological"
K243859,2025-08-29,2025,PRAEVAorta®2,Nurea,Radiology,QIH,,,,,,False,,,device_not_oncology,False,True,892.2050,Radiology,Automated Radiological Image Processing Software
K250788,2025-08-28,2025,Definium Tempo Select,"GE Hualun Medical Systems Co., Ltd",Radiology,KPR,,,,,,False,,,device_not_oncology,False,True,892.1680,Radiology,"System, X-Ray, Stationary"
K243687,2025-08-27,2025,Vital Signs,Oxehealth Limited,Cardiovascular,QME,,,,,,False,,,code_unlisted_off_panel,False,True,870.2785,Cardiovascular,"Software For Optical Camera-Based Measurement Of Pulse Rate, Heart Rate, Breathing Rate, And/Or Respiratory Rate"
K251983,2025-08-26,2025,Brainomix 360 Triage Stroke,Brainomix Limited,Radiology,QAS,,,,,,False,,,device_not_oncology,False,True,892.2080,Radiology,Radiological Computer-Assisted Triage And Notification Software
K252362,2025-08-22,2025,GBrain MRI,"Galileo CDS, Inc",Radiology,QIH,,,,,,False,,,device_unresolved,False,True,892.2050,Radiology,Automated Radiological Image Processing Software
K243685,2025-08-22,2025,MammoScreen BD,Therapixel,Radiology,QIH,,,,,,False,,,device_not_oncology,False,True,892.2050,Radiology,Automated Radiological Image Processing Software
K251029,2025-08-21,2025,"Vista OS, Vista AI Scan, RTHawk","Vista AI, Inc.",Radiology,LNH,,,,,,False,,,device_not_oncology,False,True,892.1000,Radiology,"System, Nuclear Magnetic Resonance Imaging"
K251590,2025-08-20,2025,Methinks CTA Stroke,Methinks Software S.L.,Radiology,QAS,,,,,,False,,,device_not_oncology,False,True,892.2080,Radiology,Radiological Computer-Assisted Triage And Notification Software
K251837,2025-08-20,2025,Salix Coronary Plaque (V1.0.0),Artrya Limited,Radiology,QIH,,,,,,False,,,device_not_oncology,False,True,892.2050,Radiology,Automated Radiological Image Processing Software
K251481,2025-08-20,2025,ACUSON Sequoia Diagnostic Ultrasound System; ACUSON Sequoia Select Diagnostic Ultrasound System; ACUSON Origin Diagnostic Ultrasound System; ACUSON Origin ICE Diagnostic Ultrasound System,"Siemens Medical Solutions USA, Inc.",Radiology,IYN,,,,,,False,,,device_not_oncology,False,True,892.1550,Radiology,"System, Imaging, Pulsed Doppler, Ultrasonic"
K251747,2025-08-15,2025,VEA Align; spineEOS,EOS imaging,Radiology,QIH,,,,,,False,,,device_not_oncology,False,True,892.2050,Radiology,Automated Radiological Image Processing Software
K250818,2025-08-15,2025,Nerveblox,Smart Alfa Teknoloji San. Ve Tic. A.S.,Anesthesiology,QRG,,,,,,False,,,code_unlisted_off_panel,False,True,868.1980,Anesthesiology,Ultrasound Guided Nerve Block Assist
K243851,2025-08-15,2025,CHLOE BLAST,Fairtility Ltd.,Obstetrics and Gynecology,PBH,,,,,,False,,,code_unlisted_off_panel,False,True,884.6195,Obstetrics/Gynecology,"Embryo Image Assessment System, Assisted Reproduction"
K250755,2025-08-12,2025,DS Core Diagnosis,Dentsply Sirona Inc.,Radiology,QIH,,,,,,False,,,device_not_oncology,False,True,892.2050,Radiology,Automated Radiological Image Processing Software
K251494,2025-08-12,2025,Eko Foundation Analysis Software with Transformers (EFAST),"Eko Health, Inc.",Cardiovascular,DQD,,,,,,False,,,code_unlisted_off_panel,False,True,870.1875,Cardiovascular,"Stethoscope, Electronic"
K251873,2025-08-11,2025,Saige-Dx,"DeepHealth, Inc.",Radiology,QDQ,radiology,radiology_cancer_detection,Cancer detection and assessment,510(k),892.2090,True,device,high,,False,True,892.2090,Radiology,Radiological Computer Assisted Detection/Diagnosis Software For Lesions Suspicious For Cancer
K251629,2025-08-07,2025,UNiD Spine Analyzer,Medicrea International S.A.S. (Medtronic),Radiology,QIH,,,,,,False,,,device_not_oncology,False,True,892.2050,Radiology,Automated Radiological Image Processing Software
K250569,2025-08-06,2025,Cardiologs Holter Platform,Philips France Commercial,Cardiovascular,DPS,,,,,,False,,,code_unlisted_off_panel,False,True,870.2340,Cardiovascular,Electrocardiograph
K250246,2025-08-05,2025,uMR Jupiter,"Shanghai United Imaging Healthcare Co., Ltd.",Radiology,LNH,,,,,,False,,,device_not_oncology,False,True,892.1000,Radiology,"System, Nuclear Magnetic Resonance Imaging"
K250941,2025-08-01,2025,Revolution Vibe,"GE Medical Systems, LLC",Radiology,JAK,,,,,,False,,,device_not_oncology,False,True,892.1750,Radiology,"System, X-Ray, Tomography, Computed"
K243341,2025-07-31,2025,Genius AI Detection 2.0,"Hologic, Inc.",Radiology,QDQ,radiology,radiology_cancer_detection,Cancer detection and assessment,510(k),892.2090,True,device,high,,False,True,892.2090,Radiology,Radiological Computer Assisted Detection/Diagnosis Software For Lesions Suspicious For Cancer
K250738,2025-07-31,2025,YSIO X.pree,Siemens Medical Solutions,Radiology,KPR,,,,,,False,,,device_not_oncology,False,True,892.1680,Radiology,"System, X-Ray, Stationary"
DEN240068,2025-07-31,2025,ArteraAI Prostate,Artera Inc.,Pathology,SFH,pathology,pathology,Digital pathology,De Novo,864.3755,True,device,high,,False,True,864.3755,Pathology,Pathology Software Algorithm Device Analyzing Digital Images For Cancer Prognosis
K243919,2025-07-30,2025,Voxel Dosimetry (00859873006226),Hermes Medical Solutions AB,Radiology,QIH,radiology,radiology_radiation_therapy,Cancer treatment planning,510(k),,True,device,medium,,False,True,892.2050,Radiology,Automated Radiological Image Processing Software
K250652,2025-07-28,2025,ECG-AI Low Ejection Fraction (LEF) 12-Lead algorithm (1010),"Anumana, Inc.",Cardiovascular,QYE,,,,,,False,,,code_unlisted_off_panel,False,True,870.2380,Cardiovascular,Reduced Ejection Fraction Machine Learning-Based Notification Software
K251322,2025-07-25,2025,Venue; Venue Go; Venue Fit; Venue Sprint,"GE Medical Systems Ultrasound and Primary care Diagnostics,",Radiology,IYN,,,,,,False,,,device_not_oncology,False,True,892.1550,Radiology,"System, Imaging, Pulsed Doppler, Ultrasonic"
K251455,2025-07-24,2025,EPIQ Series Diagnostic Ultrasound System; Affiniti Series Diagnostic Ultrasound System,Philips Ultrasound LLC,Radiology,IYN,,,,,,False,,,device_not_oncology,False,True,892.1550,Radiology,"System, Imaging, Pulsed Doppler, Ultrasonic"
K243681,2025-07-23,2025,Neuro Insight V1.0,Olea Medical S.A.S.,Radiology,LLZ,,,,,,False,,,device_unresolved,False,True,892.2050,Radiology,"System, Image Processing, Radiological"
K250901,2025-07-22,2025,"Vantage Fortian/Orian 1.5T, MRT-1550, V10.0 with AiCE Reconstruction Processing Unit for MR",Canon Medical Systems Corporation,Radiology,LNH,,,,,,False,,,device_not_oncology,False,True,892.1000,Radiology,"System, Nuclear Magnetic Resonance Imaging"
K250686,2025-07-22,2025,GyriCalc (Version 1.0.0),NeuroSpectrum Insights Corp.,Radiology,LLZ,,,,,,False,,,device_not_oncology,False,True,892.2050,Radiology,"System, Image Processing, Radiological"
K250902,2025-07-18,2025,HeartFlow Analysis,"HeartFlow, Inc.",Cardiovascular,PJA,,,,,,False,,,code_unlisted_off_panel,False,True,870.1415,Cardiovascular,Coronary Vascular Physiologic Simulation Software
K250999,2025-07-18,2025,V8 Diagnostic Ultrasound System; cV8 Diagnostic Ultrasound System; V7 Diagnostic Ultrasound System; cV7 Diagnostic Ultrasound System; V6 Diagnostic Ultrasound System; cV6 Diagnostic Ultrasound System; V5 Diagnostic Ultrasound System; cV5 Diagnostic Ultrasound System; V4 Diagnostic Ultrasound System; cV4 Diagnostic Ultrasound System,"Samsung Medison Co., Ltd.",Radiology,IYN,,,,,,False,,,device_not_oncology,False,True,892.1550,Radiology,"System, Imaging, Pulsed Doppler, Ultrasonic"
K243547,2025-07-17,2025,uMR Ultra,"Shanghai United Imaging Healthcare Co., Ltd.",Radiology,LNH,,,,,,False,,,device_not_oncology,False,True,892.1000,Radiology,"System, Nuclear Magnetic Resonance Imaging"
K251839,2025-07-17,2025,uMI Panvivo (uMI Panvivo); uMI Panvivo (uMI Panvivo S),"Shanghai United Imaging Healthcare Co., Ltd.",Radiology,KPS,,,,,,False,,,device_not_oncology,False,True,892.1200,Radiology,"System, Tomography, Computed, Emission"
K243397,2025-07-16,2025,uMR 680,"Shanghai United Imaging Healthcare Co., Ltd.",Radiology,LNH,,,,,,False,,,device_not_oncology,False,True,892.1000,Radiology,"System, Nuclear Magnetic Resonance Imaging"
K251151,2025-07-16,2025,Rapid CTA 360,iSchemaView,Radiology,QAS,,,,,,False,,,device_not_oncology,False,True,892.2080,Radiology,Radiological Computer-Assisted Triage And Notification Software
K251342,2025-07-16,2025,EchoPAC Software Only / EchoPAC Plug-in,GE Medical Systems Ultrasound and Primary Care Diagnostics,Radiology,QIH,,,,,,False,,,device_not_oncology,False,True,892.2050,Radiology,Automated Radiological Image Processing Software
K250119,2025-07-15,2025,Tempus ECG-Low EF,"Tempus AI, Inc.",Cardiovascular,QYE,,,,,,False,,,code_unlisted_off_panel,False,True,870.2380,Cardiovascular,Reduced Ejection Fraction Machine Learning-Based Notification Software
K251096,2025-07-14,2025,PeekMed web,"Peek Health, S.A.",Radiology,QIH,,,,,,False,,,device_not_oncology,False,True,892.2050,Radiology,Automated Radiological Image Processing Software
K250660,2025-07-14,2025,LUMINOS Q.namix T; LUMINOS Q.namix R,Siemens Medical Solutions,Radiology,OWB,,,,,,False,,,device_not_oncology,False,True,892.1650,Radiology,Interventional Fluoroscopic X-Ray System
K251169,2025-07-10,2025,Vivid Pioneer,GE Medical Systems Ultrasound and Primary Care Diagnostics,Radiology,IYN,,,,,,False,,,device_not_oncology,False,True,892.1550,Radiology,"System, Imaging, Pulsed Doppler, Ultrasonic"
K251766,2025-07-08,2025,TumorSight Viz,"SimBioSys, Inc.",Radiology,QIH,radiology,radiology_cancer_detection,Cancer detection and assessment,510(k),,True,device,high,,False,True,892.2050,Radiology,Automated Radiological Image Processing Software
K243884,2025-07-07,2025,TAVIPILOT,Caranx Medical,Radiology,OWB,,,,,,False,,,device_not_oncology,False,True,892.1650,Radiology,Interventional Fluoroscopic X-Ray System
K243679,2025-07-03,2025,MammoScreen® (4),Therapixel,Radiology,QDQ,radiology,radiology_cancer_detection,Cancer detection and assessment,510(k),892.2090,True,device,high,,False,True,892.2090,Radiology,Radiological Computer Assisted Detection/Diagnosis Software For Lesions Suspicious For Cancer
K251528,2025-07-03,2025,syngo.via MI Workflows; Scenium; syngo MBF,"Siemens Medical Solutions USA, Inc.",Radiology,QIH,,,,,,False,,,device_unresolved,False,True,892.2050,Radiology,Automated Radiological Image Processing Software
K250221,2025-07-01,2025,StrokeSENS ASPECTS Software Application,Circle Cardiovascular Imaging Inc.,Radiology,POK,,,,,,False,,,device_not_oncology,False,True,892.2060,Radiology,Computer-Assisted Diagnostic Software For Lesions Suspicious For Cancer
K243779,2025-07-01,2025,Bunkerhill Abdominal Aortic Quantification (AAQ),BunkerHill Health,Radiology,QIH,,,,,,False,,,device_not_oncology,False,True,892.2050,Radiology,Automated Radiological Image Processing Software
K250096,2025-07-01,2025,Felix NeuroAI  System,Fasikl Incorporated,Neurology,QBC,,,,,,False,,,code_unlisted_off_panel,False,True,882.5897,Neurology,External Upper Limb Tremor Stimulator
K250484,2025-06-30,2025,PIUR tUS inside,PIUR Imaging GmbH,Radiology,QIH,,,,,,False,,,device_not_oncology,False,True,892.2050,Radiology,Automated Radiological Image Processing Software
K243647,2025-06-30,2025,Synapse PACS (7.5),FUJIFILM Healthcare Americas Corporation,Radiology,QIH,,,,,,False,,,device_not_oncology,False,True,892.2050,Radiology,Automated Radiological Image Processing Software
K250670,2025-06-30,2025,EchoConfidence (USA),Mycardium AI Limited,Radiology,QIH,,,,,,False,,,device_not_oncology,False,True,892.2050,Radiology,Automated Radiological Image Processing Software
K250984,2025-06-27,2025,Maestro System (REF100),Moon Surgical,Gastroenterology-Urology,QZB,,,,,,False,,,code_unlisted_off_panel,False,True,876.1500,"Gastroenterology, Urology",Software Controlled Endoscope And Instrument Holder
K243144,2025-06-27,2025,X100/X100HT with Full Field Peripheral Blood Smear (PBS) Application,"Scopio Labs , Ltd.",Hematology,JOY,,,,,,False,,,code_unlisted_off_panel,False,True,864.5260,Hematology,"Device, Automated Cell-Locating"
K250268,2025-06-24,2025,HyperSnap Surgical System (HSS),Hypervision Surgical,Gastroenterology-Urology,SFE,,,,,,False,,,code_unlisted_off_panel,False,True,876.1500,"Gastroenterology, Urology",Endoscopic Video Imaging System / Software Component For Real Time Video Augmentation
K250877,2025-06-20,2025,TMINI Miniature Robotic System,"THINK Surgical, Inc.",Neurology,OLO,,,,,,False,,,code_unlisted_off_panel,False,True,882.4560,Neurology,Orthopedic Stereotaxic Instrument
K250151,2025-06-20,2025,Us2.ca,Eko.Ai Pte Ltd. D/B/A Us2.Ai,Cardiovascular,SDJ,,,,,,False,,,code_unlisted_off_panel,False,True,870.2200,Cardiovascular,Adjunctive Cardiac Amyloidosis Status Indicator
K250515,2025-06-19,2025,EpiMonitor,Empatica  Srl,Neurology,POS,,,,,,False,,,code_unlisted_off_panel,False,True,882.1580,Neurology,Physiological Signal Based Seizure Monitoring System
K250886,2025-06-18,2025,EPIQ Series Diagnostic Ultrasound Systems; Affiniti Series Diagnostic Ultrasound Systems,Philips Ultrasound LLC,Radiology,IYN,,,,,,False,,,device_not_oncology,False,True,892.1550,Radiology,"System, Imaging, Pulsed Doppler, Ultrasonic"
K243253,2025-06-18,2025,6600 Ultrasound System (MyLabA50); 6600 Ultrasound System (MyLabA70),Esaote S.p.A.,Radiology,IYN,,,,,,False,,,device_not_oncology,False,True,892.1550,Radiology,"System, Imaging, Pulsed Doppler, Ultrasonic"
K243672,2025-06-18,2025,CardIQ Suite,GE Medical Systems SCS,Radiology,JAK,,,,,,False,,,device_not_oncology,False,True,892.1750,Radiology,"System, X-Ray, Tomography, Computed"
K250440,2025-06-17,2025,"RT Elements  (4.5); (Elements) Multiple Brain Mets SRS; (Elements) Cranial SRS; (Elements) Spine SRS; (Elements) Cranial SRS w/ Cones; (Elements) RT Planning Platform; (Elements) Dose Review; (Elements) Retreatment Review; Elements Segmentation [Cranial , Basal Ganglia, Head & Neck, Pelvic, Spine, Thoracic & Spine, Extracranial] RT; Elements AI Tumor Segmentation RT; Elements SmartBrush [Angio, Spine] RT; Elements Object Management RT",Brainlab AG,Radiology,MUJ,radiology,radiology_radiation_therapy,Cancer treatment planning,510(k),892.5050,True,device,high,,False,True,892.5050,Radiology,"System, Planning, Radiation Therapy Treatment"
K250436,2025-06-16,2025,MAGNETOM Flow.Ace; MAGNETOM Flow.Plus,"Siemens Shenzhen Magnetic Resonance , Ltd.",Radiology,LNH,,,,,,False,,,device_not_oncology,False,True,892.1000,Radiology,"System, Nuclear Magnetic Resonance Imaging"
K250443,2025-06-16,2025,MAGNETOM Avanto Fit; MAGNETOM Skyra Fit; MAGNETOM Sola Fit; MAGNETOM Viato.Mobile,Siemens Healthcare GmbH,Radiology,LNH,,,,,,False,,,device_not_oncology,False,True,892.1000,Radiology,"System, Nuclear Magnetic Resonance Imaging"
K250685,2025-06-16,2025,Methinks NCCT Stroke,Methinks Software S.L.,Radiology,QAS,,,,,,False,,,device_not_oncology,False,True,892.2080,Radiology,Radiological Computer-Assisted Triage And Notification Software
K240795,2025-06-15,2025,Withings ECG App,Withings,Cardiovascular,QDA,,,,,,False,,,code_unlisted_off_panel,False,True,870.2345,Cardiovascular,Electrocardiograph Software For Over-The-Counter Use
K243633,2025-06-13,2025,Brainlab Elements (7.0); Brainlab Elements Image Fusion (5.0); Brainlab Elements Image Fusion Angio (1.0); Brainlab Elements Contouring (5.0); Brainlab Elements Fibertracking (3.0); Brainlab Elements BOLD MRI Mapping (1.0),Brainlab AG,Radiology,QIH,,,,,,False,,,device_unresolved,False,True,892.2050,Radiology,Automated Radiological Image Processing Software
K243234,2025-06-12,2025,Second Opinion® CS,Pearl Inc.,Radiology,MYN,,,,,,False,,,device_not_oncology,False,True,892.2070,Radiology,"Analyzer, Medical Image"
K251153,2025-06-12,2025,Aurora,GE Medical Systems Israel,Radiology,KPS,,,,,,False,,,device_not_oncology,False,True,892.1200,Radiology,"System, Tomography, Computed, Emission"
K250354,2025-06-10,2025,"Viz Subdural+, Viz SUBDURAL PLUS","Viz.ai, Inc.",Radiology,QIH,,,,,,False,,,device_not_oncology,False,True,892.2050,Radiology,Automated Radiological Image Processing Software
K251009,2025-06-06,2025,Cirrus Resting State fMRI Software,"Sora Neuroscience, Inc.",Radiology,QIH,,,,,,False,,,device_unresolved,False,True,892.2050,Radiology,Automated Radiological Image Processing Software
K242737,2025-06-06,2025,Empatica Health Monitoring Platform; EmbracePlus; Empatica Care; Care Portal,Empatica S.R.L.,Cardiovascular,MWI,,,,,,False,,,code_unlisted_off_panel,False,True,870.2300,Cardiovascular,"Monitor, Physiological, Patient (Without Arrhythmia Detection Or Alarms)"
K251456,2025-06-05,2025,BrightHeart View Classifier,BrightHeart,Radiology,QIH,,,,,,False,,,device_not_oncology,False,True,892.2050,Radiology,Automated Radiological Image Processing Software
K243667,2025-06-05,2025,Sonic DL,"GE Medical Systems, LLC",Radiology,LNH,,,,,,False,,,device_not_oncology,False,True,892.1000,Radiology,"System, Nuclear Magnetic Resonance Imaging"
K251397,2025-06-04,2025,"Ingenia, Ingenia CX, Ingenia Elition, Ingenia Ambition, BlueSeal, MR 5300 and MR 7700 MR System",Philips Medical Systems Nederland B.V.,Radiology,LNH,,,,,,False,,,device_not_oncology,False,True,892.1000,Radiology,"System, Nuclear Magnetic Resonance Imaging"
K243810,2025-06-04,2025,TraumaCad Neo (1.1),Brainlab Ltd.,Radiology,QIH,,,,,,False,,,device_not_oncology,False,True,892.2050,Radiology,Automated Radiological Image Processing Software
K250749,2025-06-04,2025,PhysCade System,"PhysCade, Inc.",Cardiovascular,DQK,,,,,,False,,,code_unlisted_off_panel,False,True,870.1425,Cardiovascular,"Computer, Diagnostic, Programmable"
K243005,2025-05-30,2025,AudaxCeph Cephalogram Analysis Software,Audax d.o.o.,Radiology,QIH,,,,,,False,,,device_not_oncology,False,True,892.2050,Radiology,Automated Radiological Image Processing Software
K250236,2025-05-30,2025,Swoop® Portable MR Imaging® System (V2),"Hyperfine, Inc.",Radiology,LNH,,,,,,False,,,device_not_oncology,False,True,892.1000,Radiology,"System, Nuclear Magnetic Resonance Imaging"
K243863,2025-05-30,2025,Opulus Lymphoma Precision,"Roche Molecular Systems, Inc.",Radiology,QIH,radiology,radiology_cancer_detection,Cancer detection and assessment,510(k),,True,device,high,,False,True,892.2050,Radiology,Automated Radiological Image Processing Software
DEN240047,2025-05-30,2025,Allix5,"Clairity, Inc.",Radiology,SEZ,radiology,radiology_cancer_detection,Cancer detection and assessment,De Novo,892.8500,True,device,high,,False,True,892.8500,Radiology,Radiological Software Device To Predict Future Breast Cancer Risk
K251406,2025-05-30,2025,BriefCase-Triage,"Aidoc Medical, Ltd.",Radiology,QAS,,,,,,False,,,device_not_oncology,False,True,892.2080,Radiology,Radiological Computer-Assisted Triage And Notification Software
K242830,2025-05-30,2025,LensHooke X3 PRO Semen Quality Analyzer; LensHooke X3 PRO SE Semen Quality Analyzer,"Bonraybio Co., LTD.",Hematology,POV,,,,,,False,,,code_unlisted_off_panel,False,True,864.5220,Hematology,Semen Analysis Device
K250543,2025-05-29,2025,Voluson Performance 16; Voluson Performance 18,GE Medical Systems Ultrasound and Primary care Diagnostics,Radiology,IYN,,,,,,False,,,device_not_oncology,False,True,892.1550,Radiology,"System, Imaging, Pulsed Doppler, Ultrasonic"
K250367,2025-05-28,2025,CoLumboX,Smart Soft Healthcare AD,Radiology,QIH,,,,,,False,,,device_not_oncology,False,True,892.2050,Radiology,Automated Radiological Image Processing Software
K250427,2025-05-28,2025,TAIMedImg DeepMets,"Taiwan Medical Imaging Co., Ltd.",Radiology,QKB,radiology,radiology_radiation_therapy,Cancer treatment planning,510(k),892.2050,True,device,high,,False,True,892.2050,Radiology,Radiological Image Processing Software For Radiation Therapy
K243378,2025-05-28,2025,Rapid MLS,iSchemaview Inc.,Radiology,QIH,,,,,,False,,,device_not_oncology,False,True,892.2050,Radiology,Automated Radiological Image Processing Software
K250932,2025-05-27,2025,DeepRhythmAI,Medicalgorithmics S.A.,Cardiovascular,DQK,,,,,,False,,,code_unlisted_off_panel,False,True,870.1425,Cardiovascular,"Computer, Diagnostic, Programmable"
K243937,2025-05-23,2025,Accuro 3S,"Rivanna Medical, Inc.",Radiology,IYO,,,,,,False,,,device_not_oncology,False,True,892.1560,Radiology,"System, Imaging, Pulsed Echo, Ultrasonic"
K242594,2025-05-23,2025,DEEPECHO,DeepEcho,Radiology,IYN,,,,,,False,,,device_not_oncology,False,True,892.1550,Radiology,"System, Imaging, Pulsed Doppler, Ultrasonic"
K250005,2025-05-23,2025,Clever One,"Ewoosoft Co., Ltd",Radiology,QIH,,,,,,False,,,device_not_oncology,False,True,892.2050,Radiology,Automated Radiological Image Processing Software
K243989,2025-05-23,2025,Second Opinion® 3D,"Pearl, Inc.",Radiology,QIH,,,,,,False,,,device_not_oncology,False,True,892.2050,Radiology,Automated Radiological Image Processing Software
K243793,2025-05-21,2025,EPIQ Series Diagnostic Ultrasound System; Affiniti Series Diagnostic Ultrasound System,Philips Ultrasound LLC,Radiology,IYN,,,,,,False,,,device_not_oncology,False,True,892.1550,Radiology,"System, Imaging, Pulsed Doppler, Ultrasonic"
K243762,2025-05-21,2025,Synapse 3D Base Tools (V7.0),FUJIFILM Corporation,Radiology,QIH,,,,,,False,,,device_not_oncology,False,True,892.2050,Radiology,Automated Radiological Image Processing Software
K243866,2025-05-21,2025,InVision Precision Cardiac Amyloid,InVision Medical Technology Corporation,Cardiovascular,SDJ,,,,,,False,,,code_unlisted_off_panel,False,True,870.2200,Cardiovascular,Adjunctive Cardiac Amyloidosis Status Indicator
K243122,2025-05-21,2025,uMR Omega,"Shanghai United Imaging Healthcare Co., Ltd.",Radiology,LNH,,,,,,False,,,device_not_oncology,False,True,892.1000,Radiology,"System, Nuclear Magnetic Resonance Imaging"
K251276,2025-05-21,2025,Swoop® Portable MR Imaging® System,"Hyperfine, Inc.",Radiology,LNH,,,,,,False,,,device_not_oncology,False,True,892.1000,Radiology,"System, Nuclear Magnetic Resonance Imaging"
K250370,2025-05-20,2025,SCENARIA View Phase 5.0,FUJIFILM Corporation,Radiology,JAK,,,,,,False,,,device_not_oncology,False,True,892.1750,Radiology,"System, X-Ray, Tomography, Computed"
K243617,2025-05-16,2025,uCT ATLAS Astound with uWS-CT-Dual Energy Analysis; uCT ATLAS with uWS-CT-Dual Energy Analysis,"Shanghai United Imaging Healthcare Co.,Ltd.",Radiology,JAK,,,,,,False,,,device_not_oncology,False,True,892.1750,Radiology,"System, X-Ray, Tomography, Computed"
K241671,2025-05-16,2025,6450 Ultrasound System (MyLabE80); 6450 Ultrasound System (MyLabE85),Esaote S.p.A.,Radiology,IYN,,,,,,False,,,device_not_oncology,False,True,892.1550,Radiology,"System, Imaging, Pulsed Doppler, Ultrasonic"
K250086,2025-05-16,2025,OTS Hip,Ortoma AB,Neurology,OLO,,,,,,False,,,code_unlisted_off_panel,False,True,882.4560,Neurology,Orthopedic Stereotaxic Instrument
K240554,2025-05-16,2025,InferRead Lung CT.AI,"Infervision Medical Technology Co., Ltd.",Radiology,OEB,radiology,radiology_cancer_detection,Cancer detection and assessment,510(k),892.2050,True,device,high,,False,True,892.2050,Radiology,"Lung Computed Tomography System, Computer-Aided Detection"
K242437,2025-05-14,2025,Smile Dx®,"Cube Click, Inc.",Radiology,MYN,,,,,,False,,,device_not_oncology,False,True,892.2070,Radiology,"Analyzer, Medical Image"
K242624,2025-05-14,2025,Medical Image Post-processing Software (uOmnispace.CT),"Shanghai United Imaging Healthcare Co., Ltd.",Radiology,QIH,,,,,,False,,,device_not_oncology,False,True,892.2050,Radiology,Automated Radiological Image Processing Software
K243812,2025-05-09,2025,Volta AF-Xplorer,Volta Medical,Cardiovascular,DQK,,,,,,False,,,code_unlisted_off_panel,False,True,870.1425,Cardiovascular,"Computer, Diagnostic, Programmable"
K242388,2025-05-09,2025,LensHooke X12 PRO Semen Analysis System,"Bonraybio Co., LTD.",Hematology,POV,,,,,,False,,,code_unlisted_off_panel,False,True,864.5220,Hematology,Semen Analysis Device
K251110,2025-05-09,2025,EPIQ Series Diagnostic Ultrasound Systems; Affiniti Series Diagnostic Ultrasound Systems,Philips Ultrasound LLC,Radiology,IYN,,,,,,False,,,device_not_oncology,False,True,892.1550,Radiology,"System, Imaging, Pulsed Doppler, Ultrasonic"
K251126,2025-05-09,2025,SKOUT system,Iterative Health,Gastroenterology-Urology,QNP,,,,,,False,,,code_unlisted_off_panel,False,True,876.1520,"Gastroenterology, Urology",Gastrointesinal Lesion Software Detection System
K243230,2025-05-09,2025,Second Opinion® BLE,Pearl Inc.,Radiology,QIH,,,,,,False,,,device_not_oncology,False,True,892.2050,Radiology,Automated Radiological Image Processing Software
K250226,2025-05-08,2025,Clarius Median Nerve AI,Clarius Mobile Health Corp.,Radiology,QIH,,,,,,False,,,device_not_oncology,False,True,892.2050,Radiology,Automated Radiological Image Processing Software
K243684,2025-05-07,2025,BrightHeart View Classifier,BrightHeart,Radiology,QIH,,,,,,False,,,device_not_oncology,False,True,892.2050,Radiology,Automated Radiological Image Processing Software
K243893,2025-05-05,2025,Second Opinion® Pediatric,"Pearl, Inc.",Radiology,MYN,,,,,,False,,,device_not_oncology,False,True,892.2070,Radiology,"Analyzer, Medical Image"
K251071,2025-05-02,2025,Fetal EchoScan (v1.1),BrightHeart,Radiology,POK,,,,,,False,,,device_not_oncology,False,True,892.2060,Radiology,Computer-Assisted Diagnostic Software For Lesions Suspicious For Cancer
K242583,2025-05-02,2025,AT-Patch (ATP-C130/ATP-C70),"ATsens Co.,Ltd.",Cardiovascular,DSH,,,,,,False,,,code_unlisted_off_panel,False,True,870.2800,Cardiovascular,"Recorder, Magnetic Tape, Medical"
K250087,2025-05-01,2025,Vscan Air,GE Medical Systems Ultrasound and Primary Care Diagnostics,Radiology,IYN,,,,,,False,,,device_not_oncology,False,True,892.1550,Radiology,"System, Imaging, Pulsed Doppler, Ultrasonic"
P230022,2025-04-30,2025,"Jewel Patch Wearable Cardioverter Defibrillator (P-WCD) (Jewel), Jewel P-WCD Firmware, Device Accessories Skin Preparati","Element Science, Inc.",Cardiovascular,MVK,,,,,,False,,,code_unlisted_off_panel,False,True,,Unknown,Wearable Automated External Defibrillator
K250328,2025-04-30,2025,UltraExtend NX CUW-U001S V2.0 Ultrasound Image Analysis Program,Canon Medical Systems Corporation,Radiology,QIH,,,,,,False,,,device_not_oncology,False,True,892.2050,Radiology,Automated Radiological Image Processing Software
K243376,2025-04-28,2025,uAngio AVIVA CX,"Shanghai United Imaging Healthcare Co.,Ltd.",Radiology,OWB,,,,,,False,,,device_not_oncology,False,True,892.1650,Radiology,Interventional Fluoroscopic X-Ray System
K243239,2025-04-24,2025,Lung AI (LAI001),Exo Inc,Radiology,MYN,,,,,,False,,,device_not_oncology,False,True,892.2070,Radiology,"Analyzer, Medical Image"
K250831,2025-04-23,2025,Annalise Enterprise,Annalise-AI,Radiology,QFM,,,,,,False,,,device_unresolved,False,True,892.2080,Radiology,Radiological Computer-Assisted Prioritization Software For Lesions
K243651,2025-04-21,2025,VersaViewer,GE Medical Systems SCS,Radiology,LLZ,,,,,,False,,,device_not_oncology,False,True,892.2050,Radiology,"System, Image Processing, Radiological"
K243878,2025-04-17,2025,CLARUS (700),"Carl Zeiss Meditec, Inc.",Ophthalmic,QER,,,,,,False,,,code_unlisted_off_panel,False,True,886.1120,Ophthalmic,"Camera, Ophthalmic, Slit-Scanning"
K242129,2025-04-17,2025,VitalRhythm,"VitalConnect, Inc.",Cardiovascular,DQK,,,,,,False,,,code_unlisted_off_panel,False,True,870.1425,Cardiovascular,"Computer, Diagnostic, Programmable"
K242500,2025-04-16,2025,LARALAB,LARALAB GmbH,Radiology,QIH,,,,,,False,,,device_not_oncology,False,True,892.2050,Radiology,Automated Radiological Image Processing Software
K243853,2025-04-16,2025,Clarius Prostate AI,Clarius Mobile Health Corp.,Radiology,QIH,,,,,,False,,,device_not_oncology,False,True,892.2050,Radiology,Automated Radiological Image Processing Software
K250650,2025-04-15,2025,SpotLight / SpotLight Duo with Low Dose Lung Cancer Screening Option,Arineta Ltd.,Radiology,JAK,,,,,,False,,,device_not_oncology,False,True,892.1750,Radiology,"System, X-Ray, Tomography, Computed"
K250416,2025-04-11,2025,GBrain MRI,"Galileo CDS, Inc",Radiology,QIH,,,,,,False,,,device_unresolved,False,True,892.2050,Radiology,Automated Radiological Image Processing Software
K243558,2025-04-11,2025,Canvas Dx,"Cognoa, Inc.",Neurology,QPF,,,,,,False,,,code_unlisted_off_panel,False,True,882.1491,Neurology,Pediatric Autism Spectrum Disorder Diagnosis Aid
K242748,2025-04-11,2025,Oncospace,"Oncospace, Inc.",Radiology,MUJ,radiology,radiology_radiation_therapy,Cancer treatment planning,510(k),892.5050,True,device,high,,False,True,892.5050,Radiology,"System, Planning, Radiation Therapy Treatment"
K242600,2025-04-11,2025,Second Opinion Periapical Radiolucency Contours,Pearl Inc.,Radiology,MYN,,,,,,False,,,device_not_oncology,False,True,892.2070,Radiology,"Analyzer, Medical Image"
K243145,2025-04-10,2025,syngo.CT LVO Detection,"Siemens Medical Solutions USA, Inc.",Radiology,QAS,,,,,,False,,,device_not_oncology,False,True,892.2080,Radiology,Radiological Computer-Assisted Triage And Notification Software
K250177,2025-04-10,2025,EPIQ Series Diagnostic Ultrasound System; Affiniti Series Diagnostic Ultrasound System,Philips Ultrasound LLC,Radiology,IYN,,,,,,False,,,device_not_oncology,False,True,892.1550,Radiology,"System, Imaging, Pulsed Doppler, Ultrasonic"
K250754,2025-04-10,2025,cmAngio® (V1.6),"CureMetrix, Inc.",Radiology,QIH,,,,,,False,,,device_not_oncology,False,True,892.2050,Radiology,Automated Radiological Image Processing Software
K243743,2025-04-09,2025,autoSCORE (V 2.0.0),Holberg EEG AS,Neurology,OMB,,,,,,False,,,code_unlisted_off_panel,False,True,882.1400,Neurology,Automatic Event Detection Software For Full-Montage Electroencephalograph
K242295,2025-04-08,2025,BunkerHill BMD,BunkerHill Health,Radiology,KGI,,,,,,False,,,device_not_oncology,False,True,892.1170,Radiology,"Densitometer, Bone"
K243567,2025-04-07,2025,Tyto Insights for Rhonchi Detection,"Tyto Care , Ltd.",Anesthesiology,PHZ,,,,,,False,,,code_unlisted_off_panel,False,True,868.1900,Anesthesiology,Abnormal Breath Sound Device
K242807,2025-04-04,2025,HeartFocus (V.1.1.1),Deski,Radiology,QJU,,,,,,False,,,device_not_oncology,False,True,892.2100,Radiology,Image Acquisition And/Or Optimization Guided By Artificial Intelligence
K240398,2025-04-04,2025,"RayStation 2023B, RayPlan 2023B, RayStation 2024A, RayPlan 2024A, RayStation 2024A SP3, RayPlan 2024A SP3",RaySearch Laboratories AB (PUBL),Radiology,MUJ,radiology,radiology_radiation_therapy,Cancer treatment planning,510(k),892.5050,True,device,high,,False,True,892.5050,Radiology,"System, Planning, Radiation Therapy Treatment"
K243769,2025-04-04,2025,QFR (3.0),QFR Solutions bv,Radiology,QHA,,,,,,False,,,device_not_oncology,False,True,892.1600,Radiology,X-Ray Angiographic Imaging Based Coronary Vascular Simulation Software Device
K241982,2025-04-04,2025,DeepFoqus (DeepFoqus-Accelerate),Foqus Technologies Inc.,Radiology,QIH,,,,,,False,,,device_not_oncology,False,True,892.2050,Radiology,Automated Radiological Image Processing Software
K242551,2025-04-03,2025,syngo Dynamics (Version VA41D),Siemens Healthcare GmbH,Radiology,QIH,,,,,,False,,,device_not_oncology,False,True,892.2050,Radiology,Automated Radiological Image Processing Software
K241984,2025-04-02,2025,Hi-D Imaging 4TAVR,Hi-D Imaging AG,Radiology,QIH,,,,,,False,,,device_not_oncology,False,True,892.2050,Radiology,Automated Radiological Image Processing Software
K242925,2025-04-01,2025,MR Contour DL,GE HealthCare,Radiology,QKB,radiology,radiology_radiation_therapy,Cancer treatment planning,510(k),892.2050,True,device,high,,False,True,892.2050,Radiology,Radiological Image Processing Software For Radiation Therapy
K242166,2025-03-31,2025,TribusConnect,TribusMed Beheer BV,Radiology,QIH,,,,,,False,,,device_unresolved,False,True,892.2050,Radiology,Automated Radiological Image Processing Software
K242745,2025-03-27,2025,AI-Rad Companion Organs RT,Siemens Healthcare GmbH,Radiology,QKB,radiology,radiology_radiation_therapy,Cancer treatment planning,510(k),892.2050,True,device,high,,False,True,892.2050,Radiology,Radiological Image Processing Software For Radiation Therapy
K243038,2025-03-27,2025,Salix Central,Artrya Limited,Radiology,QIH,,,,,,False,,,device_not_oncology,False,True,892.2050,Radiology,Automated Radiological Image Processing Software
K242919,2025-03-27,2025,V5med Lung AI,V5med Inc.,Radiology,OEB,radiology,radiology_cancer_detection,Cancer detection and assessment,510(k),892.2050,True,device,medium,,False,True,892.2050,Radiology,"Lung Computed Tomography System, Computer-Aided Detection"
K243891,2025-03-26,2025,EarliPoint System,EarliTec Diagnostics,Neurology,QPF,,,,,,False,,,code_unlisted_off_panel,False,True,882.1491,Neurology,Pediatric Autism Spectrum Disorder Diagnosis Aid
K243831,2025-03-26,2025,Rayvolve LN,AZmed,Radiology,MYN,radiology,radiology_cancer_detection,Cancer detection and assessment,510(k),,True,device,high,,False,True,892.2070,Radiology,"Analyzer, Medical Image"
K243808,2025-03-21,2025,Rayvolve PTX-PE,AZmed,Radiology,QFM,,,,,,False,,,device_not_oncology,False,True,892.2080,Radiology,Radiological Computer-Assisted Prioritization Software For Lesions
K250186,2025-03-21,2025,GoLIF! Lumbar Interbody Fusion System,"GetSet Surgical, SA",Orthopedic,MAX,,,,,,False,,,code_unlisted_off_panel,False,True,888.3080,Orthopedic,"Intervertebral Fusion Device With Bone Graft, Lumbar"
K241961,2025-03-20,2025,Vent Creativity Knee v1.0 (Hermes),Vent Creativity,Radiology,QIH,,,,,,False,,,device_not_oncology,False,True,892.2050,Radiology,Automated Radiological Image Processing Software
K243292,2025-03-20,2025,brAIn Shoulder Positioning,Avatar Medical,Radiology,LLZ,,,,,,False,,,device_not_oncology,False,True,892.2050,Radiology,"System, Image Processing, Radiological"
K243689,2025-03-19,2025,AVIEW,"Coreline Soft Co., Ltd.",Radiology,QIH,,,,,,False,,,device_unresolved,False,True,892.2050,Radiology,Automated Radiological Image Processing Software
K250042,2025-03-19,2025,PeekMed web,"Peek Health, S.A.",Radiology,QIH,,,,,,False,,,device_not_oncology,False,True,892.2050,Radiology,Automated Radiological Image Processing Software
K242683,2025-03-18,2025,QP-Prostate® CAD,Quibim S.L.,Radiology,QDQ,radiology,radiology_cancer_detection,Cancer detection and assessment,510(k),892.2090,True,device,high,,False,True,892.2090,Radiology,Radiological Computer Assisted Detection/Diagnosis Software For Lesions Suspicious For Cancer
K243862,2025-03-17,2025,LVivo Software Application,DiA Imaging Analysis Ltd.,Radiology,QIH,,,,,,False,,,device_not_oncology,False,True,892.2050,Radiology,Automated Radiological Image Processing Software
K250379,2025-03-17,2025,SIGNA Prime Elite,"GE Medical Systems, LLC",Radiology,LNH,,,,,,False,,,device_not_oncology,False,True,892.1000,Radiology,"System, Nuclear Magnetic Resonance Imaging"
K241960,2025-03-14,2025,DeepRESP,Nox Medical ehf,Neurology,OLZ,,,,,,False,,,code_unlisted_off_panel,False,True,882.1400,Neurology,Automatic Event Detection Software For Polysomnograph With Electroencephalograph
K242323,2025-03-14,2025,Maestro System (REF100),Moon Surgical,Gastroenterology-Urology,QZB,,,,,,False,,,code_unlisted_off_panel,False,True,876.1500,"Gastroenterology, Urology",Software Controlled Endoscope And Instrument Holder
K250255,2025-03-13,2025,xvision Spine system,Augmedics Ltd.,Neurology,SBF,,,,,,False,,,code_unlisted_off_panel,False,True,882.4560,Neurology,Orthopedic Augmented Reality
K241725,2025-03-11,2025,Better Diagnostics Caries Assist (BDCA) Version 1.0,Better Diagnostics AI Corp,Radiology,MYN,,,,,,False,,,device_not_oncology,False,True,892.2070,Radiology,"Analyzer, Medical Image"
K242338,2025-03-07,2025,Cleerly LABS (v2.0),"Cleerly, Inc.",Radiology,QIH,,,,,,False,,,device_not_oncology,False,True,892.2050,Radiology,Automated Radiological Image Processing Software
K243331,2025-03-06,2025,LVivo Seamless,DiA Imaging Analysis Ltd.,Radiology,QIH,,,,,,False,,,device_not_oncology,False,True,892.2050,Radiology,Automated Radiological Image Processing Software
K241770,2025-03-05,2025,Prostate MR AI (VA10A),Siemens Healthcare GmbH,Radiology,QDQ,radiology,radiology_cancer_detection,Cancer detection and assessment,510(k),892.2090,True,device,high,,False,True,892.2090,Radiology,Radiological Computer Assisted Detection/Diagnosis Software For Lesions Suspicious For Cancer
K243933,2025-03-04,2025,Ceevra Reveal 3+,"Ceevra, Inc.",Radiology,QIH,,,,,,False,,,device_unresolved,False,True,892.2050,Radiology,Automated Radiological Image Processing Software
K243235,2025-03-03,2025,LVivo Software Application,DiA Imaging Analysis Ltd.,Radiology,QIH,,,,,,False,,,device_not_oncology,False,True,892.2050,Radiology,Automated Radiological Image Processing Software
K243611,2025-03-03,2025,JLK-SDH,"JLK, Inc.",Radiology,QAS,,,,,,False,,,device_not_oncology,False,True,892.2080,Radiology,Radiological Computer-Assisted Triage And Notification Software
K241922,2025-02-28,2025,Myomics,Phantomics Inc.,Radiology,QIH,,,,,,False,,,device_not_oncology,False,True,892.2050,Radiology,Automated Radiological Image Processing Software
K242798,2025-02-28,2025,Airmod,Heroic Faith International Ltd.,Anesthesiology,BZQ,,,,,,False,,,code_unlisted_off_panel,False,True,868.2375,Anesthesiology,"Monitor, Breathing Frequency"
K241620,2025-02-27,2025,ChestView US,Gleamer SAS,Radiology,MYN,,,,,,False,,,device_unresolved,False,True,892.2070,Radiology,"Analyzer, Medical Image"
K241546,2025-02-26,2025,aiCockpit AI Viewer,"Fovia, Inc.",Radiology,LLZ,,,,,,False,,,device_not_oncology,False,True,892.2050,Radiology,"System, Image Processing, Radiological"
K241222,2025-02-26,2025,Ventripoint Medical System Plus (VMS+) 4.0,Ventripoint Diagnostics Ltd.,Radiology,QIH,,,,,,False,,,device_not_oncology,False,True,892.2050,Radiology,Automated Radiological Image Processing Software
K242967,2025-02-25,2025,Loss of Pulse Detection,Fitbit,Cardiovascular,SDY,,,,,,False,,,code_unlisted_off_panel,False,True,870.2790,Cardiovascular,Loss Of Pulse Notification Software
K243446,2025-02-25,2025,3DXR,GE Medical Systems SCS,Radiology,OWB,,,,,,False,,,device_not_oncology,False,True,892.1650,Radiology,Interventional Fluoroscopic X-Ray System
K242822,2025-02-25,2025,ART-Plan+ (v.3.0.0),Therapanacea SAS,Radiology,MUJ,radiology,radiology_radiation_therapy,Cancer treatment planning,510(k),892.5050,True,device,high,,False,True,892.5050,Radiology,"System, Planning, Radiation Therapy Treatment"
K242994,2025-02-24,2025,OncoStudio (OS-01),"OncoSoft. Co., Ltd.",Radiology,QKB,radiology,radiology_radiation_therapy,Cancer treatment planning,510(k),892.2050,True,device,medium,,False,True,892.2050,Radiology,Radiological Image Processing Software For Radiation Therapy
K242838,2025-02-21,2025,QuickRad,Aikenist Technologies Pvt Ltd,Radiology,LLZ,,,,,,False,,,device_unresolved,False,True,892.2050,Radiology,"System, Image Processing, Radiological"
K242607,2025-02-21,2025,ScanDiags Ortho L-Spine MR-Q,ScanDiags AG,Radiology,QIH,,,,,,False,,,device_not_oncology,False,True,892.2050,Radiology,Automated Radiological Image Processing Software
K243614,2025-02-21,2025,Sonio Suspect,Sonio,Radiology,POK,,,,,,False,,,device_not_oncology,False,True,892.2060,Radiology,Computer-Assisted Diagnostic Software For Lesions Suspicious For Cancer
K242821,2025-02-20,2025,EFAI Chestsuite XR Malpositioned ETT Assessment System (ETT-XR-100),"Ever Fortune.AI, Co., Ltd.",Radiology,QAS,,,,,,False,,,device_not_oncology,False,True,892.2080,Radiology,Radiological Computer-Assisted Triage And Notification Software
K242447,2025-02-20,2025,Falcon HST,Compumedics Limited,Neurology,OLV,,,,,,False,,,code_unlisted_off_panel,False,True,882.1400,Neurology,Standard Polysomnograph With Electroencephalograph
K242240,2025-02-20,2025,CaRi-Plaque,Caristo Diagnostics Ltd.,Radiology,LLZ,,,,,,False,,,device_not_oncology,False,True,892.2050,Radiology,"System, Image Processing, Radiological"
K250248,2025-02-14,2025,BriefCase-Triage,"Aidoc Medical, Ltd.",Radiology,QAS,,,,,,False,,,device_not_oncology,False,True,892.2080,Radiology,Radiological Computer-Assisted Triage And Notification Software
K243294,2025-02-14,2025,Brainomix 360 e-ASPECTS,Brainomix Limited,Radiology,POK,,,,,,False,,,device_not_oncology,False,True,892.2060,Radiology,Computer-Assisted Diagnostic Software For Lesions Suspicious For Cancer
K243696,2025-02-14,2025,AVIEW CAC,"Coreline Soft Co., Ltd.",Radiology,QIH,,,,,,False,,,device_not_oncology,False,True,892.2050,Radiology,Automated Radiological Image Processing Software
K243702,2025-02-12,2025,V8 Diagnostic Ultrasound System; cV8 Diagnostic Ultrasound System; V7 Diagnostic Ultrasound System; cV7 Diagnostic Ultrasound System; V6 Diagnostic Ultrasound System; cV6 Diagnostic Ultrasound System,"Samsung Medison Co., Ltd.",Radiology,IYN,,,,,,False,,,device_not_oncology,False,True,892.1550,Radiology,"System, Imaging, Pulsed Doppler, Ultrasonic"
K243523,2025-02-12,2025,NAEOTOM Alpha.Peak/ NAEOTOM Alpha; NAEOTOM Alpha.Pro; NAEOTOM Alpha.Prime,"Siemens Medical Solutions USA, Inc.",Radiology,JAK,,,,,,False,,,device_not_oncology,False,True,892.1750,Radiology,"System, X-Ray, Tomography, Computed"
K243250,2025-02-12,2025,SubtleHD (1.x),"Subtle Medical, Inc.",Radiology,QIH,,,,,,False,,,device_not_oncology,False,True,892.2050,Radiology,Automated Radiological Image Processing Software
K243628,2025-02-11,2025,Vivid T9/Vivid T8,GE Medical Systems Ultrasound and Primary Care Diagnostics,Radiology,IYN,,,,,,False,,,device_not_oncology,False,True,892.1550,Radiology,"System, Imaging, Pulsed Doppler, Ultrasonic"
K243620,2025-02-11,2025,Vivid iq,GE Medical Systems Ultrasound and Primary Care Diagnostics,Radiology,IYN,,,,,,False,,,device_not_oncology,False,True,892.1550,Radiology,"System, Imaging, Pulsed Doppler, Ultrasonic"
K241659,2025-02-10,2025,Ultrasound Workspace (UWS 6.0),Philips Ultrasound LLC,Radiology,QIH,,,,,,False,,,device_not_oncology,False,True,892.2050,Radiology,Automated Radiological Image Processing Software
K243794,2025-02-06,2025,EPIQ Series Diagnostic Ultrasound System; Affiniti Series Diagnostic Ultrasound System,Philips Ultrasound LLC,Radiology,IYN,,,,,,False,,,device_not_oncology,False,True,892.1550,Radiology,"System, Imaging, Pulsed Doppler, Ultrasonic"
K241593,2025-02-05,2025,BoneMetrics (US),Gleamer SAS,Radiology,QIH,,,,,,False,,,device_not_oncology,False,True,892.2050,Radiology,Automated Radiological Image Processing Software
K250035,2025-02-03,2025,Contour ProtégéAI+,MIM Software Inc.,Radiology,QKB,radiology,radiology_radiation_therapy,Cancer treatment planning,510(k),892.2050,True,device,high,,False,True,892.2050,Radiology,Radiological Image Processing Software For Radiation Therapy
K243268,2025-02-03,2025,TipTraQ (TTQ001),PranaQ Pte. Ltd.,Anesthesiology,MNR,,,,,,False,,,code_unlisted_off_panel,False,True,868.2375,Anesthesiology,Ventilatory Effort Recorder
K241292,2025-01-30,2025,MyShoulder Planner (5.3SSWPL),Medacta International S.A.,Orthopedic,KWS,,,,,,False,,,code_unlisted_off_panel,False,True,888.3660,Orthopedic,"Prosthesis, Shoulder, Semi-Constrained, Metal/Polymer Cemented"
K243042,2025-01-29,2025,Co-Ablation System with Sterile Co-Ablation Probe,"Hygea Medical Technology Co., Ltd.",General and Plastic Surgery,GEH,,,,,,False,,,code_unlisted_off_panel,False,True,878.4350,"General, Plastic Surgery","Unit, Cryosurgical, Accessories"
K244027,2025-01-28,2025,SANSA HSAT,Huxley Medical,Anesthesiology,MNR,,,,,,False,,,code_unlisted_off_panel,False,True,868.2375,Anesthesiology,Ventilatory Effort Recorder
K243229,2025-01-27,2025,Bunkerhill AVC,BunkerHill Health,Radiology,JAK,,,,,,False,,,device_not_oncology,False,True,892.1750,Radiology,"System, X-Ray, Tomography, Computed"
K243657,2025-01-24,2025,ClearPoint System (Software Version 3.0),"ClearPoint Neuro, Inc.",Neurology,HAW,,,,,,False,,,code_unlisted_off_panel,False,True,882.4560,Neurology,Neurological Stereotaxic Instrument
K244023,2025-01-24,2025,MAGENTIQ-COLO (ME-APDS),Magentiq Eye LTD,Gastroenterology-Urology,QNP,,,,,,False,,,code_unlisted_off_panel,False,True,876.1520,"Gastroenterology, Urology",Gastrointesinal Lesion Software Detection System
K241232,2025-01-24,2025,Galen Second Read,Ibex Medical Analytics Ltd.,Pathology,QPN,pathology,pathology,Digital pathology,510(k),864.3750,True,device,high,,False,True,864.3750,Pathology,Software Algorithm Device To Assist Users In Digital Pathology
K243158,2025-01-23,2025,TeraRecon Aorta.CT (1.1.0),"TeraRecon, Inc.",Radiology,QIH,,,,,,False,,,device_not_oncology,False,True,892.2050,Radiology,Automated Radiological Image Processing Software
K243350,2025-01-22,2025,Rapid Neuro3D,"iSchemaView, Inc.",Radiology,QIH,,,,,,False,,,device_not_oncology,False,True,892.2050,Radiology,Automated Radiological Image Processing Software
K243955,2025-01-21,2025,Precision AI Surgical Planning System (PAI-SPS),Precision AI Pty Ltd,Orthopedic,QHE,,,,,,False,,,code_unlisted_off_panel,False,True,888.3660,Orthopedic,Shoulder Arthroplasty Implantation System
K242825,2025-01-17,2025,Prenuvo Body Composition,Prenuvo,Radiology,LNH,,,,,,False,,,device_not_oncology,False,True,892.1000,Radiology,"System, Nuclear Magnetic Resonance Imaging"
K242171,2025-01-17,2025,TechCare Trauma,Milvue,Radiology,QBS,,,,,,False,,,device_not_oncology,False,True,892.2090,Radiology,Radiological Computer Assisted Detection/Diagnosis Software For Fracture
K241949,2025-01-17,2025,Digital Color Doppler Ultrasound System (P60 Series),Sonoscape Medical Corp.,Radiology,IYN,,,,,,False,,,device_not_oncology,False,True,892.1550,Radiology,"System, Imaging, Pulsed Doppler, Ultrasonic"
K242522,2025-01-16,2025,Second Opinion CC,Pearl Inc.,Radiology,MYN,,,,,,False,,,device_not_oncology,False,True,892.2070,Radiology,"Analyzer, Medical Image"
K243065,2025-01-15,2025,Cardiac Guidance,"Caption Health, Inc.",Radiology,QJU,,,,,,False,,,device_not_oncology,False,True,892.2100,Radiology,Image Acquisition And/Or Optimization Guided By Artificial Intelligence
K241166,2025-01-14,2025,uCT 550,"Shanghai United Imaging Healthcare Co., Ltd.",Radiology,JAK,,,,,,False,,,device_not_oncology,False,True,892.1750,Radiology,"System, X-Ray, Tomography, Computed"
K241200,2025-01-13,2025,SpotLight/SpotLight Duo with Low Dose Lung Cancer Screening Option,Arineta Ltd.,Radiology,JAK,,,,,,False,,,device_not_oncology,False,True,892.1750,Radiology,"System, X-Ray, Tomography, Computed"
K243950,2025-01-13,2025,ARVIS® Shoulder,Kico Knee Innovation Company Pty Ltd,Neurology,SBF,,,,,,False,,,code_unlisted_off_panel,False,True,882.4560,Neurology,Orthopedic Augmented Reality
K241009,2025-01-10,2025,PeriCALM Patterns 3.0,"PeriGen, Inc.",Obstetrics and Gynecology,HGM,,,,,,False,,,code_unlisted_off_panel,False,True,884.2740,Obstetrics/Gynecology,"System, Monitoring, Perinatal"
K241891,2025-01-10,2025,ScreenDx,"Imvaria, Inc",Radiology,QWO,,,,,,False,,,device_not_oncology,False,True,892.2085,Radiology,Radiology Software For Referral Of Findings Related To Fibrotic Lung Disease.
K241676,2025-01-10,2025,TriVerity,"Inflammatix, Inc.",Microbiology,PRE,,,,,,False,,,code_unlisted_off_panel,False,True,866.3215,Microbiology,Rt-Qpcr Assay For Mrna Transcript Immune Biomarkers
K243335,2025-01-07,2025,"Vantage Galan 3T, MRT-3020, V10.0 with AiCE Reconstruction Processing Unit for MR",Canon Medical Systems Corporation,Radiology,LNH,,,,,,False,,,device_not_oncology,False,True,892.1000,Radiology,"System, Nuclear Magnetic Resonance Imaging"
K241079,2025-01-07,2025,uCT 780,"Shanghai United Imaging Healthcare Co., Ltd.",Radiology,JAK,,,,,,False,,,device_not_oncology,False,True,892.1750,Radiology,"System, X-Ray, Tomography, Computed"
K242488,2025-01-06,2025,Soteria E-View,"Omega Medical Imaging, LLC",Radiology,JAA,,,,,,False,,,device_not_oncology,False,True,892.1650,Radiology,"System, X-Ray, Fluoroscopic, Image-Intensified"
K243481,2025-01-06,2025,TMINI Miniature Robotic System,"THINK Surgical, Inc.",Neurology,OLO,,,,,,False,,,code_unlisted_off_panel,False,True,882.4560,Neurology,Orthopedic Stereotaxic Instrument
K242123,2025-01-06,2025,Brainomix 360 e-CTA,Brainomix Limited,Radiology,LLZ,,,,,,False,,,device_not_oncology,False,True,892.2050,Radiology,"System, Image Processing, Radiological"
K241350,2025-01-03,2025,Clarify DL,"GE Medical Systems Israel, Functional Imaging",Radiology,LLZ,,,,,,False,,,device_not_oncology,False,True,892.2050,Radiology,"System, Image Processing, Radiological"
K243363,2025-01-03,2025,JLK-ICH,"JLK, Inc.",Radiology,QAS,,,,,,False,,,device_not_oncology,False,True,892.2080,Radiology,Radiological Computer-Assisted Triage And Notification Software
K241696,2025-01-02,2025,Ortho AI,Ortho AI LLC,Radiology,QIH,,,,,,False,,,device_not_oncology,False,True,892.2050,Radiology,Automated Radiological Image Processing Software
K242334,2025-01-02,2025,Ezra Flash,"Ezra AI, Inc.",Radiology,QIH,,,,,,False,,,device_not_oncology,False,True,892.2050,Radiology,Automated Radiological Image Processing Software
K242480,2024-12-27,2024,FLASH EVD System (10-0002),7D Surgical ULC,Neurology,HAW,,,,,,False,,,code_unlisted_off_panel,False,True,882.4560,Neurology,Neurological Stereotaxic Instrument
K242403,2024-12-23,2024,Aquilion ONE (TSX-308A/3) V1.5,Canon Medical Systems Corporation,Radiology,JAK,,,,,,False,,,device_not_oncology,False,True,892.1750,Radiology,"System, X-Ray, Tomography, Computed"
K242168,2024-12-20,2024,Voluson Expert 18; Voluson Expert 20; Voluson Expert 22,GE Medical Systems Ultrasound and Primary care Diagnostics,Radiology,IYN,,,,,,False,,,device_not_oncology,False,True,892.1550,Radiology,"System, Imaging, Pulsed Doppler, Ultrasonic"
K242362,2024-12-20,2024,Lightning Viewer,Nexsys Electronics Inc. dba Medweb,Radiology,LLZ,,,,,,False,,,device_not_oncology,False,True,892.2050,Radiology,"System, Image Processing, Radiological"
K243705,2024-12-19,2024,Saige-Density (2.5.0),"DeepHealth, Inc",Radiology,QIH,,,,,,False,,,device_not_oncology,False,True,892.2050,Radiology,Automated Radiological Image Processing Software
K242270,2024-12-19,2024,OrthoNext Platform System,Orthofix Srl,Radiology,QIH,,,,,,False,,,device_not_oncology,False,True,892.2050,Radiology,Automated Radiological Image Processing Software
K242467,2024-12-19,2024,IQ-UIP,"Imbio, Inc.",Radiology,QWO,,,,,,False,,,device_not_oncology,False,True,892.2085,Radiology,Radiology Software For Referral Of Findings Related To Fibrotic Lung Disease.
K243688,2024-12-19,2024,Saige-Dx (3.1.0),"DeepHealth, Inc.",Radiology,QDQ,radiology,radiology_cancer_detection,Cancer detection and assessment,510(k),892.2090,True,device,high,,False,True,892.2090,Radiology,Radiological Computer Assisted Detection/Diagnosis Software For Lesions Suspicious For Cancer
K240793,2024-12-16,2024,MSKai,MSKai,Radiology,QIH,,,,,,False,,,device_not_oncology,False,True,892.2050,Radiology,Automated Radiological Image Processing Software
K242020,2024-12-12,2024,EPIQ Series Diagnostic Ultrasound System; Affiniti Series Diagnostic Ultrasound System,Philips Ultrasound LLC,Radiology,IYN,,,,,,False,,,device_not_oncology,False,True,892.1550,Radiology,"System, Imaging, Pulsed Doppler, Ultrasonic"
K243538,2024-12-12,2024,uMI Panvivo (uMI Panvivo); uMI Panvivo (uMI Panvivo S),"Shanghai United Imaging Healthcare Co.,Ltd.",Radiology,KPS,,,,,,False,,,device_not_oncology,False,True,892.1200,Radiology,"System, Tomography, Computed, Emission"
K243548,2024-12-11,2024,BriefCase-Triage,"Aidoc Medical, Ltd.",Radiology,QFM,,,,,,False,,,device_not_oncology,False,True,892.2080,Radiology,Radiological Computer-Assisted Prioritization Software For Lesions
K242461,2024-12-10,2024,IRISeg,Intuitive Surgical Inc.,Radiology,QIH,,,,,,False,,,device_unresolved,False,True,892.2050,Radiology,Automated Radiological Image Processing Software
K242511,2024-12-10,2024,"V5 Diagnostic Ultrasound System, H5 Diagnostic Ultrasound System, XV5 Diagnostic Ultrasound System, XH5 Diagnostic Ultrasound System, V4 Diagnostic Ultrasound System, H4 Diagnostic Ultrasound System, XV4 Diagnostic Ultrasound System, XH4 Diagnostic Ultrasound System","Samsung Medison Co., Ltd.",Radiology,IYN,,,,,,False,,,device_not_oncology,False,True,892.1550,Radiology,"System, Imaging, Pulsed Doppler, Ultrasonic"
K242729,2024-12-09,2024,AutoContour (Model RADAC V4),"Radformation, Inc.",Radiology,QKB,radiology,radiology_radiation_therapy,Cancer treatment planning,510(k),892.2050,True,device,high,,False,True,892.2050,Radiology,Radiological Image Processing Software For Radiation Therapy
K241543,2024-12-06,2024,DrAid for Liver Segmentation,VinBrain Joint Stock Company,Radiology,QIH,radiology,radiology_cancer_detection,Cancer detection and assessment,510(k),,True,device,medium,,False,True,892.2050,Radiology,Automated Radiological Image Processing Software
K241923,2024-12-06,2024,EFAI Neurosuite CT Midline Shift Assessment System (MLS-CT-100),"Ever Fortune.AI, Co., Ltd.",Radiology,QAS,,,,,,False,,,device_not_oncology,False,True,892.2080,Radiology,Radiological Computer-Assisted Triage And Notification Software
K240680,2024-12-06,2024,CDM Insights,Oxford Brain Diagnostics Ltd,Radiology,QIH,,,,,,False,,,device_not_oncology,False,True,892.2050,Radiology,Automated Radiological Image Processing Software
K240926,2024-12-06,2024,PeekMed web,"Peek Health, S.A.",Radiology,LLZ,,,,,,False,,,device_not_oncology,False,True,892.2050,Radiology,"System, Image Processing, Radiological"
K241197,2024-12-04,2024,DeepRhythmAI,Medicalgorithmics S.A.,Cardiovascular,DQK,,,,,,False,,,code_unlisted_off_panel,False,True,870.1425,Cardiovascular,"Computer, Diagnostic, Programmable"
K242188,2024-12-03,2024,ClearRead CT CAC,"Riverain Technologies, Inc.",Radiology,JAK,,,,,,False,,,device_not_oncology,False,True,892.1750,Radiology,"System, X-Ray, Tomography, Computed"
K240645,2024-11-27,2024,Sonix Health,"Ontact Health Co., Ltd",Radiology,QIH,,,,,,False,,,device_not_oncology,False,True,892.2050,Radiology,Automated Radiological Image Processing Software
K242444,2024-11-27,2024,HERA W10 Diagnostic Ultrasound System; HERA W9 Diagnostic Ultrasound System,"Samsung Medison Co., Ltd.",Radiology,IYN,,,,,,False,,,device_not_oncology,False,True,892.1550,Radiology,"System, Imaging, Pulsed Doppler, Ultrasonic"
K241390,2024-11-26,2024,NeuroMatch,LVIS Corporation,Neurology,OMB,,,,,,False,,,code_unlisted_off_panel,False,True,882.1400,Neurology,Automatic Event Detection Software For Full-Montage Electroencephalograph
K241831,2024-11-25,2024,Transpara (2.1.0),ScreenPoint Medical B.V.,Radiology,QDQ,radiology,radiology_cancer_detection,Cancer detection and assessment,510(k),892.2090,True,device,high,,False,True,892.2090,Radiology,Radiological Computer Assisted Detection/Diagnosis Software For Lesions Suspicious For Cancer
K242203,2024-11-22,2024,BriefCase-Quantification,"Aidoc Medical, Ltd.",Radiology,QIH,,,,,,False,,,device_unresolved,False,True,892.2050,Radiology,Automated Radiological Image Processing Software
K242094,2024-11-22,2024,Dreem 3S,"Beacon Biosignals, Inc.",Neurology,OLZ,,,,,,False,,,code_unlisted_off_panel,False,True,882.1400,Neurology,Automatic Event Detection Software For Polysomnograph With Electroencephalograph
K242359,2024-11-20,2024,Strain AI (SAI001),Exo Inc,Radiology,QIH,,,,,,False,,,device_not_oncology,False,True,892.2050,Radiology,Automated Radiological Image Processing Software
K242523,2024-11-19,2024,ACUSON Sequoia Diagnostic Ultrasound System; ACUSON Sequoia Select Diagnostic Ultrasound System; ACUSON Origin Diagnostic Ultrasound System; ACUSON Origin ICE Diagnostic Ultrasound System,"Siemens Medical Solutions USA, Inc.",Radiology,IYN,,,,,,False,,,device_not_oncology,False,True,892.1550,Radiology,"System, Imaging, Pulsed Doppler, Ultrasonic"
K241633,2024-11-18,2024,Informed Vital Core Application (IVC App),"Mindset Medical, Inc.",Cardiovascular,QME,,,,,,False,,,code_unlisted_off_panel,False,True,870.2785,Cardiovascular,"Software For Optical Camera-Based Measurement Of Pulse Rate, Heart Rate, Breathing Rate, And/Or Respiratory Rate"
K241747,2024-11-18,2024,Saige-Dx,"DeepHealth, Inc",Radiology,QDQ,radiology,radiology_cancer_detection,Cancer detection and assessment,510(k),892.2090,True,device,high,,False,True,892.2090,Radiology,Radiological Computer Assisted Detection/Diagnosis Software For Lesions Suspicious For Cancer
K242130,2024-11-15,2024,Koios DS,"Koios Medical, Inc.",Radiology,POK,radiology,radiology_cancer_detection,Cancer detection and assessment,510(k),892.2060,True,device,high,,False,True,892.2060,Radiology,Computer-Assisted Diagnostic Software For Lesions Suspicious For Cancer
K241439,2024-11-15,2024,VUNO Med-Chest X-ray Triage/VUNO Med-CXR Link Triage,Vuno Inc.,Radiology,QFM,,,,,,False,,,device_unresolved,False,True,892.2080,Radiology,Radiological Computer-Assisted Prioritization Software For Lesions
K242800,2024-11-15,2024,The 5000 Compact Series Ultrasound Systems,Philips Ultrasound LLC,Radiology,IYN,,,,,,False,,,device_not_oncology,False,True,892.1550,Radiology,"System, Imaging, Pulsed Doppler, Ultrasonic"
K242062,2024-11-15,2024,1CMR Pro,Mycardium AI Limited,Radiology,LLZ,,,,,,False,,,device_not_oncology,False,True,892.2050,Radiology,"System, Image Processing, Radiological"
K240860,2024-11-15,2024,EchoGo Amyloidosis (1.0),Ultromics Limited,Cardiovascular,SDJ,,,,,,False,,,code_unlisted_off_panel,False,True,870.2200,Cardiovascular,Adjunctive Cardiac Amyloidosis Status Indicator
K242342,2024-11-14,2024,Fetal EchoScan,BrightHeart,Radiology,POK,,,,,,False,,,device_not_oncology,False,True,892.2060,Radiology,Computer-Assisted Diagnostic Software For Lesions Suspicious For Cancer
K240417,2024-11-08,2024,ProFound Detection (V4.0),"iCAD, Inc.",Radiology,QDQ,radiology,radiology_cancer_detection,Cancer detection and assessment,510(k),892.2090,True,device,high,,False,True,892.2090,Radiology,Radiological Computer Assisted Detection/Diagnosis Software For Lesions Suspicious For Cancer
K241719,2024-11-07,2024,NeuroICH,Neurocareai Inc.,Radiology,QAS,,,,,,False,,,device_not_oncology,False,True,892.2080,Radiology,Radiological Computer-Assisted Triage And Notification Software
K240712,2024-11-07,2024,icobrain aria,icometrix NV,Radiology,QBS,,,,,,False,,,device_not_oncology,False,True,892.2090,Radiology,Radiological Computer Assisted Detection/Diagnosis Software For Fracture
K241312,2024-11-05,2024,TeraRecon Cardiac.Chambers.MR (1.0.0),"TeraRecon,Inc.",Radiology,QIH,,,,,,False,,,device_not_oncology,False,True,892.2050,Radiology,Automated Radiological Image Processing Software
K241108,2024-10-30,2024,RemedyLogic AI MRI Lumbar Spine Reader,Remedy Logic Inc.,Radiology,QIH,,,,,,False,,,device_not_oncology,False,True,892.2050,Radiology,Automated Radiological Image Processing Software
K243189,2024-10-25,2024,TumorSight Viz,"SimBioSys, Inc.",Radiology,QIH,radiology,radiology_cancer_detection,Cancer detection and assessment,510(k),,True,device,high,,False,True,892.2050,Radiology,Automated Radiological Image Processing Software
K242215,2024-10-25,2024,Neurophet AQUA (V3.1),"Neurophet, Inc.",Radiology,QIH,,,,,,False,,,device_not_oncology,False,True,892.2050,Radiology,Automated Radiological Image Processing Software
K243209,2024-10-22,2024,nordicMEDiVA,NordicNeurolab AS,Radiology,LLZ,,,,,,False,,,device_not_oncology,False,True,892.2050,Radiology,"System, Image Processing, Radiological"
K241490,2024-10-18,2024,Contour+ (MVision AI Segmentation),MVision AI Oy,Radiology,QKB,radiology,radiology_radiation_therapy,Cancer treatment planning,510(k),892.2050,True,device,high,,False,True,892.2050,Radiology,Radiological Image Processing Software For Radiation Therapy
K242837,2024-10-18,2024,BriefCase-Triage,"Aidoc Medical, Ltd.",Radiology,QAS,,,,,,False,,,device_not_oncology,False,True,892.2080,Radiology,Radiological Computer-Assisted Triage And Notification Software
K241242,2024-10-17,2024,SIGNA MAGNUS,"GE Medical Systems, LLC",Radiology,LNH,,,,,,False,,,device_not_oncology,False,True,892.1000,Radiology,"System, Nuclear Magnetic Resonance Imaging"
K240408,2024-10-17,2024,REMI-AI Rapid Detection Module (REMI-AI RDM),"Epitel, Inc",Neurology,OMB,,,,,,False,,,code_unlisted_off_panel,False,True,882.1400,Neurology,Automatic Event Detection Software For Full-Montage Electroencephalograph
K241481,2024-10-16,2024,xvision Spine System,Augmedics Ltd.,Neurology,SBF,,,,,,False,,,code_unlisted_off_panel,False,True,882.4560,Neurology,Orthopedic Augmented Reality
K242781,2024-10-15,2024,cvi42 Software Application,Circle Cardiovascular Imaging Inc.,Radiology,QIH,,,,,,False,,,device_not_oncology,False,True,892.2050,Radiology,Automated Radiological Image Processing Software
K241971,2024-10-11,2024,"HERA Z20, R20, HERA Z30, R30 Diagnostic Ultrasound System","Samsung Medison Co., Ltd.",Radiology,IYN,,,,,,False,,,device_not_oncology,False,True,892.1550,Radiology,"System, Imaging, Pulsed Doppler, Ultrasonic"
K241430,2024-10-10,2024,EchoMeasure,iCardio.ai,Radiology,QIH,,,,,,False,,,device_not_oncology,False,True,892.2050,Radiology,Automated Radiological Image Processing Software
K241837,2024-10-09,2024,Limbus Contour,Limbus AI Inc.,Radiology,QKB,radiology,radiology_radiation_therapy,Cancer treatment planning,510(k),892.2050,True,device,high,,False,True,892.2050,Radiology,Radiological Image Processing Software For Radiation Therapy
K240980,2024-10-07,2024,EPIQ Series Diagnostic Ultrasound System,Philips Ultrasound LLC,Radiology,IYN,,,,,,False,,,device_not_oncology,False,True,892.1550,Radiology,"System, Imaging, Pulsed Doppler, Ultrasonic"
K241029,2024-10-07,2024,SpineUs System,Verdure Imaging,Radiology,IYO,,,,,,False,,,device_not_oncology,False,True,892.1560,Radiology,"System, Imaging, Pulsed Echo, Ultrasonic"
K242652,2024-10-04,2024,Lunit INSIGHT DBT v1.1,Lunit Inc.,Radiology,QDQ,radiology,radiology_cancer_detection,Cancer detection and assessment,510(k),892.2090,True,device,high,,False,True,892.2090,Radiology,Radiological Computer Assisted Detection/Diagnosis Software For Lesions Suspicious For Cancer
K241245,2024-10-04,2024,EchoSolv AS,Echo IQ Ltd,Radiology,POK,,,,,,False,,,device_not_oncology,False,True,892.2060,Radiology,Computer-Assisted Diagnostic Software For Lesions Suspicious For Cancer
K240553,2024-10-04,2024,LVivo Software Application,DiA Imaging Analysis Ltd.,Radiology,QIH,,,,,,False,,,device_not_oncology,False,True,892.2050,Radiology,Automated Radiological Image Processing Software
K242005,2024-10-02,2024,Versana Premier; Versana Premier Lotus; LOGIQ F,GE Medical Systems Ultrasound and Primary Care Diagnostics,Radiology,IYN,,,,,,False,,,device_not_oncology,False,True,892.1550,Radiology,"System, Imaging, Pulsed Doppler, Ultrasonic"
K241561,2024-10-02,2024,MammoScreen BD,Therapixel,Radiology,QIH,,,,,,False,,,device_not_oncology,False,True,892.2050,Radiology,Automated Radiological Image Processing Software
K240943,2024-10-01,2024,LungVision,BodyVision Medical Ltd.,Radiology,QIH,radiology,radiology_cancer_detection,Cancer detection and assessment,510(k),,True,device,medium,,False,True,892.2050,Radiology,Automated Radiological Image Processing Software
K241331,2024-10-01,2024,MuscleView,"Springbok, Inc.",Radiology,LNH,,,,,,False,,,device_not_oncology,False,True,892.1000,Radiology,"System, Nuclear Magnetic Resonance Imaging"
K240993,2024-09-27,2024,encevis (2.1),AIT Austrian Institute of Technology GmbH,Neurology,OMB,,,,,,False,,,code_unlisted_off_panel,False,True,882.1400,Neurology,Automatic Event Detection Software For Full-Montage Electroencephalograph
K240369,2024-09-27,2024,CAC (gated) Algorithm,BunkerHill Health,Radiology,JAK,,,,,,False,,,device_not_oncology,False,True,892.1750,Radiology,"System, X-Ray, Tomography, Computed"
K241480,2024-09-27,2024,JBS-LVO,"JLK, Inc.",Radiology,QAS,,,,,,False,,,device_not_oncology,False,True,892.2080,Radiology,Radiological Computer-Assisted Triage And Notification Software
K242292,2024-09-24,2024,uAI Easy Triage ICH,"Shanghai United Imaging Intelligence Co., Ltd.",Radiology,QAS,,,,,,False,,,device_not_oncology,False,True,892.2080,Radiology,Radiological Computer-Assisted Triage And Notification Software
K240013,2024-09-23,2024,EchoGo Heart Failure (2.0),Ultromics Limited,Cardiovascular,QUO,,,,,,False,,,code_unlisted_off_panel,False,True,870.2200,Cardiovascular,Adjunctive Heart Failure Status Indicator
P140011/S008,2024-09-23,2024,MAMMOMAT B.brilliant with Tomosynthesis Option,"SIEMENS MEDICAL SOLUTIONS USA, INC.",Radiology,OTE,,,,,,False,,,device_not_oncology,False,True,,Unknown,Digital Breast Tomosynthesis
K240036,2024-09-20,2024,PIUR tUS Infinity,PIUR Imaging GmbH,Radiology,QIH,,,,,,False,,,device_not_oncology,False,True,892.2050,Radiology,Automated Radiological Image Processing Software
K240929,2024-09-13,2024,Sleep Apnea Notification Feature (SANF),Apple Inc.,Anesthesiology,QZW,,,,,,False,,,code_unlisted_off_panel,False,True,868.2378,Anesthesiology,Over-The-Counter Device To Assess Risk Of Sleep Apnea
K241280,2024-09-12,2024,Constellation (CON-001),"Q Bio, Inc.",Radiology,QIH,,,,,,False,,,device_unresolved,False,True,892.2050,Radiology,Automated Radiological Image Processing Software
K240942,2024-09-12,2024,CINA-CSpine,Avicenna.AI,Radiology,QAS,,,,,,False,,,device_not_oncology,False,True,892.2080,Radiology,Radiological Computer-Assisted Triage And Notification Software
K241582,2024-09-12,2024,"Aplio i900/i800/i700 Diagnostic Ultrasound System, Software V7.0 (TUS-AI900, TUS-AI800, TUS-AI700)",Canon Medical Systems Corporation,Radiology,IYN,,,,,,False,,,device_not_oncology,False,True,892.1550,Radiology,"System, Imaging, Pulsed Doppler, Ultrasonic"
K241380,2024-09-11,2024,FETOLY-HEART,Diagnoly,Radiology,IYN,,,,,,False,,,device_not_oncology,False,True,892.1550,Radiology,"System, Imaging, Pulsed Doppler, Ultrasonic"
K240094,2024-09-10,2024,LumiNE US; Lumi,Augmedit B.V.,Radiology,QIH,,,,,,False,,,device_unresolved,False,True,892.2050,Radiology,Automated Radiological Image Processing Software
K240791,2024-09-09,2024,ADAS 3D,Adas3D Medical S.L,Radiology,QIH,,,,,,False,,,device_not_oncology,False,True,892.2050,Radiology,Automated Radiological Image Processing Software
K241681,2024-09-09,2024,Overjet Image Enhancement Assist,Overjet Inc,Radiology,QIH,,,,,,False,,,device_not_oncology,False,True,892.2050,Radiology,Automated Radiological Image Processing Software
K240697,2024-09-09,2024,"See-Mode Augmented Reporting Tool, Thyroid (SMART-T)",See-Mode Technologies Pte. Ltd.,Radiology,QDQ,radiology,radiology_cancer_detection,Cancer detection and assessment,510(k),892.2090,True,device,high,,False,True,892.2090,Radiology,Radiological Computer Assisted Detection/Diagnosis Software For Lesions Suspicious For Cancer
K240411,2024-09-06,2024,uAI Portal,"Shanghai United Imaging Intelligence Co., Ltd.",Radiology,QIH,,,,,,False,,,device_unresolved,False,True,892.2050,Radiology,Automated Radiological Image Processing Software
K233998,2024-09-05,2024,TRAQinform IQ,"AIQ Global, Inc.",Radiology,LLZ,radiology,radiology_cancer_detection,Cancer detection and assessment,510(k),,True,device,high,,False,True,892.2050,Radiology,"System, Image Processing, Radiological"
K233977,2024-09-04,2024,Velacur,Sonic Incytes,Radiology,IYO,,,,,,False,,,device_not_oncology,False,True,892.1560,Radiology,"System, Imaging, Pulsed Echo, Ultrasonic"
K240003,2024-08-30,2024,Velmeni for Dentists (V4D),Velmeni Inc.,Radiology,MYN,,,,,,False,,,device_not_oncology,False,True,892.2070,Radiology,"Analyzer, Medical Image"
K241847,2024-08-30,2024,Imbio PHA (4.0.0),"Imbio, Inc",Radiology,QIH,,,,,,False,,,device_not_oncology,False,True,892.2050,Radiology,Automated Radiological Image Processing Software
K241585,2024-08-30,2024,uMI Panorama,"Shanghai United Imaging Healthcare Co.,Ltd.",Radiology,KPS,,,,,,False,,,device_not_oncology,False,True,892.1200,Radiology,"System, Tomography, Computed, Emission"
K242300,2024-08-30,2024,MI View&GO,"Siemens Medical Solutions USA, Inc.",Radiology,QIH,,,,,,False,,,device_not_oncology,False,True,892.2050,Radiology,Automated Radiological Image Processing Software
K242275,2024-08-30,2024,syngo.via MI Workflows; Scenium; syngo MBF,"Siemens Medical Solutions USA, Inc.",Radiology,QIH,,,,,,False,,,device_unresolved,False,True,892.2050,Radiology,Automated Radiological Image Processing Software
K233826,2024-08-29,2024,Kosmos,"EchoNous, Inc.",Radiology,IYN,,,,,,False,,,device_not_oncology,False,True,892.1550,Radiology,"System, Imaging, Pulsed Doppler, Ultrasonic"
K241684,2024-08-27,2024,Overjet Charting Assist,"Overjet, Inc",Radiology,QIH,,,,,,False,,,device_not_oncology,False,True,892.2050,Radiology,Automated Radiological Image Processing Software
K241098,2024-08-22,2024,NeuroQuant,"CorTechs Labs, Inc.",Radiology,QIH,,,,,,False,,,device_not_oncology,False,True,892.2050,Radiology,Automated Radiological Image Processing Software
K240290,2024-08-21,2024,AiMIFY (1.x),"Subtle Medical, Inc.",Radiology,LLZ,,,,,,False,,,device_not_oncology,False,True,892.2050,Radiology,"System, Image Processing, Radiological"
K241496,2024-08-20,2024,"Vantage Galan 3T, MRT-3020, V10.0 with AiCE Reconstruction Processing Unit for MR",Canon Medical Systems Corporation,Radiology,LNH,,,,,,False,,,device_not_oncology,False,True,892.1000,Radiology,"System, Nuclear Magnetic Resonance Imaging"
K240200,2024-08-20,2024,HYDROS Robotic System; HYDROS TRUS Probe; HYDROS Handpiece,Procept BioRobotics,General and Plastic Surgery,PZP,,,,,,False,,,code_unlisted_off_panel,False,True,876.4350,"General, Plastic Surgery",Fluid Jet Removal System
K241440,2024-08-19,2024,HealthCCSng,Nano-X AI Ltd.,Radiology,JAK,,,,,,False,,,device_not_oncology,False,True,892.1750,Radiology,"System, X-Ray, Tomography, Computed"
K240740,2024-08-16,2024,qCT LN Quant,Qure.ai Technologies,Radiology,QIH,radiology,radiology_cancer_detection,Cancer detection and assessment,510(k),,True,device,medium,,False,True,892.2050,Radiology,Automated Radiological Image Processing Software
K233755,2024-08-16,2024,HeartKey® Rhythm,B-Secur Limited,Cardiovascular,DQK,,,,,,False,,,code_unlisted_off_panel,False,True,870.1425,Cardiovascular,"Computer, Diagnostic, Programmable"
K241596,2024-08-15,2024,uMI Panvivo,"Shanghai United Imaging Healthcare Co., Ltd.",Radiology,KPS,,,,,,False,,,device_not_oncology,False,True,892.1200,Radiology,"System, Tomography, Computed, Emission"
K241211,2024-08-15,2024,CoLumbo,Smart Soft Healthcare,Radiology,QIH,,,,,,False,,,device_not_oncology,False,True,892.2050,Radiology,Automated Radiological Image Processing Software
K241429,2024-08-13,2024,ECHELON Synergy MRI System,FUJIFILM Healthcare Corporation,Radiology,LNH,,,,,,False,,,device_not_oncology,False,True,892.1000,Radiology,"System, Nuclear Magnetic Resonance Imaging"
K242054,2024-08-12,2024,OptimMRI (v2),"Rebrain, SAS",Radiology,QIH,,,,,,False,,,device_not_oncology,False,True,892.2050,Radiology,Automated Radiological Image Processing Software
K233822,2024-08-08,2024,i2Contour,MRIMath LLC,Radiology,QIH,,,,,,False,,,device_unresolved,False,True,892.2050,Radiology,Automated Radiological Image Processing Software
K241665,2024-08-08,2024,Omni Legend,"GE Medical Systems Israel, Functional Imaging",Radiology,KPS,,,,,,False,,,device_not_oncology,False,True,892.1200,Radiology,"System, Tomography, Computed, Emission"
K233992,2024-08-05,2024,Precision AI Surgical Planning System (PAI-SPS),Precision AI Pty Ltd,Orthopedic,QHE,,,,,,False,,,code_unlisted_off_panel,False,True,888.3660,Orthopedic,Shoulder Arthroplasty Implantation System
K240953,2024-08-05,2024,AI Platform 2.0 (AIP002),Exo Imaging,Radiology,QIH,,,,,,False,,,device_not_oncology,False,True,892.2050,Radiology,Automated Radiological Image Processing Software
K233984,2024-08-02,2024,Acumen Assisted Fluid Management (AFM) Software Feature,"Edwards Lifesciences, LLC",Cardiovascular,QMS,,,,,,False,,,code_unlisted_off_panel,False,True,870.5600,Cardiovascular,Adjunctive Open Loop Fluid Therapy Recommender
K234141,2024-08-01,2024,AISAP Cardio V1.0,Aisap,Radiology,POK,,,,,,False,,,device_not_oncology,False,True,892.2060,Radiology,Computer-Assisted Diagnostic Software For Lesions Suspicious For Cancer
K233731,2024-08-01,2024,CardIQ Suite,GE Medical Systems SCS,Radiology,JAK,,,,,,False,,,device_not_oncology,False,True,892.1750,Radiology,"System, X-Ray, Tomography, Computed"
K240301,2024-08-01,2024,MammoScreen® (3),Therapixel,Radiology,QDQ,radiology,radiology_cancer_detection,Cancer detection and assessment,510(k),892.2090,True,device,high,,False,True,892.2090,Radiology,Radiological Computer Assisted Detection/Diagnosis Software For Lesions Suspicious For Cancer
K241887,2024-07-25,2024,GI Genius Module 100 (GGM100.US); GI Genius Module 200 (GGM200.US); ColonPRO 4.0 (CPRO40.US); GI Genius Module 300 (GGM300-US); ColonPRO 4.0 (CPRO40S-US),Cosmo Artificial Intelligence - AI Ltd,Gastroenterology-Urology,QNP,,,,,,False,,,code_unlisted_off_panel,False,True,876.1520,"Gastroenterology, Urology",Gastrointesinal Lesion Software Detection System
K240044,2024-07-24,2024,CADDIE,Odin Medical Limited,Gastroenterology-Urology,QNP,,,,,,False,,,code_unlisted_off_panel,False,True,876.1520,"Gastroenterology, Urology",Gastrointesinal Lesion Software Detection System
K240704,2024-07-22,2024,"ACUSON Sequoia Diagnostic Ultrasound System, ACUSON Sequoia Select Diagnostic Ultrasound System, ACUSON Origin Diagnostic Ultrasound System, ACUSON Origin ICE  Diagnostic Ultrasound System","Siemens Medical Solutions, USA, Inc.",Radiology,IYN,,,,,,False,,,device_not_oncology,False,True,892.1550,Radiology,"System, Imaging, Pulsed Doppler, Ultrasonic"
K240845,2024-07-17,2024,Rayvolve,AZmed SAS,Radiology,QBS,,,,,,False,,,device_not_oncology,False,True,892.2090,Radiology,Radiological Computer Assisted Detection/Diagnosis Software For Fracture
K241121,2024-07-17,2024,MICSI-RMT,"Microstructure Imaging, Inc.",Radiology,LLZ,,,,,,False,,,device_unresolved,False,True,892.2050,Radiology,"System, Image Processing, Radiological"
K240944,2024-07-16,2024,Swoop® Portable MR Imaging® System,"Hyperfine, Inc.",Radiology,LNH,,,,,,False,,,device_not_oncology,False,True,892.1000,Radiology,"System, Nuclear Magnetic Resonance Imaging"
K240285,2024-07-15,2024,Huxley SANSA Home Sleep Apnea Test (1000-00),Huxley Medical,Anesthesiology,MNR,,,,,,False,,,code_unlisted_off_panel,False,True,868.2375,Anesthesiology,Ventilatory Effort Recorder
K234009,2024-07-12,2024,Acorn 3D Software (AC-SEG-4009); Acorn 3DP Model (AC-101-XX),Mighty Oak Medical,Radiology,QIH,,,,,,False,,,device_not_oncology,False,True,892.2050,Radiology,Automated Radiological Image Processing Software
K233457,2024-07-12,2024,RUS,Hutom Inc.,Radiology,QIH,,,,,,False,,,device_unresolved,False,True,892.2050,Radiology,Automated Radiological Image Processing Software
K241727,2024-07-12,2024,BriefCase-Triage,"Aidoc Medical, Ltd.",Radiology,QAS,,,,,,False,,,device_not_oncology,False,True,892.2080,Radiology,Radiological Computer-Assisted Triage And Notification Software
K241329,2024-07-11,2024,SubtleSYNTH (1.x),"Subtle Medical, Inc.",Radiology,QIH,,,,,,False,,,device_not_oncology,False,True,892.2050,Radiology,Automated Radiological Image Processing Software
K241508,2024-07-03,2024,SKOUT® system,"Iterative Scopes, Inc.",Gastroenterology-Urology,QNP,,,,,,False,,,code_unlisted_off_panel,False,True,876.1520,"Gastroenterology, Urology",Gastrointesinal Lesion Software Detection System
K240736,2024-07-02,2024,SMART Bun-Yo-Matic X-Ray,Disior Ltd,Radiology,QIH,,,,,,False,,,device_not_oncology,False,True,892.2050,Radiology,Automated Radiological Image Processing Software
K240555,2024-07-02,2024,Tyto Insights for Crackles Detection,Tyto Care Ltd.,Anesthesiology,PHZ,,,,,,False,,,code_unlisted_off_panel,False,True,868.1900,Anesthesiology,Abnormal Breath Sound Device
K240353,2024-07-01,2024,Hyper Insight - ICH,SK Inc.,Radiology,QAS,,,,,,False,,,device_not_oncology,False,True,892.2080,Radiology,Radiological Computer-Assisted Triage And Notification Software
K240582,2024-06-25,2024,VEA Align; spineEOS,EOS imaging,Radiology,QIH,,,,,,False,,,device_not_oncology,False,True,892.2050,Radiology,Automated Radiological Image Processing Software
K233253,2024-06-21,2024,eCARTv5 Clinical Deterioration Suite (eCART),"AgileMD, Inc.",Cardiovascular,QNL,,,,,,False,,,code_unlisted_off_panel,False,True,870.2210,Cardiovascular,Medium-Term Adjunctive Predictive Cardiovascular Indicator
K240631,2024-06-21,2024,"V8/XV8/XH8, V7/XV7/XH7, V6/XV6/XH6 Diagnostic Ultrasound System","Samsung Medison Co., Ltd.",Radiology,IYN,,,,,,False,,,device_not_oncology,False,True,892.1550,Radiology,"System, Imaging, Pulsed Doppler, Ultrasonic"
K240465,2024-06-21,2024,O-arm O2 Imaging System,"Medtronic Navigation, Inc",Radiology,OWB,,,,,,False,,,device_not_oncology,False,True,892.1650,Radiology,Interventional Fluoroscopic X-Ray System
K233196,2024-06-21,2024,Medihub Prostate,JLK Inc.,Radiology,QIH,radiology,radiology_cancer_detection,Cancer detection and assessment,510(k),,True,device,medium,,False,True,892.2050,Radiology,Automated Radiological Image Processing Software
K233549,2024-06-21,2024,Tempus ECG-AF,"Tempus AI, Inc.",Cardiovascular,SBQ,,,,,,False,,,code_unlisted_off_panel,False,True,870.2380,Cardiovascular,Atrial Fibrillation Risk Prediction Machine Learning-Based Notification Software
K240642,2024-06-20,2024,SMART Bun-Yo-Matic CT,Disior Ltd,Radiology,QIH,,,,,,False,,,device_not_oncology,False,True,892.2050,Radiology,Automated Radiological Image Processing Software
K241083,2024-06-14,2024,SIS System,"Surgical Information Sciences, Inc.",Radiology,QIH,,,,,,False,,,device_not_oncology,False,True,892.2050,Radiology,Automated Radiological Image Processing Software
K233955,2024-06-14,2024,Clarius OB AI,Clarius Mobile Health Corp.,Radiology,IYN,,,,,,False,,,device_not_oncology,False,True,892.1550,Radiology,"System, Imaging, Pulsed Doppler, Ultrasonic"
K233662,2024-06-13,2024,Radiography 7300 C,Philips Medical Systems DMC GmbH,Radiology,KPR,,,,,,False,,,device_not_oncology,False,True,892.1680,Radiology,"System, X-Ray, Stationary"
K233925,2024-06-13,2024,Relu Creator,Relu BV,Radiology,QIH,,,,,,False,,,device_not_oncology,False,True,892.2050,Radiology,Automated Radiological Image Processing Software
K240516,2024-06-12,2024,RS85 Diagnostic Ultrasound System,"Samsung Medison Co., Ltd.",Radiology,IYN,,,,,,False,,,device_not_oncology,False,True,892.1550,Radiology,"System, Imaging, Pulsed Doppler, Ultrasonic"
K232035,2024-06-07,2024,Impala,"AliveCor, Inc.",Cardiovascular,DPS,,,,,,False,,,code_unlisted_off_panel,False,True,870.2340,Cardiovascular,Electrocardiograph
K231010,2024-06-07,2024,Corvair,"AliveCor, Inc.",Cardiovascular,MHX,,,,,,False,,,code_unlisted_off_panel,False,True,870.1025,Cardiovascular,"Monitor, Physiological, Patient(With Arrhythmia Detection Or Alarms)"
K241038,2024-06-07,2024,Cardiac CT Function Software Application,Circle Cardiovascular Imaging,Radiology,QIH,,,,,,False,,,device_not_oncology,False,True,892.2050,Radiology,Automated Radiological Image Processing Software
K234042,2024-06-07,2024,EFAI Bonesuite XR Bone Age Pro Assessment System (BAP-XR-100),"Ever Fortune.AI Co., Ltd.",Radiology,QIH,,,,,,False,,,device_not_oncology,False,True,892.2050,Radiology,Automated Radiological Image Processing Software
K240612,2024-05-31,2024,CINA-VCF,Avicenna.AI,Radiology,QFM,,,,,,False,,,device_not_oncology,False,True,892.2080,Radiology,Radiological Computer-Assisted Prioritization Software For Lesions
K234154,2024-05-24,2024,uPMR 790,"Shanghai United Imaging Healthcare Co., Ltd.",Radiology,OUO,,,,,,False,,,device_not_oncology,False,True,892.1200,Radiology,Tomographic Imager Combining Emission Computed Tomography With Nuclear Magnetic Resonance
K240769,2024-05-24,2024,LVivo IQS,DiA Imaging Analysis Ltd.,Radiology,QIH,,,,,,False,,,device_not_oncology,False,True,892.2050,Radiology,Automated Radiological Image Processing Software
K240294,2024-05-23,2024,Syngo Carbon Enterprise Access (VA40A),Siemens Healthcare GmbH,Radiology,LLZ,,,,,,False,,,device_not_oncology,False,True,892.2050,Radiology,"System, Image Processing, Radiological"
K233108,2024-05-23,2024,VinDr-Mammo,VinBigData Joint Stock Company,Radiology,QFM,radiology,radiology_cancer_detection,Cancer detection and assessment,510(k),,True,device,high,,False,True,892.2080,Radiology,Radiological Computer-Assisted Prioritization Software For Lesions
K233543,2024-05-21,2024,YSIO X.pree,Siemens Medical Solutions,Radiology,KPR,,,,,,False,,,device_not_oncology,False,True,892.1680,Radiology,"System, X-Ray, Stationary"
DEN230035,2024-05-17,2024,DentalMonitoring,Dental Monitoring SAS,Dental,SBC,,,,,,False,,,code_unlisted_off_panel,False,True,872.1770,Dental,Dental Image Analyzer
K233209,2024-05-17,2024,uOmnispace.CT,"Shanghai United Imaging Healthcare Co., Ltd.",Radiology,QIH,,,,,,False,,,device_not_oncology,False,True,892.2050,Radiology,Automated Radiological Image Processing Software
K233625,2024-05-16,2024,RAYDENT SW,"RAY Co., Ltd.",Dental,PNN,,,,,,False,,,code_unlisted_off_panel,False,True,872.5470,Dental,Orthodontic Software
K233247,2024-05-15,2024,Heuron ICH,"Heuron Co., Ltd.",Radiology,QAS,,,,,,False,,,device_not_oncology,False,True,892.2080,Radiology,Radiological Computer-Assisted Triage And Notification Software
K241112,2024-05-15,2024,BriefCase-Quantification,"Aidoc Medical, Ltd.",Radiology,QIH,,,,,,False,,,device_unresolved,False,True,892.2050,Radiology,Automated Radiological Image Processing Software
DEN230043,2024-05-15,2024,Notal Vision Home Optical Coherence Tomography (OCT) System,Notal Vision Inc,Ophthalmic,SAX,,,,,,False,,,code_unlisted_off_panel,False,True,886.1600,Ophthalmic,Home Monitoring Ophthalmic Optical Coherence Tomography (Oct) Imaging Device
K232410,2024-05-10,2024,SmartChest,Milvue,Radiology,QFM,,,,,,False,,,device_unresolved,False,True,892.2080,Radiology,Radiological Computer-Assisted Prioritization Software For Lesions
K233864,2024-05-07,2024,ASSURE Wearable ECG,"Kestra Medical Technologies, Inc.",Cardiovascular,MWJ,,,,,,False,,,code_unlisted_off_panel,False,True,870.2800,Cardiovascular,"Electrocardiograph, Ambulatory (Without Analysis)"
K232928,2024-05-07,2024,DeepContour (V1.0),"Wisdom Technologies., Inc.",Radiology,QKB,radiology,radiology_radiation_therapy,Cancer treatment planning,510(k),892.2050,True,device,medium,,False,True,892.2050,Radiology,Radiological Image Processing Software For Radiation Therapy
K233687,2024-05-03,2024,ECHELON Synergy V10.0,Fujifilm Healthcare Americas Corporation,Radiology,LNH,,,,,,False,,,device_not_oncology,False,True,892.1000,Radiology,"System, Nuclear Magnetic Resonance Imaging"
K232416,2024-05-03,2024,AUTION EYE AI-4510 Urine Particle Analysis System,Arkray Inc.,Hematology,LKM,,,,,,False,,,code_unlisted_off_panel,False,True,864.5200,Hematology,"Counter, Urine Particle"
K232491,2024-05-03,2024,CT 5300,"Philips Healthcare (Suzhou) Co., Ltd.",Radiology,JAK,,,,,,False,,,device_not_oncology,False,True,892.1750,Radiology,"System, X-Ray, Tomography, Computed"
K232923,2024-04-30,2024,Ethos Treatment Management (3.0); Ethos Treatment Planning (2.0),Varian Medical Systems Inc.,Radiology,IYE,radiology,radiology_radiation_therapy,Cancer treatment planning,510(k),892.5050,True,device,high,,False,True,892.5050,Radiology,"Accelerator, Linear, Medical"
K240062,2024-04-29,2024,ARVIS® Shoulder,"Insight Medical Systems, Inc.",Neurology,OLO,,,,,,False,,,code_unlisted_off_panel,False,True,882.4560,Neurology,Orthopedic Stereotaxic Instrument
K232799,2024-04-26,2024,syngo.via RT Image Suite,"Siemens Medical Solutions USA, Inc.",Radiology,MUJ,radiology,radiology_radiation_therapy,Cancer treatment planning,510(k),892.5050,True,device,high,,False,True,892.5050,Radiology,"System, Planning, Radiation Therapy Treatment"
K240406,2024-04-26,2024,Sonio Detect,Sonio,Radiology,IYN,,,,,,False,,,device_not_oncology,False,True,892.1550,Radiology,"System, Imaging, Pulsed Doppler, Ultrasonic"
K233673,2024-04-26,2024,uMR Jupiter,"Shanghai United Imaging Healthcare Co., Ltd",Radiology,LNH,,,,,,False,,,device_not_oncology,False,True,892.1000,Radiology,"System, Nuclear Magnetic Resonance Imaging"
K232331,2024-04-25,2024,InVision Precision LVEF (LVEF),InVision Medical Technology Corporation,Radiology,QIH,,,,,,False,,,device_not_oncology,False,True,892.2050,Radiology,Automated Radiological Image Processing Software
K240850,2024-04-24,2024,EPIQ Series Diagnostic Ultrasound Systems; Affiniti Series Diagnostic Ultrasound Systems,Philips Ultrasound LLC,Radiology,IYN,,,,,,False,,,device_not_oncology,False,True,892.1550,Radiology,"System, Imaging, Pulsed Doppler, Ultrasonic"
K240058,2024-04-23,2024,AEYE-DS,AEYE Health Inc.,Ophthalmic,PIB,,,,,,False,,,code_unlisted_off_panel,False,True,886.1100,Ophthalmic,Diabetic Retinopathy Detection Device
K234068,2024-04-22,2024,ART-Plan (v.2.2.0),Therapanacea SAS,Radiology,MUJ,radiology,radiology_radiation_therapy,Cancer treatment planning,510(k),892.5050,True,device,high,,False,True,892.5050,Radiology,"System, Planning, Radiation Therapy Treatment"
K233582,2024-04-22,2024,Rapid,iSchema View Inc.,Radiology,LLZ,,,,,,False,,,device_not_oncology,False,True,892.2050,Radiology,"System, Image Processing, Radiological"
K240781,2024-04-19,2024,SKOUT® system,"Iterative Scopes, Inc.",Gastroenterology-Urology,QNP,,,,,,False,,,code_unlisted_off_panel,False,True,876.1520,"Gastroenterology, Urology",Gastrointesinal Lesion Software Detection System
K233186,2024-04-17,2024,uOmnispace.MR,"Shanghai United Imaging Healthcare Co., Ltd.",Radiology,QIH,,,,,,False,,,device_not_oncology,False,True,892.2050,Radiology,Automated Radiological Image Processing Software
K240773,2024-04-15,2024,VisAble.IO,Techsomed,Radiology,QTZ,radiology,radiology_radiation_therapy,Cancer treatment planning,510(k),,True,device,high,,False,True,892.2050,Radiology,Radiological Image Processing Software For Ablation Therapy Planning And Evaluation
K240238,2024-04-12,2024,"Vantage Fortian/Orian 1.5T, MRT-1550, V9.0 with AiCE Reconstruction Processing Unit for MR",Canon Medical Systems Corporation,Radiology,LNH,,,,,,False,,,device_not_oncology,False,True,892.1000,Radiology,"System, Nuclear Magnetic Resonance Imaging"
K233698,2024-04-11,2024,True Enhance DL,GE Healthcare Japan Corporation,Radiology,JAK,,,,,,False,,,device_not_oncology,False,True,892.1750,Radiology,"System, X-Ray, Tomography, Computed"
K240744,2024-04-10,2024,uMR 680,"Shanghai United Imaging Healthcare Co., Ltd.",Radiology,LNH,,,,,,False,,,device_not_oncology,False,True,892.1000,Radiology,"System, Nuclear Magnetic Resonance Imaging"
DEN230023,2024-04-09,2024,Rho,16 Bit Inc,Radiology,SAO,,,,,,False,,,device_not_oncology,False,True,892.1171,Radiology,Radiology Software For Opportunistic Evaluation Of Low Bone Mineral Density
K240291,2024-04-08,2024,EFAI CARDIOSUITE CTA ACUTE AORTIC SYNDROME ASSESSMENT SYSTEM,"Ever Fortune.AI, Co., Ltd.",Radiology,QAS,,,,,,False,,,device_not_oncology,False,True,892.2080,Radiology,Radiological Computer-Assisted Triage And Notification Software
K233666,2024-04-05,2024,CorVista System with PH Add-On,"Analytics for Life, Inc.",Cardiovascular,SAT,,,,,,False,,,code_unlisted_off_panel,False,True,870.2380,Cardiovascular,Pulmonary Hypertension Machine Learning-Based Notification Software
K233249,2024-04-05,2024,APPRAISE-HRI,"The Surgeon General, Department of the Army (TSG-DA)",Cardiovascular,SAR,,,,,,False,,,code_unlisted_off_panel,False,True,870.2220,Cardiovascular,Adjunctive Hemodynamic Indicator With Decision Point For Military Use
K240172,2024-04-04,2024,Preview Shoulder,Genesis Software Innovations,Radiology,QIH,,,,,,False,,,device_not_oncology,False,True,892.2050,Radiology,Automated Radiological Image Processing Software
K232899,2024-04-03,2024,AI-Rad Companion Organs RT,Siemens Medical Solutions U.S.A.,Radiology,QKB,radiology,radiology_radiation_therapy,Cancer treatment planning,510(k),892.2050,True,device,high,,False,True,892.2050,Radiology,Radiological Image Processing Software For Radiation Therapy
K233618,2024-04-03,2024,Oxevision Sleep Device,Oxehealth Limited,Neurology,LEL,,,,,,False,,,code_unlisted_off_panel,False,True,882.5050,Neurology,"Device, Sleep Assessment"
DEN230036,2024-04-02,2024,Sepsis ImmunoScore,"Prenosis, Inc.",General Hospital,SAK,,,,,,False,,,code_unlisted_off_panel,False,True,880.6316,General Hospital,Software Device To Aid In The Prediction Or Diagnosis Of Sepsis
K232835,2024-04-02,2024,Aquilion ONE (TSX-308A/3) V1.4 with PIQE Reconstruction System,Canon Medical Systems Corporation,Radiology,JAK,,,,,,False,,,device_not_oncology,False,True,892.1750,Radiology,"System, X-Ray, Tomography, Computed"
K233676,2024-04-01,2024,Us2.v2,Eko.ai Pte. Ltd d/b/a Us2.ai,Radiology,QIH,,,,,,False,,,device_not_oncology,False,True,892.2050,Radiology,Automated Radiological Image Processing Software
K233211,2024-03-29,2024,AVIEW CAC,"Coreline Soft Co., Ltd.",Radiology,QIH,,,,,,False,,,device_not_oncology,False,True,892.2050,Radiology,Automated Radiological Image Processing Software
K233657,2024-03-28,2024,NAEOTOM Alpha,"Siemens Medical Solutions USA, Inc.",Radiology,JAK,,,,,,False,,,device_not_oncology,False,True,892.1750,Radiology,"System, X-Ray, Tomography, Computed"
K233409,2024-03-28,2024,Eko Low Ejection Fraction Tool (ELEFT),"Eko Health, Inc.",Cardiovascular,QYE,,,,,,False,,,code_unlisted_off_panel,False,True,870.2380,Cardiovascular,Reduced Ejection Fraction Machine Learning-Based Notification Software
K233650,2024-03-26,2024,SOMATOM go.Up; SOMATOM go.Now; SOMATOM go.All; SOMATOM go.Top; SOMATOM go.Sim; SOMATOM go.Open Pro; SOMATOM X.cite; SOMATOM X.ceed,"Siemens Medical Solutions USA, Inc.",Radiology,JAK,,,,,,False,,,device_not_oncology,False,True,892.1750,Radiology,"System, X-Ray, Tomography, Computed"
K232322,2024-03-22,2024,MAGNETOM Terra; MAGNETOM Terra.X,"Siemens Medical Solutions USA, Inc.",Radiology,LNH,,,,,,False,,,device_not_oncology,False,True,892.1000,Radiology,"System, Nuclear Magnetic Resonance Imaging"
K232431,2024-03-22,2024,syngo.CT Brain Hemorrhage,"Siemens Medical Solutions USA, Inc.",Radiology,QAS,,,,,,False,,,device_not_oncology,False,True,892.2080,Radiology,Radiological Computer-Assisted Triage And Notification Software
K240540,2024-03-22,2024,uMR Omega,"Shanghai United Imaging Healthcare Co., Ltd.",Radiology,LNH,,,,,,False,,,device_not_oncology,False,True,892.1000,Radiology,"System, Nuclear Magnetic Resonance Imaging"
K233753,2024-03-21,2024,AI-Rad Companion (Pulmonary),Siemens Healthcare GmbH,Radiology,JAK,radiology,radiology_cancer_detection,Cancer detection and assessment,510(k),,True,device,medium,,False,True,892.1750,Radiology,"System, X-Ray, Tomography, Computed"
K234047,2024-03-20,2024,Automatic Registration,Brainlab AG,Neurology,OLO,,,,,,False,,,code_unlisted_off_panel,False,True,882.4560,Neurology,Orthopedic Stereotaxic Instrument
K233342,2024-03-15,2024,CINA-ASPECTS,Avicenna.AI,Radiology,POK,,,,,,False,,,device_not_oncology,False,True,892.2060,Radiology,Computer-Assisted Diagnostic Software For Lesions Suspicious For Cancer
K233968,2024-03-13,2024,CINA-iPE,Avicenna.AI,Radiology,QAS,,,,,,False,,,device_not_oncology,False,True,892.2080,Radiology,Radiological Computer-Assisted Triage And Notification Software
K232140,2024-03-11,2024,OTS Hip,Ortoma AB,Neurology,OLO,,,,,,False,,,code_unlisted_off_panel,False,True,882.4560,Neurology,Orthopedic Stereotaxic Instrument
K233438,2024-03-08,2024,SleepStageML,"Beacon Biosignals, Inc.",Neurology,OLZ,,,,,,False,,,code_unlisted_off_panel,False,True,882.1400,Neurology,Automatic Event Detection Software For Polysomnograph With Electroencephalograph
K233692,2024-03-07,2024,"Voluson Signature 20, Voluson Signature 18","GE Medical Systems Ultrasound and Primary care Diagnostics,",Radiology,IYN,,,,,,False,,,device_not_oncology,False,True,892.1550,Radiology,"System, Imaging, Pulsed Doppler, Ultrasonic"
K231677,2024-03-06,2024,EdgeFlow UH10,Edgecare Inc.,Radiology,IYO,,,,,,False,,,device_not_oncology,False,True,892.1560,Radiology,"System, Imaging, Pulsed Echo, Ultrasonic"
K233738,2024-03-04,2024,Overjet Caries Assist-Pediatric,"Overjet, Inc",Radiology,MYN,,,,,,False,,,device_not_oncology,False,True,892.2070,Radiology,"Analyzer, Medical Image"
K233030,2024-03-01,2024,BoneMRI,MRIguidance B.V,Radiology,QIH,,,,,,False,,,device_not_oncology,False,True,892.2050,Radiology,Automated Radiological Image Processing Software
K231690,2024-03-01,2024,iCAS-LV,HighRAD Ltd.,Radiology,QIH,,,,,,False,,,device_not_oncology,False,True,892.2050,Radiology,Automated Radiological Image Processing Software
K232765,2024-02-29,2024,MAGNETOM Cima.X Fit,"Siemens Medical Solutions USA, Inc.",Radiology,LNH,,,,,,False,,,device_not_oncology,False,True,892.1000,Radiology,"System, Nuclear Magnetic Resonance Imaging"
K231683,2024-02-29,2024,inHEART Models,"inHEART, SAS",Radiology,QIH,,,,,,False,,,device_not_oncology,False,True,892.2050,Radiology,Automated Radiological Image Processing Software
K232613,2024-02-28,2024,CT Cardiomegaly,"Innolitics, LLC",Radiology,QIH,,,,,,False,,,device_not_oncology,False,True,892.2050,Radiology,Automated Radiological Image Processing Software
K233590,2024-02-23,2024,Overjet Charting Assist,"Overjet, Inc",Radiology,QIH,,,,,,False,,,device_not_oncology,False,True,892.2050,Radiology,Automated Radiological Image Processing Software
K233749,2024-02-22,2024,Revolution Ascend Sliding,"GE Hangwei Medical Systems Co., Ltd.",Radiology,JAK,,,,,,False,,,device_not_oncology,False,True,892.1750,Radiology,"System, X-Ray, Tomography, Computed"
K232148,2024-02-21,2024,X-Guide Surgical Navigation System,"X-Nav Technologies, LLC",Dental,QRY,,,,,,False,,,code_unlisted_off_panel,False,True,872.4120,Dental,Dental Navigation System
K232915,2024-02-15,2024,EpiMonitor,Empatica Srl,Neurology,POS,,,,,,False,,,code_unlisted_off_panel,False,True,882.1580,Neurology,Physiological Signal Based Seizure Monitoring System
K233788,2024-02-13,2024,"EPIQ Series Diagnostic Ultrasound System, Affiniti Series Diagnostic Ultrasound System",Philips Ultrasound LLC,Radiology,IYN,,,,,,False,,,device_not_oncology,False,True,892.1550,Radiology,"System, Imaging, Pulsed Doppler, Ultrasonic"
K231855,2024-02-13,2024,QOCA® image Smart RT Contouring System,Quanta Computer Inc.,Radiology,QKB,radiology,radiology_radiation_therapy,Cancer treatment planning,510(k),892.2050,True,device,high,,False,True,892.2050,Radiology,Radiological Image Processing Software For Radiation Therapy
K231355,2024-02-09,2024,Aurora,EnsoData,Anesthesiology,MNR,,,,,,False,,,code_unlisted_off_panel,False,True,868.2375,Anesthesiology,Ventilatory Effort Recorder
K233080,2024-02-08,2024,HealthFLD,Nano-X AI Ltd.,Radiology,JAK,,,,,,False,,,device_not_oncology,False,True,892.1750,Radiology,"System, X-Ray, Tomography, Computed"
DEN230041,2024-02-06,2024,Sleep Apnea Feature,"Samsung Electronics Co., Ltd",Anesthesiology,QZW,,,,,,False,,,code_unlisted_off_panel,False,True,868.2378,Anesthesiology,Over-The-Counter Device To Assess Risk Of Sleep Apnea
K232363,2024-02-05,2024,"Viz HDS, Viz Volume Plus, Viz ICH+","Viz.ai, Inc.",Radiology,QIH,,,,,,False,,,device_not_oncology,False,True,892.2050,Radiology,Automated Radiological Image Processing Software
DEN210035,2024-01-31,2024,Genius Digital Diagnostics System with the Genius Cervical AI algorithm,Hologic Inc.,Pathology,QYV,pathology,pathology,Digital pathology,De Novo,864.3900,True,device,high,,False,True,864.3900,Pathology,Digital Cervical Cytology Slide Imaging System With Artificial Intelligence Algorithm
K231396,2024-01-31,2024,CEPHX- Cephalometric Analysis Software,Orca Dental AI LTD,Radiology,LLZ,,,,,,False,,,device_not_oncology,False,True,892.2050,Radiology,"System, Image Processing, Radiological"
K233195,2024-01-24,2024,"Aplio i900, Aplio i800 and Aplio i700 Software V8.1 Diagnostic Ultrasound System",Canon Medical Systems Corporation,Radiology,IYN,,,,,,False,,,device_not_oncology,False,True,892.1550,Radiology,"System, Imaging, Pulsed Doppler, Ultrasonic"
K233728,2024-01-19,2024,SIGNA Champion,GE Healthcare (Tianjin) Company Limited,Radiology,LNH,,,,,,False,,,device_not_oncology,False,True,892.1000,Radiology,"System, Nuclear Magnetic Resonance Imaging"
K232156,2024-01-19,2024,Rapid ASPECTS (v3),"iSchemaView, Inc.",Radiology,POK,,,,,,False,,,device_not_oncology,False,True,892.2060,Radiology,Computer-Assisted Diagnostic Software For Lesions Suspicious For Cancer
K232698,2024-01-18,2024,NemoScan,Software Nemotec S.L.,Radiology,QIH,,,,,,False,,,device_not_oncology,False,True,892.2050,Radiology,Automated Radiological Image Processing Software
K231871,2024-01-17,2024,Radify Triage,Envisionit DeepAI Ltd,Radiology,QFM,,,,,,False,,,device_unresolved,False,True,892.2080,Radiology,Radiological Computer-Assisted Prioritization Software For Lesions
K233512,2024-01-16,2024,Rapid (6.0),"iSchemaView, Inc.",Radiology,QIH,,,,,,False,,,device_not_oncology,False,True,892.2050,Radiology,Automated Radiological Image Processing Software
K233216,2024-01-13,2024,CLEWICU System,Clew Medical Ltd.,Cardiovascular,QNL,,,,,,False,,,code_unlisted_off_panel,False,True,870.2210,Cardiovascular,Medium-Term Adjunctive Predictive Cardiovascular Indicator
K233677,2024-01-12,2024,Biograph VK10,"Siemens Medical Solutions USA, Inc.",Radiology,KPS,,,,,,False,,,device_not_oncology,False,True,892.1200,Radiology,"System, Tomography, Computed, Emission"
K233964,2024-01-12,2024,GI Genius Module 100 (GGM100.US); GI Genius Module 200 (GGM200.US); ColonPRO 4.0 (CPRO40.US),Cosmo Artificial Intelligence - AI Ltd,Gastroenterology-Urology,QNP,,,,,,False,,,code_unlisted_off_panel,False,True,876.1520,"Gastroenterology, Urology",Gastrointesinal Lesion Software Detection System
DEN230008,2024-01-12,2024,DermaSensor,DermaSensor Inc.,General and Plastic Surgery,QZS,,,,,,False,,,code_unlisted_off_panel,False,True,878.1830,"General, Plastic Surgery",Software-Aided Adjunctive Diagnostic Device For Use By Physicians On Lesions Suspicious For Skin Cancer
DEN220040,2024-01-12,2024,Fibresolve,"Imvaria, Inc",Radiology,QWO,,,,,,False,,,device_not_oncology,False,True,892.2085,Radiology,Radiology Software For Referral Of Findings Related To Fibrotic Lung Disease.
DEN220066,2024-01-11,2024,BrainSee,"Darmiyan, Inc.",Neurology,QWT,,,,,,False,,,code_unlisted_off_panel,False,True,882.1454,Neurology,Prognostic Assessment Software Of Mild Cognitive Impairment
K232250,2024-01-11,2024,SurgiCount+ System,Stryker Instruments,General Hospital,PBZ,,,,,,False,,,code_unlisted_off_panel,False,True,880.2750,General Hospital,Image Processing Device For Estimation Of External Blood Loss
K231324,2024-01-08,2024,DASI Dimensions (V1.0),DASI Simulations,Radiology,QIH,,,,,,False,,,device_not_oncology,False,True,892.2050,Radiology,Automated Radiological Image Processing Software
K232412,2024-01-08,2024,LungQ v3.0.0,Thirona BV,Radiology,JAK,,,,,,False,,,device_not_oncology,False,True,892.1750,Radiology,"System, X-Ray, Tomography, Computed"
K231068,2024-01-07,2024,autoSCORE,Holberg EEG AS,Neurology,OMB,,,,,,False,,,code_unlisted_off_panel,False,True,882.1400,Neurology,Automatic Event Detection Software For Full-Montage Electroencephalograph
K231917,2024-01-05,2024,VEA Align,EOS imaging,Radiology,QIH,,,,,,False,,,device_not_oncology,False,True,892.2050,Radiology,Automated Radiological Image Processing Software
K232808,2024-01-04,2024,Butterfly iQ3 Ultrasound System,"Butterfly Network, Inc.",Radiology,IYN,,,,,,False,,,device_not_oncology,False,True,892.1550,Radiology,"System, Imaging, Pulsed Doppler, Ultrasonic"
K231779,2024-01-03,2024,REMI AI Discrete Detection Module,"Epitel, Inc.",Neurology,OMB,,,,,,False,,,code_unlisted_off_panel,False,True,882.1400,Neurology,Automatic Event Detection Software For Full-Montage Electroencephalograph
K231130,2023-12-26,2023,TumorSight Viz,"SimBioSys, Inc.",Radiology,QIH,radiology,radiology_cancer_detection,Cancer detection and assessment,510(k),,True,device,high,,False,True,892.2050,Radiology,Automated Radiological Image Processing Software
K232535,2023-12-22,2023,MAGNETOM Sola; MAGNETOM Altea,"Siemens Medical Solutions USA, Inc.",Radiology,LNH,,,,,,False,,,device_not_oncology,False,True,892.1000,Radiology,"System, Nuclear Magnetic Resonance Imaging"
K232479,2023-12-22,2023,ART-Plan,TheraPanacea,Radiology,MUJ,radiology,radiology_radiation_therapy,Cancer treatment planning,510(k),892.5050,True,device,high,,False,True,892.5050,Radiology,"System, Planning, Radiation Therapy Treatment"
K231805,2023-12-22,2023,qXR-LN,Qure.ai Technologies,Radiology,MYN,radiology,radiology_cancer_detection,Cancer detection and assessment,510(k),,True,device,high,,False,True,892.2070,Radiology,"Analyzer, Medical Image"
K233112,2023-12-21,2023,HM70 EVO Diagnostic Ultrasound System,"Samsung Medison CO., LTD.",Radiology,IYN,,,,,,False,,,device_not_oncology,False,True,892.1550,Radiology,"System, Imaging, Pulsed Doppler, Ultrasonic"
K233176,2023-12-20,2023,uOmnispace.MI,"Shanghai United Imaging Healthcare Co., Ltd.",Radiology,LLZ,,,,,,False,,,device_unresolved,False,True,892.2050,Radiology,"System, Image Processing, Radiological"
K230850,2023-12-20,2023,United Orthopedic Knee Patient Specific Instrumentation,"Enhatch, Inc.",Orthopedic,OOG,,,,,,False,,,code_unlisted_off_panel,False,True,888.3560,Orthopedic,Knee Arthroplasty Implantation System
K231587,2023-12-18,2023,MAGNETOM Cima.X,"Siemens Medical Solutions USA, Inc.",Radiology,LNH,,,,,,False,,,device_not_oncology,False,True,892.1000,Radiology,"System, Nuclear Magnetic Resonance Imaging"
K231929,2023-12-18,2023,iQ-solutions,Sydney Neuroimaging Analysis Centre Pty Ltd,Radiology,QIH,,,,,,False,,,device_not_oncology,False,True,892.2050,Radiology,Automated Radiological Image Processing Software
K230751,2023-12-15,2023,EW10-EC02 Endoscopy Support Program,FUJIFILM Corporation,Gastroenterology-Urology,QNP,,,,,,False,,,code_unlisted_off_panel,False,True,876.1520,"Gastroenterology, Urology",Gastrointesinal Lesion Software Detection System
K232384,2023-12-15,2023,Videa Dental Assist,"VideaHealth, Inc.",Radiology,MYN,,,,,,False,,,device_not_oncology,False,True,892.2070,Radiology,"Analyzer, Medical Image"
K231570,2023-12-14,2023,StrokeViewer Perfusion,NICo-Lab B.V.,Radiology,LLZ,,,,,,False,,,device_not_oncology,False,True,892.2050,Radiology,"System, Image Processing, Radiological"
K232231,2023-12-13,2023,QP-Brain®,Quibim S.L.,Radiology,QIH,,,,,,False,,,device_not_oncology,False,True,892.2050,Radiology,Automated Radiological Image Processing Software
K232237,2023-12-13,2023,Tyto Insights for Wheeze Detection,Tyto Care Ltd.,Anesthesiology,PHZ,,,,,,False,,,code_unlisted_off_panel,False,True,868.1900,Anesthesiology,Abnormal Breath Sound Device
DEN230027,2023-12-12,2023,NaviCam ProScan,"Ankon Technologies co., ltd",Gastroenterology-Urology,QZF,,,,,,False,,,code_unlisted_off_panel,False,True,876.1540,"Gastroenterology, Urology",Gastrointestinal Capsule Endoscopy Analysis Software Device
K232096,2023-12-11,2023,Transpara Density 1.0.0,Screenpoint Medical B.V.,Radiology,QIH,,,,,,False,,,device_not_oncology,False,True,892.2050,Radiology,Automated Radiological Image Processing Software
K231898,2023-12-08,2023,DTX Studio Clinic (4.0),Nobel Biocare AB,Radiology,LLZ,,,,,,False,,,device_not_oncology,False,True,892.2050,Radiology,"System, Image Processing, Radiological"
K223757,2023-12-08,2023,Bonelogic,Disior Ltd,Radiology,LLZ,,,,,,False,,,device_not_oncology,False,True,892.2050,Radiology,"System, Image Processing, Radiological"
K232381,2023-12-07,2023,LOGIQ Totus,"GE Medical Systems Ultrasound and Primary care Diagnostics,",Radiology,IYN,,,,,,False,,,device_not_oncology,False,True,892.1550,Radiology,"System, Imaging, Pulsed Doppler, Ultrasonic"
K232661,2023-12-07,2023,Myocardial Strain Software Application,Circle Cardiovascular Imaging,Radiology,LLZ,,,,,,False,,,device_not_oncology,False,True,892.2050,Radiology,"System, Image Processing, Radiological"
K233334,2023-12-06,2023,Aquilion Serve SP (TSX-307B/1) V1.3,Canon Medical Systems Corporation,Radiology,JAK,,,,,,False,,,device_not_oncology,False,True,892.1750,Radiology,"System, X-Ray, Tomography, Computed"
K233562,2023-12-06,2023,LINQ II Insertable Cardiac Monitor,"Medtronic, Inc.",Cardiovascular,MXD,,,,,,False,,,code_unlisted_off_panel,False,True,870.1025,Cardiovascular,"Recorder, Event, Implantable Cardiac, (With Arrhythmia Detection)"
K232440,2023-12-05,2023,Adravision Perio,Adra Corporation,Radiology,QIH,,,,,,False,,,device_not_oncology,False,True,892.2050,Radiology,Automated Radiological Image Processing Software
K233568,2023-12-05,2023,Ceevra Reveal 3+,"Ceevra, Inc.",Radiology,QIH,,,,,,False,,,device_unresolved,False,True,892.2050,Radiology,Automated Radiological Image Processing Software
K232856,2023-12-01,2023,Syngo Carbon Clinicals,Siemens Healthcare GmbH,Radiology,QIH,,,,,,False,,,device_not_oncology,False,True,892.2050,Radiology,Automated Radiological Image Processing Software
K233545,2023-11-30,2023,EPIQ Series Diagnostic Ultrasound System,Philips Ultrasound LLC,Radiology,IYN,,,,,,False,,,device_not_oncology,False,True,892.1550,Radiology,"System, Imaging, Pulsed Doppler, Ultrasonic"
K230179,2023-11-29,2023,6440 MyLabX90,Esaote S.p.A.,Radiology,IYN,,,,,,False,,,device_not_oncology,False,True,892.1550,Radiology,"System, Imaging, Pulsed Doppler, Ultrasonic"
K231631,2023-11-28,2023,BriefCase-Quantification,"Aidoc Medical, Ltd.",Radiology,JAK,,,,,,False,,,device_unresolved,False,True,892.1750,Radiology,"System, X-Ray, Tomography, Computed"
K232000,2023-11-28,2023,syngo.via MI Workflows; Scenium; syngo MBF,"Siemens Medical Solutions USA, Inc.",Radiology,QIH,,,,,,False,,,device_unresolved,False,True,892.2050,Radiology,Automated Radiological Image Processing Software
K233243,2023-11-27,2023,ClearPoint System (Software Version 2.2),ClearPoint Neuro Inc.,Neurology,HAW,,,,,,False,,,code_unlisted_off_panel,False,True,882.4560,Neurology,Neurological Stereotaxic Instrument
K232496,2023-11-21,2023,Brainomix 360 Triage Stroke,Brainomix Limited,Radiology,QAS,,,,,,False,,,device_not_oncology,False,True,892.2080,Radiology,Radiological Computer-Assisted Triage And Notification Software
K232501,2023-11-17,2023,AI Platform (AIP001),Exo Inc,Radiology,QIH,,,,,,False,,,device_not_oncology,False,True,892.2050,Radiology,Automated Radiological Image Processing Software
K232841,2023-11-15,2023,Axial3D Insight,Axial Medical Printing Limited,Radiology,QIH,,,,,,False,,,device_unresolved,False,True,892.2050,Radiology,Automated Radiological Image Processing Software
K232494,2023-11-14,2023,MAGNETOM Avanto fit; MAGNETOM Skyra fit,"Siemens Medical Solutions USA, Inc.",Radiology,LNH,,,,,,False,,,device_not_oncology,False,True,892.1000,Radiology,"System, Nuclear Magnetic Resonance Imaging"
K232083,2023-11-13,2023,BriefCase-Quantification,"Aidoc Medical, Ltd.",Radiology,QIH,,,,,,False,,,device_unresolved,False,True,892.2050,Radiology,Automated Radiological Image Processing Software
K232257,2023-11-13,2023,Clarius Bladder AI,Clarius Mobile Health Corp.,Radiology,QIH,,,,,,False,,,device_not_oncology,False,True,892.2050,Radiology,Automated Radiological Image Processing Software
K223754,2023-11-09,2023,BraveCX,Bering Ltd,Radiology,QFM,,,,,,False,,,device_unresolved,False,True,892.2080,Radiology,Radiological Computer-Assisted Prioritization Software For Lesions
K231617,2023-11-09,2023,MAGNETOM Free.Max; MAGNETOM Free.Star,"Siemens Medical Solutions USA, Inc.",Radiology,LNH,,,,,,False,,,device_not_oncology,False,True,892.1000,Radiology,"System, Nuclear Magnetic Resonance Imaging"
K230534,2023-11-08,2023,BriefCase-Quantification,"Aidoc Medical, Ltd.",Radiology,QIH,,,,,,False,,,device_unresolved,False,True,892.2050,Radiology,Automated Radiological Image Processing Software
K231765,2023-11-08,2023,Contour ProtégéAI,MIM Software Inc.,Radiology,QKB,radiology,radiology_radiation_therapy,Cancer treatment planning,510(k),892.2050,True,device,high,,False,True,892.2050,Radiology,Radiological Image Processing Software For Radiation Therapy
K231966,2023-11-07,2023,LOGIQ E10,"GE Medical Systems Ultrasound and Primary care Diagnostics,",Radiology,IYN,,,,,,False,,,device_not_oncology,False,True,892.1550,Radiology,"System, Imaging, Pulsed Doppler, Ultrasonic"
K231989,2023-11-07,2023,"LOGIQ E10s, LOGIQ Fortis","GE Medical Systems Ultrasound and Primary Care Diagnostic,",Radiology,IYN,,,,,,False,,,device_not_oncology,False,True,892.1550,Radiology,"System, Imaging, Pulsed Doppler, Ultrasonic"
K231470,2023-11-06,2023,Lunit INSIGHT DBT,Lunit Inc.,Radiology,QDQ,radiology,radiology_cancer_detection,Cancer detection and assessment,510(k),892.2090,True,device,high,,False,True,892.2090,Radiology,Radiological Computer Assisted Detection/Diagnosis Software For Lesions Suspicious For Cancer
K231955,2023-11-03,2023,aprevo® Digital Segmentation,"Carlsmed, Inc.",Radiology,QIH,,,,,,False,,,device_not_oncology,False,True,892.2050,Radiology,Automated Radiological Image Processing Software
K232751,2023-10-30,2023,BriefCase-Triage,"Aidoc Medical, Ltd.",Radiology,QAS,,,,,,False,,,device_not_oncology,False,True,892.2080,Radiology,Radiological Computer-Assisted Triage And Notification Software
K231965,2023-10-30,2023,"Voluson Expert 22, Voluson Expert 20, Voluson Expert 18","GE Medical Systems Ultrasound and Primary Care Diagnostics,",Radiology,IYN,,,,,,False,,,device_not_oncology,False,True,892.1550,Radiology,"System, Imaging, Pulsed Doppler, Ultrasonic"
K232145,2023-10-30,2023,"ACUSON Sequoia Diagnostic Ultrasound System, ACUSON Sequoia Select Diagnostic Ultrasound System, ACUSON Origin Diagnostic Ultrasound System","Siemens Medical Solutions USA, Inc.",Radiology,IYN,,,,,,False,,,device_not_oncology,False,True,892.1550,Radiology,"System, Imaging, Pulsed Doppler, Ultrasonic"
K232045,2023-10-27,2023,MeVis Liver Suite,MeVis Medical Solutions AG,Radiology,JAK,,,,,,False,,,device_unresolved,False,True,892.1750,Radiology,"System, X-Ray, Tomography, Computed"
K230854,2023-10-27,2023,SwiftMR,AIRS Medical Inc.,Radiology,LLZ,,,,,,False,,,device_not_oncology,False,True,892.2050,Radiology,"System, Image Processing, Radiological"
K232500,2023-10-26,2023,Lumify Diagnostic Ultrasound System,Philips Ultrasound,Radiology,IYN,,,,,,False,,,device_not_oncology,False,True,892.1550,Radiology,"System, Imaging, Pulsed Doppler, Ultrasonic"
K230842,2023-10-25,2023,SignalHF (IM008),Implicity Inc.,Cardiovascular,QNL,,,,,,False,,,code_unlisted_off_panel,False,True,870.2210,Cardiovascular,Medium-Term Adjunctive Predictive Cardiovascular Indicator
K232436,2023-10-25,2023,Rapid SDH,"iSchemaView, Inc.",Radiology,QAS,,,,,,False,,,device_not_oncology,False,True,892.2080,Radiology,Radiological Computer-Assisted Triage And Notification Software
K232305,2023-10-23,2023,AI-Rad Companion Brain MR,Siemens Medical Solutions U.S.A.,Radiology,QIH,,,,,,False,,,device_not_oncology,False,True,892.2050,Radiology,Automated Radiological Image Processing Software
K231560,2023-10-23,2023,MAGNETOM Vida; MAGNETOM Lumina; MAGNETOM Aera; MAGNETOM Skyra; MAGNETOM Prisma; MAGNETOM Prisma fit,"Siemens Medical Solutions USA, Inc.",Radiology,LNH,,,,,,False,,,device_not_oncology,False,True,892.1000,Radiology,"System, Nuclear Magnetic Resonance Imaging"
K231764,2023-10-23,2023,Ultrasound System 1300,BK Medical Aps,Radiology,IYN,,,,,,False,,,device_not_oncology,False,True,892.1550,Radiology,"System, Imaging, Pulsed Doppler, Ultrasonic"
K230209,2023-10-20,2023,Sonix Health,"Ontact Health Co., Ltd.",Radiology,QIH,,,,,,False,,,device_not_oncology,False,True,892.2050,Radiology,Automated Radiological Image Processing Software
K231642,2023-10-13,2023,Veuron-Brain-pAb3,"Heuron Co., Ltd.",Radiology,LLZ,,,,,,False,,,device_not_oncology,False,True,892.2050,Radiology,"System, Image Processing, Radiological"
K230370,2023-10-13,2023,SpotLight/SpotLight Duo (with DLIR option),Arineta Ltd.,Radiology,JAK,,,,,,False,,,device_not_oncology,False,True,892.1750,Radiology,"System, X-Ray, Tomography, Computed"
K230220,2023-10-11,2023,NeuViz 128 Multi-Slice CT Scanner System,"Neusoft Medical Systems Co., Ltd.",Radiology,JAK,,,,,,False,,,device_not_oncology,False,True,892.1750,Radiology,"System, X-Ray, Tomography, Computed"
K230144,2023-10-06,2023,Denti.AI Detect,"Denti.AI Technology, Inc.",Radiology,MYN,,,,,,False,,,device_not_oncology,False,True,892.2070,Radiology,"Analyzer, Medical Image"
K223905,2023-10-06,2023,Vivio® LVEDP System,"Avicena, LLC",Cardiovascular,QUO,,,,,,False,,,code_unlisted_off_panel,False,True,870.2200,Cardiovascular,Adjunctive Heart Failure Status Indicator
K232787,2023-10-06,2023,ScanNav Anatomy Peripheral Nerve Block,Intelligent Ultrasound Limited,Anesthesiology,QRG,,,,,,False,,,code_unlisted_off_panel,False,True,868.1980,Anesthesiology,Ultrasound Guided Nerve Block Assist
K232760,2023-10-06,2023,Swoop® Portable MR Imaging System®,"Hyperfine, Inc.",Radiology,LNH,,,,,,False,,,device_not_oncology,False,True,892.1000,Radiology,"System, Nuclear Magnetic Resonance Imaging"
K232367,2023-10-05,2023,cmAngio® V1.0,"CureMetrix, Inc.",Radiology,QIH,,,,,,False,,,device_not_oncology,False,True,892.2050,Radiology,Automated Radiological Image Processing Software
K232704,2023-10-05,2023,Clarius Ultrasound Scanner,Clarius Mobile Health Corp.,Radiology,IYN,,,,,,False,,,device_not_oncology,False,True,892.1550,Radiology,"System, Imaging, Pulsed Doppler, Ultrasonic"
K231001,2023-10-05,2023,DeepTek CXR Analyzer v1.0,DeepTek Medical Imaging Pvt Ltd,Radiology,MYN,,,,,,False,,,device_unresolved,False,True,892.2070,Radiology,"Analyzer, Medical Image"
K232023,2023-10-04,2023,Momentum Spine,Momentum Health Inc.,Radiology,LDK,,,,,,False,,,device_not_oncology,False,True,,Unknown,"Device, Sensing, Optical Contour"
K231025,2023-10-04,2023,EFAI NeuroSuite CT ICH Assessment System,"Ever Fortune.AI Co., Ltd.",Radiology,QAS,,,,,,False,,,device_not_oncology,False,True,892.2080,Radiology,Radiological Computer-Assisted Triage And Notification Software
K231398,2023-10-04,2023,VUNO Med-DeepBrain,VUNO Inc.,Radiology,QIH,,,,,,False,,,device_not_oncology,False,True,892.2050,Radiology,Automated Radiological Image Processing Software
K232712,2023-10-03,2023,uMI Panorama,"Shanghai United Imaging Healthcare Co., Ltd.",Radiology,KPS,,,,,,False,,,device_not_oncology,False,True,892.1200,Radiology,"System, Tomography, Computed, Emission"
K231772,2023-10-03,2023,"V8/H8 Diagnostic Ultrasound System, V7/H7 Diagnostic Ultrasound System, V6/H6 Diagnostic Ultrasound System","Samsung Medison Co., Ltd.",Radiology,IYN,,,,,,False,,,device_not_oncology,False,True,892.1550,Radiology,"System, Imaging, Pulsed Doppler, Ultrasonic"
K230085,2023-10-03,2023,Lung-CAD,"Imagen Technologies, Inc",Radiology,MYN,,,,,,False,,,device_not_oncology,False,True,892.2070,Radiology,"Analyzer, Medical Image"
K230045,2023-09-29,2023,HipCheck,Stryker Corp.,Radiology,QIH,,,,,,False,,,device_not_oncology,False,True,892.2050,Radiology,Automated Radiological Image Processing Software
K231837,2023-09-28,2023,Brainomix 360 Triage LVO,Brainomix Limited,Radiology,QAS,,,,,,False,,,device_not_oncology,False,True,892.2080,Radiology,Radiological Computer-Assisted Triage And Notification Software
K232699,2023-09-28,2023,Low Ejection Fraction AI-ECG Algorithm,"Anumana, Inc.",Cardiovascular,QYE,,,,,,False,,,code_unlisted_off_panel,False,True,870.2380,Cardiovascular,Reduced Ejection Fraction Machine Learning-Based Notification Software
K232616,2023-09-27,2023,Volta AF-Xplorer,Volta Medical,Cardiovascular,DQK,,,,,,False,,,code_unlisted_off_panel,False,True,870.1425,Cardiovascular,"Computer, Diagnostic, Programmable"
K230252,2023-09-26,2023,OFIX MIS App,Orthofix US LLC,Radiology,LLZ,,,,,,False,,,device_not_oncology,False,True,892.2050,Radiology,"System, Image Processing, Radiological"
K231928,2023-09-25,2023,EFAI RTSUITE CT HCAP-Segmentation System,"Ever Fortune.AI Co., Ltd.",Radiology,QKB,radiology,radiology_radiation_therapy,Cancer treatment planning,510(k),892.2050,True,device,high,,False,True,892.2050,Radiology,Radiological Image Processing Software For Radiation Therapy
K231767,2023-09-22,2023,Annalise Enterprise CTB Triage Trauma,Annalise-AI Pty Ltd,Radiology,QAS,,,,,,False,,,device_not_oncology,False,True,892.2080,Radiology,Radiological Computer-Assisted Triage And Notification Software
K231149,2023-09-22,2023,qXR-CTR,Qure.ai Technologies,Radiology,QIH,,,,,,False,,,device_not_oncology,False,True,892.2050,Radiology,Automated Radiological Image Processing Software
K223659,2023-09-22,2023,Jazz,AI Medical AG,Radiology,LLZ,,,,,,False,,,device_unresolved,False,True,892.2050,Radiology,"System, Image Processing, Radiological"
K231384,2023-09-22,2023,Annalise Enterprise CTB Triage Trauma,Annalise-AI Pty Ltd.,Radiology,QAS,,,,,,False,,,device_not_oncology,False,True,892.2080,Radiology,Radiological Computer-Assisted Triage And Notification Software
K231678,2023-09-21,2023,Overjet Periapical Radiolucency Assist,"Overjet, Inc",Radiology,MYN,,,,,,False,,,device_not_oncology,False,True,892.2070,Radiology,"Analyzer, Medical Image"
K231281,2023-09-19,2023,Aquilion Serve (TSX-307A/1) V1.3,Canon Medical Systems Corporation,Radiology,JAK,,,,,,False,,,device_not_oncology,False,True,892.1750,Radiology,"System, X-Ray, Tomography, Computed"
K221309,2023-09-19,2023,AI100 with Shonit,SigTuple Technologies Pvt. Ltd.,Hematology,JOY,,,,,,False,,,code_unlisted_off_panel,False,True,864.5260,Hematology,"Device, Automated Cell-Locating"
K220034,2023-09-14,2023,NEUROShield,In-Med Prognostics L3C,Radiology,LLZ,,,,,,False,,,device_not_oncology,False,True,892.2050,Radiology,"System, Image Processing, Radiological"
K223811,2023-09-13,2023,Lung-CAD,"Imagen Technologies, Inc",Radiology,MYN,,,,,,False,,,device_not_oncology,False,True,892.2070,Radiology,"Analyzer, Medical Image"
K231748,2023-09-12,2023,Cartesion Prime (PCD-1000A/3) V10.15,Canon Medical Systems Corporation,Radiology,KPS,,,,,,False,,,device_not_oncology,False,True,892.1200,Radiology,"System, Tomography, Computed, Emission"
K232526,2023-09-12,2023,"XIDF-AWS801, Angio Workstation (Alphenix Workstation), V9.5",Canon Medical Systems Corporation,Radiology,JAA,,,,,,False,,,device_not_oncology,False,True,892.1650,Radiology,"System, X-Ray, Fluoroscopic, Image-Intensified"
K223864,2023-09-09,2023,"Alignment System Cranial, Alignment Software Cranial, Cirq Alignment Software Cranial Biopsy, Cirq Alignment Software Cranial sEEG, Varioguide Alignment Software Cranial",Brainlab AG,Neurology,HAW,,,,,,False,,,code_unlisted_off_panel,False,True,882.4560,Neurology,Neurological Stereotaxic Instrument
K231335,2023-09-08,2023,Cleerly ISCHEMIA,"Cleerly, Inc",Cardiovascular,QXZ,,,,,,False,,,code_unlisted_off_panel,False,True,870.2200,Cardiovascular,Adjunctive Epicardial Vascular Physiologic Status Indicator
K232686,2023-09-08,2023,CorVista® System,"CorVista Health, Inc.",Cardiovascular,QXX,,,,,,False,,,code_unlisted_off_panel,False,True,870.2380,Cardiovascular,Coronary Artery Disease Machine Learning-Based Notification Software
K222921,2023-09-08,2023,Minuteful-kidney test,Healthy.io Ltd.,Clinical Chemistry,JIR,,,,,,False,,,code_unlisted_off_panel,False,True,862.1645,Clinical Chemistry,"Indicator Method, Protein Or Albumin (Urinary, Non-Quant.)"
K223621,2023-09-08,2023,DeepXray,"Alpha Intelligence Manifolds, Inc.",Radiology,QIH,,,,,,False,,,device_unresolved,False,True,892.2050,Radiology,Automated Radiological Image Processing Software
K231207,2023-09-07,2023,"CARTO 3 EP Navigation System Software V8.0 (FG-5400-00, FG-5400-00U)","Biosense Webster, Inc.",Cardiovascular,DQK,,,,,,False,,,code_unlisted_off_panel,False,True,870.1425,Cardiovascular,"Computer, Diagnostic, Programmable"
K232482,2023-09-06,2023,MAGNETOM Viato.Mobile,"Siemens Medical Solutions USA, Inc.",Radiology,LNH,,,,,,False,,,device_not_oncology,False,True,892.1000,Radiology,"System, Nuclear Magnetic Resonance Imaging"
K223622,2023-09-01,2023,FaceHeart Vitals Software Development Kit (FH vitals SDK),FaceHeart Corp.,Cardiovascular,QME,,,,,,False,,,code_unlisted_off_panel,False,True,870.2785,Cardiovascular,"Software For Optical Camera-Based Measurement Of Pulse Rate, Heart Rate, Breathing Rate, And/Or Respiratory Rate"
K230355,2023-08-30,2023,"Vantage Galan 3T, MRT-3020, V9.0 with AiCE Reconstruction Processing Unit for MR",Canon Medical Systems Corporation,Radiology,LNH,,,,,,False,,,device_not_oncology,False,True,892.1000,Radiology,"System, Nuclear Magnetic Resonance Imaging"
K223639,2023-08-28,2023,VisAble.IO,TechsoMed,Radiology,QTZ,radiology,radiology_radiation_therapy,Cancer treatment planning,510(k),,True,device,high,,False,True,892.2050,Radiology,Radiological Image Processing Software For Ablation Therapy Planning And Evaluation
K223180,2023-08-25,2023,AIRAscore,AIRAmed GmbH,Radiology,LLZ,,,,,,False,,,device_not_oncology,False,True,892.2050,Radiology,"System, Image Processing, Radiological"
K230812,2023-08-23,2023,Withings Scan Monitor 2.0,Withings,Cardiovascular,DPS,,,,,,False,,,code_unlisted_off_panel,False,True,870.2340,Cardiovascular,Electrocardiograph
K230899,2023-08-22,2023,qXR-PTX-PE,Qure.ai Technologies,Radiology,QFM,,,,,,False,,,device_not_oncology,False,True,892.2080,Radiology,Radiological Computer-Assisted Prioritization Software For Lesions
K223539,2023-08-18,2023,Dreem 3S,"Beacon Biosignals, Inc.",Neurology,OLZ,,,,,,False,,,code_unlisted_off_panel,False,True,882.1400,Neurology,Automatic Event Detection Software For Polysomnograph With Electroencephalograph
K231094,2023-08-15,2023,Annalise Enterprise CTB Triage-OH,Annalise-AI Pty Ltd,Radiology,QAS,,,,,,False,,,device_not_oncology,False,True,892.2080,Radiology,Radiological Computer-Assisted Triage And Notification Software
DEN230003,2023-08-03,2023,Viz HCM,"Viz.ai, Inc.",Cardiovascular,QXO,,,,,,False,,,code_unlisted_off_panel,False,True,870.2380,Cardiovascular,Cardiovascular Machine Learning-Based Notification Software
K223133,2023-08-03,2023,VisiRad XR,Imidex Inc.,Radiology,MYN,radiology,radiology_cancer_detection,Cancer detection and assessment,510(k),,True,device,high,,False,True,892.2070,Radiology,"Analyzer, Medical Image"
K223553,2023-08-02,2023,"Spine Planning (2.0), Elements Spine Planning, Elements Planning Spine",Brainlab AG,Neurology,OLO,,,,,,False,,,code_unlisted_off_panel,False,True,882.4560,Neurology,Orthopedic Stereotaxic Instrument
K231195,2023-07-27,2023,Brainomix 360 Triage ICH,Brainomix Limited,Radiology,QAS,,,,,,False,,,device_not_oncology,False,True,892.2080,Radiology,Radiological Computer-Assisted Triage And Notification Software
K230074,2023-07-27,2023,Rapid Aneurysm Triage and Notification,iSchemaView Inc.,Radiology,QFM,,,,,,False,,,device_not_oncology,False,True,892.2080,Radiology,Radiological Computer-Assisted Prioritization Software For Lesions
K231038,2023-07-26,2023,Global Hypoperfusion Index (GHI) Algorithm,"Edwards Lifesciences, LLC",Cardiovascular,QNL,,,,,,False,,,code_unlisted_off_panel,False,True,870.2210,Cardiovascular,Medium-Term Adjunctive Predictive Cardiovascular Indicator
K231572,2023-07-26,2023,uMI Panorama,"Shanghai United Imaging Healthcare Co., Ltd.",Radiology,KPS,,,,,,False,,,device_not_oncology,False,True,892.1200,Radiology,"System, Tomography, Computed, Emission"
K230913,2023-07-25,2023,ANDI,"Imeka Solutions, Inc.",Radiology,QIH,,,,,,False,,,device_not_oncology,False,True,892.2050,Radiology,Automated Radiological Image Processing Software
K223473,2023-07-25,2023,ME-APDS; MAGENTIQ-COLO,Magentiq Eye LTD,Gastroenterology-Urology,QNP,,,,,,False,,,code_unlisted_off_panel,False,True,876.1520,"Gastroenterology, Urology",Gastrointesinal Lesion Software Detection System
K230365,2023-07-25,2023,Sonio Detect,Sonio,Radiology,IYN,,,,,,False,,,device_not_oncology,False,True,892.1550,Radiology,"System, Imaging, Pulsed Doppler, Ultrasonic"
K223347,2023-07-24,2023,UltraSight AI Guidance,UltraSight Inc.,Radiology,QJU,,,,,,False,,,device_not_oncology,False,True,892.2100,Radiology,Image Acquisition And/Or Optimization Guided By Artificial Intelligence
K230150,2023-07-21,2023,OptimMRI,"RebrAIn, SAS",Radiology,QIH,,,,,,False,,,device_not_oncology,False,True,892.2050,Radiology,Automated Radiological Image Processing Software
K223288,2023-07-21,2023,"Cranial Navigation, Navigation Software Cranial, Navigation Software Craniofacial, Cranial EM System, Automatic Registration iMRI",Brainlab AG,Neurology,HAW,,,,,,False,,,code_unlisted_off_panel,False,True,882.4560,Neurology,Neurological Stereotaxic Instrument
K231173,2023-07-21,2023,Irregular Rhythm Notification Feature (IRNF),Apple Inc.,Cardiovascular,QDB,,,,,,False,,,code_unlisted_off_panel,False,True,870.2790,Cardiovascular,Photoplethysmograph Analysis Software For Over-The-Counter Use
K230039,2023-07-20,2023,uOmnispace,"Shanghai United Imaging Healthcare Co., Ltd",Radiology,QIH,,,,,,False,,,device_not_oncology,False,True,892.2050,Radiology,Automated Radiological Image Processing Software
K231157,2023-07-19,2023,syngo.CT Lung CAD (Version VD30),Siemens Healthcare GmbH,Radiology,OEB,radiology,radiology_cancer_detection,Cancer detection and assessment,510(k),892.2050,True,device,high,,False,True,892.2050,Radiology,"Lung Computed Tomography System, Computer-Aided Detection"
K223106,2023-07-14,2023,"Brainlab Elements Image Fusion, Contouring (4.5);Image Fusion  (4.5);Fibertracking (2.0);BOLD MRI Mapping  (1.0);Image Fusion Angio  (1.0)",Brainlab AG,Radiology,QIH,,,,,,False,,,device_unresolved,False,True,892.2050,Radiology,Automated Radiological Image Processing Software
K231757,2023-07-14,2023,Ez3D-i /E3,"Ewoosoft Co., Ltd",Radiology,QIH,,,,,,False,,,device_not_oncology,False,True,892.2050,Radiology,Automated Radiological Image Processing Software
K231833,2023-07-13,2023,Biograph Vision.X and Biograph Vision.X Edge,"Siemens Medical Solutions USA, Inc.",Radiology,KPS,,,,,,False,,,device_not_oncology,False,True,892.1200,Radiology,"System, Tomography, Computed, Emission"
K223424,2023-07-13,2023,Spine Auto Views,GE Medical Systems SCS,Radiology,JAK,,,,,,False,,,device_not_oncology,False,True,892.1750,Radiology,"System, X-Ray, Tomography, Computed"
K223426,2023-07-13,2023,ECHELON Synergy MRI system,FUJIFILM Healthcare Corporation,Radiology,LNH,,,,,,False,,,device_not_oncology,False,True,892.1000,Radiology,"System, Nuclear Magnetic Resonance Imaging"
K230823,2023-07-12,2023,AusculThing ACC,AusculThing Oy,Cardiovascular,DQD,,,,,,False,,,code_unlisted_off_panel,False,True,870.1875,Cardiovascular,"Stethoscope, Electronic"
K223724,2023-07-10,2023,MOZI TPS,"Manteia Technologies Co., Ltd.",Radiology,MUJ,radiology,radiology_radiation_therapy,Cancer treatment planning,510(k),892.5050,True,device,high,,False,True,892.5050,Radiology,"System, Planning, Radiation Therapy Treatment"
K231668,2023-07-07,2023,Spine CAMP (1.1),"Medical Metrics, Inc.",Radiology,QIH,,,,,,False,,,device_not_oncology,False,True,892.2050,Radiology,Automated Radiological Image Processing Software
K222745,2023-07-03,2023,Axial3D Insight,Axial Medical Printing Limited,Radiology,QIH,,,,,,False,,,device_unresolved,False,True,892.2050,Radiology,Automated Radiological Image Processing Software
DEN200052,2023-06-29,2023,KidneyIntelX.dkd,"Renalytix AI, Inc.",Clinical Chemistry,QWZ,,,,,,False,,,code_unlisted_off_panel,False,True,862.1223,Clinical Chemistry,Prognostic Test For Assessment Of Chronic Kidney Disease Progression
K230337,2023-06-29,2023,EarliPoint,"EarliTec Diagnostics, Inc",Neurology,QPF,,,,,,False,,,code_unlisted_off_panel,False,True,882.1491,Neurology,Pediatric Autism Spectrum Disorder Diagnosis Aid
K230497,2023-06-22,2023,Bladder AI (AIBV01),Exo Inc,Radiology,QIH,,,,,,False,,,device_not_oncology,False,True,892.2050,Radiology,Automated Radiological Image Processing Software
K231459,2023-06-20,2023,HepaFatSmart (V2.0.0),Resonance Health Analysis Services Pty Ltd,Radiology,LNH,,,,,,False,,,device_not_oncology,False,True,892.1000,Radiology,"System, Nuclear Magnetic Resonance Imaging"
K230346,2023-06-20,2023,Voluson SWIFT; Voluson SWIFT+,"GE Medical Systems Ultrasound & Primary Care Diagnostic, LLC",Radiology,IYN,,,,,,False,,,device_not_oncology,False,True,892.1550,Radiology,"System, Imaging, Pulsed Doppler, Ultrasonic"
K223556,2023-06-16,2023,DeepCatch,"MEDICALIP Co., Ltd",Radiology,QIH,,,,,,False,,,device_not_oncology,False,True,892.2050,Radiology,Automated Radiological Image Processing Software
K223646,2023-06-16,2023,IB Lab LAMA,IB Lab GmbH,Radiology,QIH,,,,,,False,,,device_not_oncology,False,True,892.2050,Radiology,Automated Radiological Image Processing Software
K223357,2023-06-16,2023,EyeArt v2.2.0,"Eyenuk, Inc.",Ophthalmic,PIB,,,,,,False,,,code_unlisted_off_panel,False,True,886.1100,Ophthalmic,Diabetic Retinopathy Detection Device
K230112,2023-06-13,2023,CAC Software,"Imbio, Inc.",Radiology,JAK,,,,,,False,,,device_not_oncology,False,True,892.1750,Radiology,"System, X-Ray, Tomography, Computed"
K223855,2023-06-06,2023,"FEops HEARTguideTM, FEops HEARTguideTM ALPACA",FEops nv,Radiology,QIH,,,,,,False,,,device_not_oncology,False,True,892.2050,Radiology,Automated Radiological Image Processing Software
K223523,2023-05-30,2023,Sonic DL,"GE Medical Systems,LLC (GE Healthcare)",Radiology,LNH,,,,,,False,,,device_not_oncology,False,True,892.1000,Radiology,"System, Nuclear Magnetic Resonance Imaging"
K230273,2023-05-25,2023,Saranas Early Bird Bleed Monitoring System,Saranas Inc.,Cardiovascular,QFJ,,,,,,False,,,code_unlisted_off_panel,False,True,870.1345,Cardiovascular,Intravascular Bleed Monitor
K223491,2023-05-25,2023,"Critical Care Suite with Pneumothorax Detection AI Algorithm, Critical Care Suite 2.1, Critical Care Suite","GE Medical Systems, LLC",Radiology,QBS,,,,,,False,,,device_not_oncology,False,True,892.2090,Radiology,Radiological Computer Assisted Detection/Diagnosis Software For Fracture
K223504,2023-05-23,2023,Ceribell Status Epilepticus Monitor,"Ceribell, Inc.",Neurology,OMB,,,,,,False,,,code_unlisted_off_panel,False,True,882.1400,Neurology,Automatic Event Detection Software For Full-Montage Electroencephalograph
K230096,2023-05-23,2023,Genius AI Detection 2.0 with CC-MLO Correlation,"Hologic, Inc.",Radiology,QDQ,radiology,radiology_cancer_detection,Cancer detection and assessment,510(k),892.2090,True,device,high,,False,True,892.2090,Radiology,Radiological Computer Assisted Detection/Diagnosis Software For Lesions Suspicious For Cancer
K231143,2023-05-19,2023,GI Genius System 100 and GI Genius System 200,Cosmo Artificial Intelligence - AI Ltd,Gastroenterology-Urology,QNP,,,,,,False,,,code_unlisted_off_panel,False,True,876.1520,"Gastroenterology, Urology",Gastrointesinal Lesion Software Detection System
K212758,2023-05-19,2023,Autoplaque,Cedars-Sinai Medical Center: AIM,Radiology,LLZ,,,,,,False,,,device_not_oncology,False,True,892.2050,Radiology,"System, Image Processing, Radiological"
K222728,2023-05-17,2023,Radiation Planning Assistant (RPA),"University of Texas, MD Anderson Cancer Center",Radiology,MUJ,radiology,radiology_radiation_therapy,Cancer treatment planning,510(k),892.5050,True,device,high,,False,True,892.5050,Radiology,"System, Planning, Radiation Therapy Treatment"
K231190,2023-05-12,2023,EPIQ Series Diagnostic Ultrasound System,Philips Ultrasound LLC,Radiology,IYN,,,,,,False,,,device_not_oncology,False,True,892.1550,Radiology,"System, Imaging, Pulsed Doppler, Ultrasonic"
K223623,2023-05-11,2023,SubtleMR (2.3.x),Subtle Medical Inc.,Radiology,LLZ,,,,,,False,,,device_not_oncology,False,True,892.2050,Radiology,"System, Image Processing, Radiological"
K220437,2023-05-10,2023,Neurophet AQUA,"NEUROPHET, Inc.",Radiology,LLZ,,,,,,False,,,device_not_oncology,False,True,892.2050,Radiology,"System, Image Processing, Radiological"
K230082,2023-05-04,2023,Auto Segmentation,"GE Medical Systems, LLC",Radiology,QKB,radiology,radiology_radiation_therapy,Cancer treatment planning,510(k),892.2050,True,device,medium,,False,True,892.2050,Radiology,Radiological Image Processing Software For Radiation Therapy
K223771,2023-05-04,2023,Lumify Diagnostic Ultrasound System,Philips Ultrasound,Radiology,IYN,,,,,,False,,,device_not_oncology,False,True,892.1550,Radiology,"System, Imaging, Pulsed Doppler, Ultrasonic"
K230292,2023-05-02,2023,Samsung ECG Monitor Application with Irregular Heart Rhythm Notification,"Samsung Electronics Co., Ltd",Cardiovascular,QDA,,,,,,False,,,code_unlisted_off_panel,False,True,870.2345,Cardiovascular,Electrocardiograph Software For Over-The-Counter Use
K230977,2023-05-02,2023,SIS System,"Surgical Information Sciences, Inc.",Radiology,QIH,,,,,,False,,,device_not_oncology,False,True,892.2050,Radiology,Automated Radiological Image Processing Software
P210011,2023-04-28,2023,xT CDx,"Tempus Labs, Inc.",Pathology,PQP,pathology,pathology,Digital pathology,PMA,,True,device,medium,,False,True,,Unknown,"Next Generation Sequencing Oncology Panel, Somatic Or Germline Variant Detection System"
K223212,2023-04-27,2023,Precision DL,GE Healthcare,Radiology,KPS,,,,,,False,,,device_not_oncology,False,True,892.1200,Radiology,"System, Tomography, Computed, Emission"
K223734,2023-04-27,2023,ENT EM,Brainlab AG,Neurology,PGW,,,,,,False,,,code_unlisted_off_panel,False,True,882.4560,Neurology,"Ear, Nose, And Throat Stereotaxic Instrument"
K230552,2023-04-26,2023,MR DWI/FLAIR Measurement V1.0,Olea Medical,Radiology,LLZ,,,,,,False,,,device_not_oncology,False,True,892.2050,Radiology,"System, Image Processing, Radiological"
K230553,2023-04-26,2023,"LINQ II Insertable Cardiac Monitor, CareLink SmartSync LINQ II ICM Application","Medtronic, Inc.",Cardiovascular,MXD,,,,,,False,,,code_unlisted_off_panel,False,True,870.1025,Cardiovascular,"Recorder, Event, Implantable Cardiac, (With Arrhythmia Detection)"
K230223,2023-04-25,2023,iCAC Device,"Bunkerhill, Inc",Radiology,JAK,,,,,,False,,,device_not_oncology,False,True,892.1750,Radiology,"System, X-Ray, Tomography, Computed"
K222676,2023-04-25,2023,Ceevra Reveal 3,"Ceevra, Inc.",Radiology,QIH,,,,,,False,,,device_unresolved,False,True,892.2050,Radiology,Automated Radiological Image Processing Software
K230084,2023-04-21,2023,HERA W10 Diagnostic Ultrasound System; HERA W9 Diagnostic Ultrasound System,"Samsung Medison CO., LTD.",Radiology,IYN,,,,,,False,,,device_not_oncology,False,True,892.1550,Radiology,"System, Imaging, Pulsed Doppler, Ultrasonic"
K223501,2023-04-21,2023,ViewFinder Software Version 1.1,Elaitra Ltd,Radiology,QIH,,,,,,False,,,device_unresolved,False,True,892.2050,Radiology,Automated Radiological Image Processing Software
K223287,2023-04-20,2023,Velacur,Sonic Incytes,Radiology,IYO,,,,,,False,,,device_not_oncology,False,True,892.1560,Radiology,"System, Imaging, Pulsed Echo, Ultrasonic"
K230807,2023-04-20,2023,Deep Learning Image Reconstruction,GE Healthcare Japan Corporation,Radiology,JAK,,,,,,False,,,device_not_oncology,False,True,892.1750,Radiology,"System, X-Ray, Tomography, Computed"
K230023,2023-04-19,2023,ART-Plan,Therapanacea SAS,Radiology,QKB,radiology,radiology_radiation_therapy,Cancer treatment planning,510(k),892.2050,True,device,high,,False,True,892.2050,Radiology,Radiological Image Processing Software For Radiation Therapy
K223552,2023-04-19,2023,"Brainlab Elements  Trajectory Planning (2.6), Elements Stereotaxy, Elements Lead Localization, Elements Trajectory Planning Cranial",Brainlab AG,Neurology,HAW,,,,,,False,,,code_unlisted_off_panel,False,True,882.4560,Neurology,Neurological Stereotaxic Instrument
K230772,2023-04-17,2023,Quantib Prostate,Quantib BV,Radiology,LLZ,radiology,radiology_cancer_detection,Cancer detection and assessment,510(k),,True,device,high,,False,True,892.2050,Radiology,"System, Image Processing, Radiological"
K230685,2023-04-14,2023,AutoContour Model RADAC V3,"Radformation, Inc.",Radiology,QKB,radiology,radiology_radiation_therapy,Cancer treatment planning,510(k),892.2050,True,device,high,,False,True,892.2050,Radiology,Radiological Image Processing Software For Radiation Therapy
K230264,2023-04-13,2023,Ezra Flash,"Ezra AI, Inc.",Radiology,LLZ,,,,,,False,,,device_not_oncology,False,True,892.2050,Radiology,"System, Image Processing, Radiological"
K213986,2023-04-13,2023,CerebralGo Plus,"Yukun (Beijing) Technology Co., Ltd",Radiology,QIH,,,,,,False,,,device_not_oncology,False,True,892.2050,Radiology,Automated Radiological Image Processing Software
K223830,2023-04-11,2023,Ultrasound System 2300,BK Medical Aps,Radiology,IYN,,,,,,False,,,device_not_oncology,False,True,892.1550,Radiology,"System, Imaging, Pulsed Doppler, Ultrasonic"
K230658,2023-04-07,2023,SKOUT® system,Iterative Scopes Inc.,Gastroenterology-Urology,QNP,,,,,,False,,,code_unlisted_off_panel,False,True,876.1520,"Gastroenterology, Urology",Gastrointesinal Lesion Software Detection System
K230575,2023-04-07,2023,Limbus Contour,Limbus AI Inc.,Radiology,LLZ,radiology,radiology_radiation_therapy,Cancer treatment planning,510(k),,True,device,high,,False,True,892.2050,Radiology,"System, Image Processing, Radiological"
K222360,2023-04-06,2023,AI-Rad Companion (Cardiovascular),Siemens Medical Solutions U.S.A.,Radiology,JAK,,,,,,False,,,device_not_oncology,False,True,892.1750,Radiology,"System, X-Ray, Tomography, Computed"
K223458,2023-04-06,2023,"Ingenia, Ingenia CX, Ingenia Elition, Ingenia Ambition, MR 5300 and MR 7700 MR Systems",Philips Medical Systems Nederland B.V.,Radiology,LNH,,,,,,False,,,device_not_oncology,False,True,892.1000,Radiology,"System, Nuclear Magnetic Resonance Imaging"
K223774,2023-04-06,2023,Contour ProtégéAI,MIM Software Inc.,Radiology,QKB,radiology,radiology_radiation_therapy,Cancer treatment planning,510(k),892.2050,True,device,high,,False,True,892.2050,Radiology,Radiological Image Processing Software For Radiation Therapy
K223630,2023-04-05,2023,"Reveal LINQ Insertable Cardiac Monitor, LINQ II Insertable Cardiac Monitor, AccuRhythm AI ECG Classification System","Medtronic, Inc.",Cardiovascular,MXD,,,,,,False,,,code_unlisted_off_panel,False,True,870.1025,Cardiovascular,"Recorder, Event, Implantable Cardiac, (With Arrhythmia Detection)"
K223240,2023-04-03,2023,Annalise Enterprise CTB Triage Trauma,Annalise-AI Pty Ltd,Radiology,QAS,,,,,,False,,,device_not_oncology,False,True,892.2080,Radiology,Radiological Computer-Assisted Triage And Notification Software
K220068,2023-03-31,2023,Butterfly iQ/iQ+ Ultrasound System,"Butterfly Network, Inc.",Radiology,IYO,,,,,,False,,,device_not_oncology,False,True,892.1560,Radiology,"System, Imaging, Pulsed Echo, Ultrasonic"
K213272,2023-03-31,2023,Formus Hip,"Formus Labs, Ltd",Radiology,QIH,,,,,,False,,,device_not_oncology,False,True,892.2050,Radiology,Automated Radiological Image Processing Software
DEN200011,2023-03-31,2023,Masimo SafetyNet,Masimo Corporation,Anesthesiology,QVT,,,,,,False,,,code_unlisted_off_panel,False,True,868.2250,Anesthesiology,Monitor For Opioid Induced Impairment Of Oxygenation
K222312,2023-03-29,2023,RayStation 12A,RaySearch Laboratories AB (publ),Radiology,MUJ,radiology,radiology_radiation_therapy,Cancer treatment planning,510(k),892.5050,True,device,high,,False,True,892.5050,Radiology,"System, Planning, Radiation Therapy Treatment"
K221921,2023-03-28,2023,DTX Studio Clinic 3.0,Nobel Biocare AB,Radiology,MYN,,,,,,False,,,device_not_oncology,False,True,892.2070,Radiology,"Analyzer, Medical Image"
K222174,2023-03-28,2023,RadioLens v1.0,Synapsica,Radiology,QIH,,,,,,False,,,device_not_oncology,False,True,892.2050,Radiology,Automated Radiological Image Processing Software
K222179,2023-03-28,2023,Annalise Enterprise CXR Triage Trauma,Annalise-AI Pty Ltd,Radiology,QFM,,,,,,False,,,device_not_oncology,False,True,892.2080,Radiology,Radiological Computer-Assisted Prioritization Software For Lesions
K222268,2023-03-28,2023,Annalise Enterprise CXR Triage Trauma,Annalise-AI Pty Ltd,Radiology,QFM,,,,,,False,,,device_not_oncology,False,True,892.2080,Radiology,Radiological Computer-Assisted Prioritization Software For Lesions
K223343,2023-03-28,2023,MAGNETOM Amira; MAGNETOM Sempra,Siemens Medical Solutions USA Inc.,Radiology,LNH,,,,,,False,,,device_not_oncology,False,True,892.1000,Radiology,"System, Nuclear Magnetic Resonance Imaging"
K222746,2023-03-27,2023,Overjet Caries Assist,"Overjet, Inc.",Radiology,MYN,,,,,,False,,,device_not_oncology,False,True,892.2070,Radiology,"Analyzer, Medical Image"
K222036,2023-03-22,2023,MPXA-2000,"Medipixel, Inc.",Radiology,QIH,,,,,,False,,,device_not_oncology,False,True,892.2050,Radiology,Automated Radiological Image Processing Software
K223490,2023-03-21,2023,FlightPlan for Embolization,GE Medical Systems SCS,Radiology,LLZ,,,,,,False,,,device_unresolved,False,True,892.2050,Radiology,"System, Image Processing, Radiological"
K223443,2023-03-17,2023,Viz AAA,"Viz. ai, Inc.",Radiology,QFM,,,,,,False,,,device_not_oncology,False,True,892.2080,Radiology,Radiological Computer-Assisted Prioritization Software For Lesions
K223073,2023-03-17,2023,Alio,"Alio, Inc.",Cardiovascular,DRG,,,,,,False,,,code_unlisted_off_panel,False,True,870.2910,Cardiovascular,"Transmitters And Receivers, Physiological Signal, Radiofrequency"
K221772,2023-03-17,2023,NeuroRPM,New Touch Digital Inc.,Neurology,GYD,,,,,,False,,,code_unlisted_off_panel,False,True,882.1950,Neurology,"Transducer, Tremor"
K223325,2023-03-10,2023,uMI Panorama,"Shanghai United Imaging Healthcare Co., Ltd.",Radiology,KPS,,,,,,False,,,device_not_oncology,False,True,892.1200,Radiology,"System, Tomography, Computed, Emission"
K223514,2023-03-09,2023,Spectral Bone Marrow,"GE Medical Systems, LLC",Radiology,JAK,,,,,,False,,,device_unresolved,False,True,892.1750,Radiology,"System, X-Ray, Tomography, Computed"
K221706,2023-03-09,2023,AccuContour,"Manteia Technologies Co., Ltd.",Radiology,QKB,radiology,radiology_radiation_therapy,Cancer treatment planning,510(k),892.2050,True,device,high,,False,True,892.2050,Radiology,Radiological Image Processing Software For Radiation Therapy
K223726,2023-03-07,2023,Aquilion Precision (TSX-304A/4) V10.14 with AiCE,Canon Medical Systems Corporation,Radiology,JAK,,,,,,False,,,device_not_oncology,False,True,892.1750,Radiology,"System, X-Ray, Tomography, Computed"
K222819,2023-03-03,2023,Aquilion Serve (TSX-307A/1) V1.2 with AiCE-i,Canon Medical Systems Corporation,Radiology,JAK,,,,,,False,,,device_not_oncology,False,True,892.1750,Radiology,"System, X-Ray, Tomography, Computed"
K222176,2023-03-02,2023,BoneView,Gleamer,Radiology,QBS,,,,,,False,,,device_not_oncology,False,True,892.2090,Radiology,Radiological Computer Assisted Detection/Diagnosis Software For Fracture
K222884,2023-03-02,2023,Rapid NCCT Stroke,"iSchemaView, Inc.",Radiology,QAS,,,,,,False,,,device_not_oncology,False,True,892.2080,Radiology,Radiological Computer-Assisted Triage And Notification Software
K221680,2023-03-01,2023,Xeleris V Processing and Review System,GE Healthcare,Radiology,LLZ,,,,,,False,,,device_unresolved,False,True,892.2050,Radiology,"System, Image Processing, Radiological"
DEN220063,2023-02-24,2023,Caption Interpretation Automated Ejection Fraction Software,"Caption Health, Inc",Radiology,QVD,,,,,,False,,,device_not_oncology,False,True,892.2055,Radiology,Radiological Machine Learning Based Quantitative Imaging Software With Change Control Plan
K221592,2023-02-24,2023,AVIEW Lung Nodule CAD,"Coreline Soft Co.,Ltd.",Radiology,OEB,radiology,radiology_cancer_detection,Cancer detection and assessment,510(k),892.2050,True,device,high,,False,True,892.2050,Radiology,"Lung Computed Tomography System, Computer-Aided Detection"
K222579,2023-02-23,2023,Belun Sleep System BLS-100,Belun Technology Company Limited,Anesthesiology,MNR,,,,,,False,,,code_unlisted_off_panel,False,True,868.2375,Anesthesiology,Ventilatory Effort Recorder
K221564,2023-02-23,2023,Brainomix 360 e-ASPECTS,Brainomix Limited,Radiology,POK,,,,,,False,,,device_not_oncology,False,True,892.2060,Radiology,Computer-Assisted Diagnostic Software For Lesions Suspicious For Cancer
K230197,2023-02-22,2023,BoneMRI v1.6,MRIguidance B.V.,Radiology,QIH,,,,,,False,,,device_not_oncology,False,True,892.2050,Radiology,Automated Radiological Image Processing Software
K230208,2023-02-22,2023,Swoop® Portable MR Imaging System,"Hyperfine, Inc.",Radiology,LNH,,,,,,False,,,device_not_oncology,False,True,892.1000,Radiology,"System, Nuclear Magnetic Resonance Imaging"
DEN210022,2023-02-17,2023,PMD-200,Medasense Biometrics Ltd.,Anesthesiology,QVE,,,,,,False,,,code_unlisted_off_panel,False,True,868.2200,Anesthesiology,Adjunctive Pain Measurement Device For Anesthesiology
K223028,2023-02-16,2023,uCT ATLAS Astound with uWS-CT-Dual Energy Analysis,"Shanghai United Imaging Healthcare Co., Ltd.",Radiology,JAK,,,,,,False,,,device_not_oncology,False,True,892.1750,Radiology,"System, X-Ray, Tomography, Computed"
K222755,2023-02-16,2023,uMR 680,"Shanghai United Imaging Intelligence Co., Ltd.",Radiology,LNH,,,,,,False,,,device_not_oncology,False,True,892.1000,Radiology,"System, Nuclear Magnetic Resonance Imaging"
K222389,2023-02-15,2023,ZEUS System,"iRhythm Technologies, Inc.",Cardiovascular,DQK,,,,,,False,,,code_unlisted_off_panel,False,True,870.1425,Cardiovascular,"Computer, Diagnostic, Programmable"
K223439,2023-02-13,2023,SIGNA Victor,GE Healthcare (Tianjin) Company Limited,Radiology,LNH,,,,,,False,,,device_not_oncology,False,True,892.1000,Radiology,"System, Nuclear Magnetic Resonance Imaging"
K223387,2023-02-13,2023,"V8 Diagnostic Ultrasound System, V7 Diagnostic Ultrasound System","Samsung Medison Co., Ltd.",Radiology,IYN,,,,,,False,,,device_not_oncology,False,True,892.1550,Radiology,"System, Imaging, Pulsed Doppler, Ultrasonic"
K223296,2023-02-06,2023,Videa Perio Assist,"VideaHealth, Inc.",Radiology,QIH,,,,,,False,,,device_not_oncology,False,True,892.2050,Radiology,Automated Radiological Image Processing Software
K222803,2023-02-02,2023,Oncospace,"Oncospace, Inc.",Radiology,MUJ,radiology,radiology_radiation_therapy,Cancer treatment planning,510(k),892.5050,True,device,high,,False,True,892.5050,Radiology,"System, Planning, Radiation Therapy Treatment"
K222970,2023-02-01,2023,LVivo IQS,DiA Imaging Analysis Ltd,Radiology,QIH,,,,,,False,,,device_not_oncology,False,True,892.2050,Radiology,Automated Radiological Image Processing Software
K223396,2023-02-01,2023,Rapid RV/LV,iSchema View Inc.,Radiology,QIH,,,,,,False,,,device_not_oncology,False,True,892.2050,Radiology,Automated Radiological Image Processing Software
K230020,2023-02-01,2023,BriefCase,"Aidoc Medical, Ltd.",Radiology,QFM,,,,,,False,,,device_not_oncology,False,True,892.2080,Radiology,Radiological Computer-Assisted Prioritization Software For Lesions
K221868,2023-01-27,2023,QOCA image Smart CXR Image Processing System,Quanta Computer Inc.,Radiology,QFM,,,,,,False,,,device_unresolved,False,True,892.2080,Radiology,Radiological Computer-Assisted Prioritization Software For Lesions
K222406,2023-01-23,2023,Clarius AI,Clarius Mobile Health Corp.,Radiology,QIH,,,,,,False,,,device_not_oncology,False,True,892.2050,Radiology,Automated Radiological Image Processing Software
K223516,2023-01-21,2023,VX1+,Volta Medical,Cardiovascular,DQK,,,,,,False,,,code_unlisted_off_panel,False,True,870.1425,Cardiovascular,"Computer, Diagnostic, Programmable"
K222593,2023-01-18,2023,TruPlan Computed Tomography (CT) Imaging Software,"Circle Cardiovascular Imaging, Inc.",Radiology,LLZ,,,,,,False,,,device_not_oncology,False,True,892.2050,Radiology,"System, Image Processing, Radiological"
K223502,2023-01-13,2023,MR Diffusion Perfusion Mismatch V1.0,Olea Medical,Radiology,LLZ,,,,,,False,,,device_not_oncology,False,True,892.2050,Radiology,"System, Image Processing, Radiological"
K222458,2023-01-12,2023,AIBOLIT 3D+,"Aibolit Technologies, LLC",Radiology,LLZ,,,,,,False,,,device_unresolved,False,True,892.2050,Radiology,"System, Image Processing, Radiological"
K223738,2023-01-11,2023,Alpha Control Liner System (ACLS),Coapt,Neurology,GXY,,,,,,False,,,code_unlisted_off_panel,False,True,882.1320,Neurology,"Electrode, Cutaneous"
K214036,2022-12-23,2022,AVIEW,"Coreline Soft Co.,Ltd.",Radiology,QIH,,,,,,False,,,device_unresolved,False,True,892.2050,Radiology,Automated Radiological Image Processing Software
K223442,2022-12-23,2022,MR 5300 and MR 7700 R11 MR Systems,Philips Medical Systems Nederlands B.V.,Radiology,LNH,,,,,,False,,,device_not_oncology,False,True,892.1000,Radiology,"System, Nuclear Magnetic Resonance Imaging"
K223311,2022-12-22,2022,Philips CT 3500,"Philips Healthcare (Suzhou) Co., Ltd",Radiology,JAK,,,,,,False,,,device_not_oncology,False,True,892.1750,Radiology,"System, X-Ray, Tomography, Computed"
K220928,2022-12-16,2022,Overjet Calculus Assist,Overjet Inc.,Radiology,MYN,,,,,,False,,,device_not_oncology,False,True,892.2070,Radiology,"Analyzer, Medical Image"
K223268,2022-12-16,2022,BrainInsight,"Hyperfine, Inc.",Radiology,QIH,,,,,,False,,,device_not_oncology,False,True,892.2050,Radiology,Automated Radiological Image Processing Software
K222275,2022-12-16,2022,Saige-Density,"DeepHealth, Inc.",Radiology,QIH,,,,,,False,,,device_not_oncology,False,True,892.2050,Radiology,Automated Radiological Image Processing Software
K223247,2022-12-06,2022,Swoop Portable MR Imaging System,"Hyperfine, Inc.",Radiology,LNH,,,,,,False,,,device_not_oncology,False,True,892.1000,Radiology,"System, Nuclear Magnetic Resonance Imaging"
K222692,2022-12-05,2022,BriefCase,"Aidoc Medical, Ltd.",Radiology,QFM,,,,,,False,,,device_not_oncology,False,True,892.2080,Radiology,Radiological Computer-Assisted Prioritization Software For Lesions
K220786,2022-12-01,2022,STAR Apollo Mapping System,"Rhythm Al, Ltd",Cardiovascular,DQK,,,,,,False,,,code_unlisted_off_panel,False,True,870.1425,Cardiovascular,"Computer, Diagnostic, Programmable"
K221624,2022-11-22,2022,Avenda Health AI Prostate Cancer Planning Software,"Avenda Health, Inc.",Radiology,POK,radiology,radiology_cancer_detection,Cancer detection and assessment,510(k),892.2060,True,device,high,,False,True,892.2060,Radiology,Computer-Assisted Diagnostic Software For Lesions Suspicious For Cancer
K221716,2022-11-22,2022,CINA,AVICENNA.AI,Radiology,QAS,,,,,,False,,,device_not_oncology,False,True,892.2080,Radiology,Radiological Computer-Assisted Triage And Notification Software
K223032,2022-11-21,2022,SIS System (Version 5.6.0),"Surgical Information Sciences, Inc.",Radiology,QIH,,,,,,False,,,device_not_oncology,False,True,892.2050,Radiology,Automated Radiological Image Processing Software
K221330,2022-11-18,2022,BriefCase,"Aidoc Medical, Ltd.",Radiology,QAS,,,,,,False,,,device_not_oncology,False,True,892.2080,Radiology,Radiological Computer-Assisted Triage And Notification Software
K221762,2022-11-16,2022,BoneMRI v1.4,MRlguidance B.V.,Radiology,QIH,,,,,,False,,,device_not_oncology,False,True,892.2050,Radiology,Automated Radiological Image Processing Software
K222428,2022-11-14,2022,Syngo Dynamics (Version VA40F),"Siemens Medical Solutions USA, Inc.",Radiology,QIH,,,,,,False,,,device_not_oncology,False,True,892.2050,Radiology,Automated Radiological Image Processing Software
K220408,2022-11-10,2022,AVIEW RT ACS,"Coreline Soft Co.,Ltd",Radiology,QKB,radiology,radiology_radiation_therapy,Cancer treatment planning,510(k),892.2050,True,device,high,,False,True,892.2050,Radiology,Radiological Image Processing Software For Radiation Therapy
K221183,2022-11-10,2022,AEYE-DS,"AEYE Health, Inc.",Ophthalmic,PIB,,,,,,False,,,code_unlisted_off_panel,False,True,886.1100,Ophthalmic,Diabetic Retinopathy Detection Device
K221552,2022-11-08,2022,EFAI ChestSuite XR Pneumothorax Assessment System,"Ever Fortune AI Co., Ltd.",Radiology,QFM,,,,,,False,,,device_not_oncology,False,True,892.2080,Radiology,Radiological Computer-Assisted Prioritization Software For Lesions
P210015,2022-10-31,2022,Avive Automated External Defibrillator (AED) System,"Avive Solutions, Inc.",Cardiovascular,MKJ,,,,,,False,,,code_unlisted_off_panel,False,True,870.5310,Cardiovascular,Automated External Defibrillators (Non-Wearable)
K220332,2022-10-27,2022,uMR Omega with uWS-MR-MRS,"Shanghai United Imaging Healthcare Co.,Ltd.",Radiology,LNH,,,,,,False,,,device_not_oncology,False,True,892.1000,Radiology,"System, Nuclear Magnetic Resonance Imaging"
K222070,2022-10-25,2022,EndoNaut,Therenva SAS,Radiology,OWB,,,,,,False,,,device_not_oncology,False,True,892.1650,Radiology,Interventional Fluoroscopic X-Ray System
K223042,2022-10-21,2022,Viz LVO ContaCT,"Viz.ai, Inc.",Radiology,QAS,,,,,,False,,,device_not_oncology,False,True,892.2080,Radiology,Radiological Computer-Assisted Triage And Notification Software
K222361,2022-10-20,2022,AI-Rad Companion (Musculoskeletal),"Siemens Medical Solutions USA, Inc.",Radiology,JAK,,,,,,False,,,device_not_oncology,False,True,892.1750,Radiology,"System, X-Ray, Tomography, Computed"
K221632,2022-10-18,2022,Spine CAMP,"Medical Metrics, Inc.",Radiology,QIH,,,,,,False,,,device_not_oncology,False,True,892.2050,Radiology,Automated Radiological Image Processing Software
DEN220024,2022-10-18,2022,ScanNav Anatomy Peripheral Nerve Block,Intelligent Ultrasound Limited,Anesthesiology,QRG,,,,,,False,,,code_unlisted_off_panel,False,True,868.1980,Anesthesiology,Ultrasound Guided Nerve Block Assist
K213857,2022-10-14,2022,HeartFlow Analysis,"HeartFlow, Inc.",Cardiovascular,PJA,,,,,,False,,,code_unlisted_off_panel,False,True,870.1415,Cardiovascular,Coronary Vascular Physiologic Simulation Software
K221305,2022-10-14,2022,AI-Rad Companion Organs RT,"Siemens Medical Solutions USA, Inc",Radiology,QKB,radiology,radiology_radiation_therapy,Cancer treatment planning,510(k),892.2050,True,device,high,,False,True,892.2050,Radiology,Radiological Image Processing Software For Radiation Therapy
K220709,2022-10-07,2022,BriefCase,"Aidoc Medical, Ltd.",Radiology,QAS,,,,,,False,,,device_not_oncology,False,True,892.2080,Radiology,Radiological Computer-Assisted Triage And Notification Software
K221449,2022-10-06,2022,Genius AI Detection 2.0,"Hologic, Inc.",Radiology,QDQ,radiology,radiology_cancer_detection,Cancer detection and assessment,510(k),892.2090,True,device,high,,False,True,892.2090,Radiology,Radiological Computer Assisted Detection/Diagnosis Software For Lesions Suspicious For Cancer
K221892,2022-10-05,2022,VISIONAIR,PacificMD Biotech Llc,Anesthesiology,BXQ,,,,,,False,,,code_unlisted_off_panel,False,True,868.1800,Anesthesiology,Rhinoanemometer (Measurement Of Nasal Decongestion)
K211611,2022-09-30,2022,QIR Suite,CASIS Cardiac Simulation & Imaging Software,Radiology,QIH,,,,,,False,,,device_not_oncology,False,True,892.2050,Radiology,Automated Radiological Image Processing Software
K220080,2022-09-29,2022,CogNet QmTRIAGE,"MedCognetics, Inc.",Radiology,QFM,radiology,radiology_cancer_detection,Cancer detection and assessment,510(k),,True,device,high,,False,True,892.2080,Radiology,Radiological Computer-Assisted Prioritization Software For Lesions
K222329,2022-09-28,2022,BriefCase,"Aidoc Medical, Ltd.",Radiology,QAS,,,,,,False,,,device_not_oncology,False,True,892.2080,Radiology,Radiological Computer-Assisted Triage And Notification Software
K221738,2022-09-27,2022,NS-HGlio,Neosoma Inc.,Radiology,QIH,radiology,radiology_cancer_detection,Cancer detection and assessment,510(k),,True,device,high,,False,True,892.2050,Radiology,Automated Radiological Image Processing Software
K221179,2022-09-21,2022,SomnoMetry,Neumetry Medical Inc,Neurology,OLZ,,,,,,False,,,code_unlisted_off_panel,False,True,882.1400,Neurology,Automatic Event Detection Software For Polysomnograph With Electroencephalograph
K213353,2022-09-20,2022,Aorta-CAD,"Imagen Technologies, Inc",Radiology,MYN,,,,,,False,,,device_not_oncology,False,True,892.2070,Radiology,"Analyzer, Medical Image"
K221733,2022-09-13,2022,"MAGNETOM Sola, MAGNETOM Altea, MAGNETOM Sola Fit","Siemens Medical Solutions USA, Inc.",Radiology,LNH,,,,,,False,,,device_not_oncology,False,True,892.1000,Radiology,"System, Nuclear Magnetic Resonance Imaging"
K221456,2022-09-12,2022,Rapid ICH,iSchemaView Inc.,Radiology,QAS,,,,,,False,,,device_not_oncology,False,True,892.2080,Radiology,Radiological Computer-Assisted Triage And Notification Software
K220986,2022-09-12,2022,Aquilion Precision (TSX-304A/4) V10.10 with AiCE,Canon Medical Systems Corporation,Radiology,JAK,,,,,,False,,,device_not_oncology,False,True,892.1750,Radiology,"System, X-Ray, Tomography, Computed"
K222076,2022-09-08,2022,EFAI ChestSuite XR Pleural Effusion Assessment System,"Ever Fortune.AI Co., Ltd.",Radiology,QFM,,,,,,False,,,device_not_oncology,False,True,892.2080,Radiology,Radiological Computer-Assisted Prioritization Software For Lesions
K220783,2022-09-07,2022,syngo.via RT Image Suite,Siemens Medical Solutions USA Inc.,Radiology,MUJ,radiology,radiology_radiation_therapy,Cancer treatment planning,510(k),892.5050,True,device,high,,False,True,892.5050,Radiology,"System, Planning, Radiation Therapy Treatment"
K213960,2022-09-06,2022,LiverMultiScan v5 (LMSv5),Perspectum,Radiology,LNH,,,,,,False,,,device_not_oncology,False,True,892.1000,Radiology,"System, Nuclear Magnetic Resonance Imaging"
K221241,2022-09-01,2022,DrAid for Radiology v1,VinBrain Joint Stock Company,Radiology,QFM,,,,,,False,,,device_unresolved,False,True,892.2080,Radiology,Radiological Computer-Assisted Prioritization Software For Lesions
K221100,2022-08-29,2022,Viz RV/LV,"Viz.ai, Inc.",Radiology,QIH,,,,,,False,,,device_not_oncology,False,True,892.2050,Radiology,Automated Radiological Image Processing Software
K222277,2022-08-26,2022,BriefCase,"Aidoc Medical, Ltd.",Radiology,QAS,,,,,,False,,,device_not_oncology,False,True,892.2080,Radiology,Radiological Computer-Assisted Triage And Notification Software
K211841,2022-08-25,2022,MRI Planner,Spectronic Medical AB,Radiology,MUJ,radiology,radiology_radiation_therapy,Cancer treatment planning,510(k),892.5050,True,device,medium,,False,True,892.5050,Radiology,"System, Planning, Radiation Therapy Treatment"
K221962,2022-08-25,2022,LINQ II Insertable Cardiac Monitor,"Medtronic, Inc.",Cardiovascular,MXD,,,,,,False,,,code_unlisted_off_panel,False,True,870.1025,Cardiovascular,"Recorder, Event, Implantable Cardiac, (With Arrhythmia Detection)"
K220598,2022-08-24,2022,AutoContour Model RADAC V2,"Radformation, Inc.",Radiology,QKB,radiology,radiology_radiation_therapy,Cancer treatment planning,510(k),892.2050,True,device,high,,False,True,892.2050,Radiology,Radiological Image Processing Software For Radiation Therapy
K221599,2022-08-22,2022,HS40 Diagnostic Ultrasound System,"Samsung Medison Co., Ltd.",Radiology,IYN,,,,,,False,,,device_not_oncology,False,True,892.1550,Radiology,"System, Imaging, Pulsed Doppler, Ultrasonic"
K222172,2022-08-19,2022,MI View&GO,"Siemens Medical Solutions USA, Inc.",Radiology,QIH,,,,,,False,,,device_not_oncology,False,True,892.2050,Radiology,Automated Radiological Image Processing Software
K220349,2022-08-12,2022,TeraRecon Neuro,"TeraRecon, Inc",Radiology,LLZ,,,,,,False,,,device_not_oncology,False,True,892.2050,Radiology,"System, Image Processing, Radiological"
K213686,2022-08-12,2022,SKOUT Software,Iterative Scopes Inc.,Gastroenterology-Urology,QNP,,,,,,False,,,code_unlisted_off_panel,False,True,876.1520,"Gastroenterology, Urology",Gastrointesinal Lesion Software Detection System
K213713,2022-08-11,2022,AI-Rad Companion (Pulmonary),Siemens Healthcare GmBh,Radiology,JAK,radiology,radiology_cancer_detection,Cancer detection and assessment,510(k),,True,device,medium,,False,True,892.1750,Radiology,"System, X-Ray, Tomography, Computed"
K213645,2022-08-08,2022,ClearPoint Maestro Brain Model,"ClearPoint Neuro, Inc.",Radiology,QIH,,,,,,False,,,device_unresolved,False,True,892.2050,Radiology,Automated Radiological Image Processing Software
K221432,2022-08-03,2022,Customize,3D-Side SA,Radiology,QIH,,,,,,False,,,device_unresolved,False,True,892.2050,Radiology,Automated Radiological Image Processing Software
K221347,2022-08-03,2022,Transpara 1.7.2,ScreenPoint Medical B.V.,Radiology,QDQ,radiology,radiology_cancer_detection,Cancer detection and assessment,510(k),892.2090,True,device,high,,False,True,892.2090,Radiology,Radiological Computer Assisted Detection/Diagnosis Software For Lesions Suspicious For Cancer
K213760,2022-07-29,2022,ABMD Software,HeartLung Corporation,Radiology,KGI,,,,,,False,,,device_not_oncology,False,True,892.1170,Radiology,"Densitometer, Bone"
K220961,2022-07-29,2022,Deep Learning Image Reconstruction,GE Healthcare Japan Corporation,Radiology,JAK,,,,,,False,,,device_not_oncology,False,True,892.1750,Radiology,"System, X-Ray, Tomography, Computed"
K221923,2022-07-28,2022,Swoop Portable MR Imaging System,"Hyperfine, Inc.",Radiology,LNH,,,,,,False,,,device_not_oncology,False,True,892.1000,Radiology,"System, Nuclear Magnetic Resonance Imaging"
K213998,2022-07-28,2022,cvi42 Auto Imaging Software Application,Circle Cardiovascular Imaging Inc,Radiology,QIH,,,,,,False,,,device_not_oncology,False,True,892.2050,Radiology,Automated Radiological Image Processing Software
K210822,2022-07-27,2022,DeepRhythmAI,Medicalgorithmics S.A.,Cardiovascular,DQK,,,,,,False,,,code_unlisted_off_panel,False,True,870.1425,Cardiovascular,"Computer, Diagnostic, Programmable"
K220439,2022-07-25,2022,Viz SDH,"Viz.ai, Inc.",Radiology,QAS,,,,,,False,,,device_not_oncology,False,True,892.2080,Radiology,Radiological Computer-Assisted Triage And Notification Software
K220940,2022-07-22,2022,"EchoPAC Software Only, EchoPAC Plug-in","GE Medical Systems Ultrasound and Primary Care Diagnostics,",Radiology,QIH,,,,,,False,,,device_not_oncology,False,True,892.2050,Radiology,Automated Radiological Image Processing Software
K220624,2022-07-22,2022,AI4CMR v1.0,AI4MedImaging Medical Solutions S.A.,Radiology,LLZ,,,,,,False,,,device_not_oncology,False,True,892.2050,Radiology,"System, Image Processing, Radiological"
K220882,2022-07-22,2022,"Vivid E80, Vivid E90, Vivid E95",GE Medical Systems Ultrasound and,Radiology,IYN,,,,,,False,,,device_not_oncology,False,True,892.1550,Radiology,"System, Imaging, Pulsed Doppler, Ultrasonic"
K220956,2022-07-20,2022,Libby Echo:Prio,"Dyad Medical, Inc",Radiology,QIH,,,,,,False,,,device_not_oncology,False,True,892.2050,Radiology,Automated Radiological Image Processing Software
K220815,2022-07-19,2022,BrainInsight,"Hyperfine, Inc.",Radiology,QIH,,,,,,False,,,device_not_oncology,False,True,892.2050,Radiology,Automated Radiological Image Processing Software
K213409,2022-07-19,2022,ZEUS System (Zio Watch),"iRhythm Technologies, Inc.",Cardiovascular,DQK,,,,,,False,,,code_unlisted_off_panel,False,True,870.1425,Cardiovascular,"Computer, Diagnostic, Programmable"
K213357,2022-07-19,2022,"Study Watch with Irregular Pulse Monitor (Home), Study Watch with Irregular Pulse Monitor",Verily Life Sciences LLC,Cardiovascular,DXH,,,,,,False,,,code_unlisted_off_panel,False,True,870.2920,Cardiovascular,"Transmitters And Receivers, Electrocardiograph, Telephone"
K221148,2022-07-18,2022,Vivid iq,GE Medical Systems Ultrasound & Primary Care Diagnostics LLC,Radiology,IYN,,,,,,False,,,device_not_oncology,False,True,892.1550,Radiology,"System, Imaging, Pulsed Doppler, Ultrasonic"
K221147,2022-07-18,2022,"Vivid T8, Vivid T9","GE Medical Systems Ultrasound and Primary Care Diagnostics,",Radiology,IYN,,,,,,False,,,device_not_oncology,False,True,892.1550,Radiology,"System, Imaging, Pulsed Doppler, Ultrasonic"
K220619,2022-07-15,2022,"Vivid S60N, Vivid S70N","GE Medical Systems Ultrasound and Primary Care Diagnostics,",Radiology,IYN,,,,,,False,,,device_not_oncology,False,True,892.1550,Radiology,"System, Imaging, Pulsed Doppler, Ultrasonic"
K221203,2022-07-14,2022,AHI System,Fifth Eye Inc.,Cardiovascular,QNV,,,,,,False,,,code_unlisted_off_panel,False,True,870.2220,Cardiovascular,Adjunctive Hemodynamic Indicator With Decision Point
K221727,2022-07-13,2022,syngo.CT Extended Functionality,"Siemens Medical Solutions USA, Inc.",Radiology,JAK,,,,,,False,,,device_unresolved,False,True,892.1750,Radiology,"System, X-Ray, Tomography, Computed"
K212783,2022-07-08,2022,ProstatID,"ScanMed, LLC",Radiology,QDQ,radiology,radiology_cancer_detection,Cancer detection and assessment,510(k),892.2090,True,device,high,,False,True,892.2090,Radiology,Radiological Computer Assisted Detection/Diagnosis Software For Lesions Suspicious For Cancer
K210069,2022-07-06,2022,Minuteful - kidney test,Healthy.io Ltd.,Clinical Chemistry,JIR,,,,,,False,,,code_unlisted_off_panel,False,True,862.1645,Clinical Chemistry,"Indicator Method, Protein Or Albumin (Urinary, Non-Quant.)"
K220975,2022-06-29,2022,"V8 Diagnostic Ultrasound System, V7 Diagnostic Ultrasound System","Samsung Medison Co., Ltd.",Radiology,IYN,,,,,,False,,,device_not_oncology,False,True,892.1550,Radiology,"System, Imaging, Pulsed Doppler, Ultrasonic"
K213794,2022-06-29,2022,Eko Murmur Analysis Software (EMAS),"Eko Devices, Inc.",Cardiovascular,DQD,,,,,,False,,,code_unlisted_off_panel,False,True,870.1875,Cardiovascular,"Stethoscope, Electronic"
K220851,2022-06-27,2022,Venue,GE Medical Systems,Radiology,IYN,,,,,,False,,,device_not_oncology,False,True,892.1550,Radiology,"System, Imaging, Pulsed Doppler, Ultrasonic"
K220848,2022-06-27,2022,Venue Fit,GE Medical Systems,Radiology,IYN,,,,,,False,,,device_not_oncology,False,True,892.1550,Radiology,"System, Imaging, Pulsed Doppler, Ultrasonic"
K220575,2022-06-24,2022,"MAGNETOM Free.Max, MAGNETOM Free.Star","Siemens Medical Solutions USA, Inc.",Radiology,LNH,,,,,,False,,,device_not_oncology,False,True,892.1000,Radiology,"System, Nuclear Magnetic Resonance Imaging"
K220497,2022-06-23,2022,CoLumbo,Smart Soft Healthcare AD,Radiology,QIH,,,,,,False,,,device_not_oncology,False,True,892.2050,Radiology,Automated Radiological Image Processing Software
K220800,2022-06-21,2022,Venue Go,GE Medical Systems Ultrasound and Primary Care Diagnostics,Radiology,IYN,,,,,,False,,,device_not_oncology,False,True,892.1550,Radiology,"System, Imaging, Pulsed Doppler, Ultrasonic"
K213037,2022-06-17,2022,IDx-DR v2.3,Digital Diagnostics Inc.,Ophthalmic,PIB,,,,,,False,,,code_unlisted_off_panel,False,True,886.1100,Ophthalmic,Diabetic Retinopathy Detection Device
K220813,2022-06-17,2022,ART-PLAN,TheraPanacea,Radiology,QKB,radiology,radiology_radiation_therapy,Cancer treatment planning,510(k),892.2050,True,device,high,,False,True,892.2050,Radiology,Radiological Image Processing Software For Radiation Therapy
K221463,2022-06-17,2022,ElucidVivo A.3,Elucid Bioimaging Inc.,Radiology,LLZ,,,,,,False,,,device_not_oncology,False,True,892.2050,Radiology,"System, Image Processing, Radiological"
K213504,2022-06-16,2022,"Aquilion ONE (TSX-306A/3) V10.12 with Spectral Imaging System, Vitrea Software Package, VSTP-001A",Canon Medical Systems Corporation,Radiology,JAK,,,,,,False,,,device_not_oncology,False,True,892.1750,Radiology,"System, X-Ray, Tomography, Computed"
K221393,2022-06-10,2022,Swoop Portable MR Imaging System,"Hyperfine, Inc.",Radiology,LNH,,,,,,False,,,device_not_oncology,False,True,892.1000,Radiology,"System, Nuclear Magnetic Resonance Imaging"
K213882,2022-06-08,2022,EarliPoint System,"EarliTec Diagnostics, Inc.",Neurology,QPF,,,,,,False,,,code_unlisted_off_panel,False,True,882.1491,Neurology,Pediatric Autism Spectrum Disorder Diagnosis Aid
K213717,2022-06-08,2022,AIR Recon DL,"GE Medical Systems,LLC (GE Healthcare)",Radiology,LNH,,,,,,False,,,device_not_oncology,False,True,892.1000,Radiology,"System, Nuclear Magnetic Resonance Imaging"
K220358,2022-06-06,2022,"Voluson Expert 22, Voluson Expert 20, Voluson Expert 18","GE Medical Systems Ultrasound and Primary Care Diagnostics,",Radiology,IYN,,,,,,False,,,device_not_oncology,False,True,892.1550,Radiology,"System, Imaging, Pulsed Doppler, Ultrasonic"
K221314,2022-06-03,2022,BriefCase,"Aidoc Medical, Ltd.",Radiology,QAS,,,,,,False,,,device_not_oncology,False,True,892.2080,Radiology,Radiological Computer-Assisted Triage And Notification Software
K213971,2022-06-03,2022,Atrial Fibrillation History Feature,Apple Inc.,Cardiovascular,QDB,,,,,,False,,,code_unlisted_off_panel,False,True,870.2790,Cardiovascular,Photoplethysmograph Analysis Software For Over-The-Counter Use
K220164,2022-06-02,2022,Rayvolve,AZmed SAS,Radiology,QBS,,,,,,False,,,device_not_oncology,False,True,892.2090,Radiology,Radiological Computer Assisted Detection/Diagnosis Software For Fracture
K221248,2022-05-31,2022,Rapid LVO,iSchemaView Inc.,Radiology,QAS,,,,,,False,,,device_not_oncology,False,True,892.2080,Radiology,Radiological Computer-Assisted Triage And Notification Software
K220766,2022-05-31,2022,eMurmur Heart AI,CSD Labs GmbH,Cardiovascular,DQD,,,,,,False,,,code_unlisted_off_panel,False,True,870.1875,Cardiovascular,"Stethoscope, Electronic"
K220416,2022-05-25,2022,SwiftMR,AIRS Medical Inc.,Radiology,LLZ,,,,,,False,,,device_not_oncology,False,True,892.2050,Radiology,"System, Image Processing, Radiological"
K221240,2022-05-17,2022,BriefCase,"Aidoc Medical, Ltd.",Radiology,QAS,,,,,,False,,,device_not_oncology,False,True,892.2080,Radiology,Radiological Computer-Assisted Triage And Notification Software
K220499,2022-05-17,2022,Rapid PE Triage and Notification (PETN),iSchemaView Inc.,Radiology,QAS,,,,,,False,,,device_not_oncology,False,True,892.2080,Radiology,Radiological Computer-Assisted Triage And Notification Software
K221219,2022-05-17,2022,syngo.CT CaScoring,"Siemens Medical Solutions USA, Inc.",Radiology,JAK,,,,,,False,,,device_not_oncology,False,True,892.1750,Radiology,"System, X-Ray, Tomography, Computed"
K213583,2022-05-16,2022,"Achieva, Ingenia, Ingenia CX, Ingenia Elition and Ingenia Ambition MR Systems",Philips Medical Systems Nederland B.V.,Radiology,LNH,,,,,,False,,,device_not_oncology,False,True,892.1000,Radiology,"System, Nuclear Magnetic Resonance Imaging"
K221106,2022-05-13,2022,Quantib Prostate,Quantib BV,Radiology,LLZ,radiology,radiology_cancer_detection,Cancer detection and assessment,510(k),,True,device,high,,False,True,892.2050,Radiology,"System, Image Processing, Radiological"
K220589,2022-05-13,2022,MAGNETOM Skyra Fit,"Siemens Medical Solutions USA, Inc.",Radiology,LNH,,,,,,False,,,device_not_oncology,False,True,892.1000,Radiology,"System, Nuclear Magnetic Resonance Imaging"
K220105,2022-05-12,2022,Saige-Dx,"DeepHealth, Inc.",Radiology,QDQ,radiology,radiology_cancer_detection,Cancer detection and assessment,510(k),892.2090,True,device,high,,False,True,892.2090,Radiology,Radiological Computer Assisted Detection/Diagnosis Software For Lesions Suspicious For Cancer
K220446,2022-05-11,2022,Versana Balance,"GE Medical Systems Ultrasound and Primary Care Diagnostics,",Radiology,IYN,,,,,,False,,,device_not_oncology,False,True,892.1550,Radiology,"System, Imaging, Pulsed Doppler, Ultrasonic"
K212519,2022-05-10,2022,Overjet Caries Assist,"Overjet, Inc.",Radiology,MYN,,,,,,False,,,device_not_oncology,False,True,892.2070,Radiology,"Analyzer, Medical Image"
K211966,2022-05-06,2022,Segment 3DPrint,Medviso AB,Radiology,LLZ,,,,,,False,,,device_not_oncology,False,True,892.2050,Radiology,"System, Image Processing, Radiological"
K220013,2022-05-03,2022,X100HT with Slide Loader with Full Field Peripheral Blood Smear (PBS) Application,Scopio Labs Ltd.,Hematology,JOY,,,,,,False,,,code_unlisted_off_panel,False,True,864.5260,Hematology,"Device, Automated Cell-Locating"
K212915,2022-05-03,2022,MVision AI Segmentation,MVision AI,Radiology,QKB,radiology,radiology_radiation_therapy,Cancer treatment planning,510(k),892.2050,True,device,high,,False,True,892.2050,Radiology,Radiological Image Processing Software For Radiation Therapy
K220939,2022-04-29,2022,MAGNETOM Lumina and MAGNETOM Vida Fit with syngo MR XA50A,Siemens Medical Solutions USA Inc.,Radiology,LNH,,,,,,False,,,device_not_oncology,False,True,892.1000,Radiology,"System, Nuclear Magnetic Resonance Imaging"
K220899,2022-04-29,2022,Oxehealth Vital Signs,Oxehealth Limited,Cardiovascular,QME,,,,,,False,,,code_unlisted_off_panel,False,True,870.2785,Cardiovascular,"Software For Optical Camera-Based Measurement Of Pulse Rate, Heart Rate, Breathing Rate, And/Or Respiratory Rate"
K220590,2022-04-29,2022,aPROMISE X,EXINI Diagnostics AB,Radiology,LLZ,radiology,radiology_cancer_detection,Cancer detection and assessment,510(k),,True,device,high,,False,True,892.2050,Radiology,"System, Image Processing, Radiological"
K220264,2022-04-28,2022,EFAI RTSuite CT HN-Segmentation System,"Ever Fortune.AI Co., Ltd.",Radiology,QKB,radiology,radiology_radiation_therapy,Cancer treatment planning,510(k),892.2050,True,device,high,,False,True,892.2050,Radiology,Radiological Image Processing Software For Radiation Therapy
K212441,2022-04-27,2022,Philips Incisive CT,"Philips Healthcare (Suzhou) Co., Ltd.",Radiology,JAK,,,,,,False,,,device_not_oncology,False,True,892.1750,Radiology,"System, X-Ray, Tomography, Computed"
K212662,2022-04-26,2022,AliveCor QT Service,"AliveCor, Inc.",Cardiovascular,DQK,,,,,,False,,,code_unlisted_off_panel,False,True,870.1425,Cardiovascular,"Computer, Diagnostic, Programmable"
K213886,2022-04-26,2022,BriefCase,"Aidoc Medical, Ltd.",Radiology,QAS,,,,,,False,,,device_not_oncology,False,True,892.2080,Radiology,Radiological Computer-Assisted Triage And Notification Software
K213944,2022-04-22,2022,HealthOST,NanoxAI Ltd.,Radiology,JAK,,,,,,False,,,device_not_oncology,False,True,892.1750,Radiology,"System, X-Ray, Tomography, Computed"
K213795,2022-04-21,2022,Videa Caries Assist,"VideaHealth, Inc",Radiology,MYN,,,,,,False,,,device_not_oncology,False,True,892.2070,Radiology,"Analyzer, Medical Image"
K213706,2022-04-15,2022,AI-Rad Companion Brain MR,Siemens Healthcare GmBh,Radiology,QIH,,,,,,False,,,device_not_oncology,False,True,892.2050,Radiology,Automated Radiological Image Processing Software
K220141,2022-04-15,2022,RayStation 11B,RaySearch Laboratories AB (publ),Radiology,MUJ,radiology,radiology_radiation_therapy,Cancer treatment planning,510(k),892.5050,True,device,high,,False,True,892.5050,Radiology,"System, Planning, Radiation Therapy Treatment"
K220192,2022-04-08,2022,"Vantage Galan 3T, MRT-3020, V8.0 with AiCE Reconstruction Processing Unit for MR",Canon Medical Systems Corporation,Radiology,LNH,,,,,,False,,,device_not_oncology,False,True,892.1000,Radiology,"System, Nuclear Magnetic Resonance Imaging"
K212274,2022-04-08,2022,INT Contour,Carina Medical LLC,Radiology,MUJ,radiology,radiology_radiation_therapy,Cancer treatment planning,510(k),892.5050,True,device,high,,False,True,892.5050,Radiology,"System, Planning, Radiation Therapy Treatment"
K203783,2022-04-06,2022,ClariPulmo,ClariPi Inc.,Radiology,LLZ,,,,,,False,,,device_not_oncology,False,True,892.2050,Radiology,"System, Image Processing, Radiological"
K220043,2022-04-05,2022,"HERA W10 Diagnostic Ultrasound System, HERA W9 Diagnostic Ultrasound System","Samsung Medison Co., LTD",Radiology,IYN,,,,,,False,,,device_not_oncology,False,True,892.1550,Radiology,"System, Imaging, Pulsed Doppler, Ultrasonic"
K214081,2022-04-05,2022,MRCAT Head & Neck,Philips Oy,Radiology,MUJ,radiology,radiology_radiation_therapy,Cancer treatment planning,510(k),892.5050,True,device,medium,,False,True,892.5050,Radiology,"System, Planning, Radiation Therapy Treatment"
K212624,2022-04-04,2022,EFAI Intelligent Cardiothoracic Ratio (iCTR) Assessment System,"Ever Fortune. AI Co., Ltd.",Radiology,QIH,,,,,,False,,,device_not_oncology,False,True,892.2050,Radiology,Automated Radiological Image Processing Software
K220151,2022-04-01,2022,MAGNETOM Avanto Fit,"Siemens Medical Solutions USA, Inc.",Radiology,LNH,,,,,,False,,,device_not_oncology,False,True,892.1000,Radiology,"System, Nuclear Magnetic Resonance Imaging"
K213657,2022-04-01,2022,DEEPVESSEL FFR,KeyaMed NA Inc.,Cardiovascular,PJA,,,,,,False,,,code_unlisted_off_panel,False,True,870.1415,Cardiovascular,Coronary Vascular Physiologic Simulation Software
K212960,2022-03-22,2022,"Aplio a550, Aplio a450, and Aplio a, Diagnostic Ultrasound System, Software V6.5",Canon Medical Systems Corporation,Radiology,IYN,,,,,,False,,,device_not_oncology,False,True,892.1550,Radiology,"System, Imaging, Pulsed Doppler, Ultrasonic"
K200828,2022-03-22,2022,Athelas Home,Athelas Inc.,Hematology,GKZ,,,,,,False,,,code_unlisted_off_panel,False,True,864.5220,Hematology,"Counter, Differential Cell"
K213721,2022-03-21,2022,BriefCase,"Aidoc Medical, Ltd.",Radiology,QAS,,,,,,False,,,device_not_oncology,False,True,892.2080,Radiology,Radiological Computer-Assisted Triage And Notification Software
K213779,2022-03-16,2022,Customize,3D-Side SA,Radiology,QIH,,,,,,False,,,device_unresolved,False,True,892.2050,Radiology,Automated Radiological Image Processing Software
K214043,2022-03-14,2022,BriefCase,"Aidoc Medical, Ltd.",Radiology,QFM,,,,,,False,,,device_not_oncology,False,True,892.2080,Radiology,Radiological Computer-Assisted Prioritization Software For Lesions
K203744,2022-03-14,2022,Arterys MICA,Arterys Inc.,Radiology,QIH,,,,,,False,,,device_unresolved,False,True,892.2050,Radiology,Automated Radiological Image Processing Software
K213725,2022-03-11,2022,CardIQ Suite,GE Medical Systems SCS,Radiology,JAK,,,,,,False,,,device_not_oncology,False,True,892.1750,Radiology,"System, X-Ray, Tomography, Computed"
K213566,2022-03-10,2022,ClearRead Xray Pneumothorax,"Riverain Technologies, Inc.",Radiology,QFM,,,,,,False,,,device_not_oncology,False,True,892.2080,Radiology,Radiological Computer-Assisted Prioritization Software For Lesions
K210365,2022-03-04,2022,Second Opinion,Pearl Inc.,Radiology,MYN,,,,,,False,,,device_not_oncology,False,True,892.2070,Radiology,"Analyzer, Medical Image"
K212365,2022-03-01,2022,BoneView,Gleamer,Radiology,QBS,,,,,,False,,,device_not_oncology,False,True,892.2090,Radiology,Radiological Computer Assisted Detection/Diagnosis Software For Fracture
K213693,2022-02-25,2022,MAGNETOM Vida with syngo MR XA50A,"Siemens Medical Solutions USA, Inc.",Radiology,LNH,,,,,,False,,,device_not_oncology,False,True,892.1000,Radiology,"System, Nuclear Magnetic Resonance Imaging"
K213941,2022-02-24,2022,Annalise Enterprise CXR Triage Pneumothorax,Annalise-AI,Radiology,QFM,,,,,,False,,,device_not_oncology,False,True,892.2080,Radiology,Radiological Computer-Assisted Prioritization Software For Lesions
K213319,2022-02-18,2022,"Viz ANEURYSM, Viz ANX","Viz.ai, Inc.",Radiology,QFM,,,,,,False,,,device_not_oncology,False,True,892.2080,Radiology,Radiological Computer-Assisted Prioritization Software For Lesions
K213999,2022-02-18,2022,Deep Learning Image Reconstruction,"GE Medical Systems, LLC.",Radiology,JAK,,,,,,False,,,device_not_oncology,False,True,892.1750,Radiology,"System, X-Ray, Tomography, Computed"
K213689,2022-02-17,2022,"Voluson P6, Voluson P8",GE Healthcare,Radiology,IYN,,,,,,False,,,device_not_oncology,False,True,892.1550,Radiology,"System, Imaging, Pulsed Doppler, Ultrasonic"
K213603,2022-02-11,2022,SIGNA Artist Evo,GE Healthcare(Tianjin) Company Limited,Radiology,LNH,,,,,,False,,,device_not_oncology,False,True,892.1000,Radiology,"System, Nuclear Magnetic Resonance Imaging"
K213165,2022-02-08,2022,Rapid,iSchema View Inc.,Radiology,LLZ,,,,,,False,,,device_not_oncology,False,True,892.2050,Radiology,"System, Image Processing, Radiological"
K212654,2022-02-04,2022,"Micro C Medical Imaging System, M01","OXOS Medical, Inc.",Radiology,IZL,,,,,,False,,,device_not_oncology,False,True,892.1720,Radiology,"System, X-Ray, Mobile"
K213938,2022-02-04,2022,Revolution Ascend,GE Healthcare Japan Corporation,Radiology,JAK,,,,,,False,,,device_not_oncology,False,True,892.1750,Radiology,"System, X-Ray, Tomography, Computed"
K213976,2022-02-03,2022,Contour ProtégéAI,MIM Software Inc.,Radiology,QKB,radiology,radiology_radiation_therapy,Cancer treatment planning,510(k),892.2050,True,device,high,,False,True,892.2050,Radiology,Radiological Image Processing Software For Radiation Therapy
K203260,2022-01-28,2022,syngo.CT Brain Hemorrhage,"Siemens Medical Solutions USA, Inc.",Radiology,QAS,,,,,,False,,,device_not_oncology,False,True,892.2080,Radiology,Radiological Computer-Assisted Triage And Notification Software
K212333,2022-01-24,2022,"Aplio i900/i800/i700 Diagnostic Ultrasound System, Software V6.5",Canon Medical Systems Corporation,Radiology,IYN,,,,,,False,,,device_not_oncology,False,True,892.1550,Radiology,"System, Imaging, Pulsed Doppler, Ultrasonic"
K214019,2022-01-20,2022,syngo.CT Extended Functionality,"Siemens Medical Solutions USA, Inc.",Radiology,JAK,,,,,,False,,,device_unresolved,False,True,892.1750,Radiology,"System, X-Ray, Tomography, Computed"
K213668,2022-01-20,2022,SIGNA Hero,"GE Healthcare (GE Medical Systems, LLC)",Radiology,LNH,,,,,,False,,,device_not_oncology,False,True,892.1000,Radiology,"System, Nuclear Magnetic Resonance Imaging"
K210747,2022-01-19,2022,Caption Interpretation Automated Ejection Fraction Software,Caption Health,Radiology,QIH,,,,,,False,,,device_not_oncology,False,True,892.2050,Radiology,Automated Radiological Image Processing Software
K212012,2022-01-19,2022,Follicle Clarity,Cycle Clarity,Radiology,QIH,,,,,,False,,,device_not_oncology,False,True,892.2050,Radiology,Automated Radiological Image Processing Software
K211980,2022-01-16,2022,SIGNA Prime,GE Healthcare (Tianjin) Company Limited,Radiology,LNH,,,,,,False,,,device_not_oncology,False,True,892.1000,Radiology,"System, Nuclear Magnetic Resonance Imaging"
K210760,2022-01-14,2022,Precise Image,"Philips Medical Systems Nederland, B.V.",Radiology,JAK,,,,,,False,,,device_not_oncology,False,True,892.1750,Radiology,"System, X-Ray, Tomography, Computed"
K213307,2022-01-14,2022,Eclipse II with Smart Noise Cancellation,"Carestream Health, Inc.",Radiology,MQB,,,,,,False,,,device_not_oncology,False,True,892.1680,Radiology,Solid State X-Ray Imager (Flat Panel/Digital Imager)
K213737,2022-01-14,2022,Quantib ND,Quantib B.V.,Radiology,LLZ,,,,,,False,,,device_not_oncology,False,True,892.2050,Radiology,"System, Image Processing, Radiological"
K213642,2022-01-13,2022,"Voluson S6, Voluson S8, Voluson S8t, Voluson S10, Voluson S10 Expert",GE Healthcare,Radiology,IYN,,,,,,False,,,device_not_oncology,False,True,892.1550,Radiology,"System, Imaging, Pulsed Doppler, Ultrasonic"
K212005,2022-01-12,2022,UNiD Spine Analyzer,"MEDICREA International, Inc.",Radiology,LLZ,,,,,,False,,,device_not_oncology,False,True,892.2050,Radiology,"System, Image Processing, Radiological"
K211443,2022-01-07,2022,AIBOLIT 3D+,"AIbolit Technologies, LLC",Radiology,LLZ,,,,,,False,,,device_unresolved,False,True,892.2050,Radiology,"System, Image Processing, Radiological"
K213544,2022-01-06,2022,TOMTEC-ARENA,TOMTEC Imaging Systems GmbH,Radiology,QIH,,,,,,False,,,device_not_oncology,False,True,892.2050,Radiology,Automated Radiological Image Processing Software
K213776,2021-12-29,2021,LiverSmart,Resonance Health Analysis Services Pty Ltd,Radiology,PCS,,,,,,False,,,device_not_oncology,False,True,892.1001,Radiology,Liver Iron Concentration Imaging Companion Diagnostic For Deferasirox
K202404,2021-12-22,2021,BoneMRI,MRIguidance B.V,Radiology,QIH,,,,,,False,,,device_not_oncology,False,True,892.2050,Radiology,Automated Radiological Image Processing Software
K212690,2021-12-21,2021,qXR-BT,Qure.ai Technologies,Radiology,QIH,,,,,,False,,,device_not_oncology,False,True,892.2050,Radiology,Automated Radiological Image Processing Software
K210670,2021-12-21,2021,BU-CAD,TaiHao Medical Inc.,Radiology,QDQ,radiology,radiology_cancer_detection,Cancer detection and assessment,510(k),892.2090,True,device,high,,False,True,892.2090,Radiology,Radiological Computer Assisted Detection/Diagnosis Software For Lesions Suspicious For Cancer
K213275,2021-12-20,2021,EchoGo Core (2.0),Ultromics Limited,Radiology,QIH,,,,,,False,,,device_not_oncology,False,True,892.2050,Radiology,Automated Radiological Image Processing Software
K213628,2021-12-16,2021,VBrain,Vysioneer Inc.,Radiology,QKB,radiology,radiology_radiation_therapy,Cancer treatment planning,510(k),892.2050,True,device,high,,False,True,892.2050,Radiology,Radiological Image Processing Software For Radiation Therapy
K212616,2021-12-16,2021,Koios DS,"Koios Medical, Inc.",Radiology,POK,radiology,radiology_cancer_detection,Cancer detection and assessment,510(k),892.2060,True,device,high,,False,True,892.2060,Radiology,Computer-Assisted Diagnostic Software For Lesions Suspicious For Cancer
K213155,2021-12-15,2021,RT-Mind-AI,"MedMind Technology Co., Ltd.",Radiology,QKB,radiology,radiology_radiation_therapy,Cancer treatment planning,510(k),892.2050,True,device,high,,False,True,892.2050,Radiology,Radiological Image Processing Software For Radiation Therapy
K211803,2021-12-15,2021,HealthPPT,Zebra Medical Vision Ltd.,Radiology,QFM,,,,,,False,,,device_not_oncology,False,True,892.2080,Radiology,Radiological Computer-Assisted Prioritization Software For Lesions
K212466,2021-12-09,2021,LVivo Seamless,DiA Imaging Analysis Ltd,Radiology,QIH,,,,,,False,,,device_not_oncology,False,True,892.2050,Radiology,Automated Radiological Image Processing Software
K213096,2021-12-06,2021,Al-Rad Companion (Pulmonary),"Siemens Medical Solutions USA, Inc.",Radiology,JAK,radiology,radiology_cancer_detection,Cancer detection and assessment,510(k),,True,device,medium,,False,True,892.1750,Radiology,"System, X-Ray, Tomography, Computed"
K212219,2021-12-03,2021,AHI System,Fifth Eye Inc.,Cardiovascular,QNV,,,,,,False,,,code_unlisted_off_panel,False,True,870.2220,Cardiovascular,Adjunctive Hemodynamic Indicator With Decision Point
K212442,2021-12-03,2021,Cydar EV (Series B) and Cydar EV Maps,Cydar Ltd.,Radiology,OWB,,,,,,False,,,device_not_oncology,False,True,892.1650,Radiology,Interventional Fluoroscopic X-Ray System
K213305,2021-12-01,2021,"Vantage Fortian 1.5T, MRT-1550, V8.0 with AiCE Reconstruction Processing Unit for MR",Canon Medical Systems Corporation,Radiology,LNH,,,,,,False,,,device_not_oncology,False,True,892.1000,Radiology,"System, Nuclear Magnetic Resonance Imaging"
K211541,2021-11-26,2021,MammoScreen 2.0,Therapixel,Radiology,QDQ,radiology,radiology_cancer_detection,Cancer detection and assessment,510(k),892.2090,True,device,high,,False,True,892.2090,Radiology,Radiological Computer Assisted Detection/Diagnosis Software For Lesions Suspicious For Cancer
K210831,2021-11-19,2021,OnQ Neuro,"CorTechs Labs, Inc",Radiology,QIH,,,,,,False,,,device_not_oncology,False,True,892.2050,Radiology,Automated Radiological Image Processing Software
K211326,2021-11-19,2021,EndoScreener,"Chengdu Wision Medical Device Co., LTD.",Gastroenterology-Urology,QNP,,,,,,False,,,code_unlisted_off_panel,False,True,876.1520,"Gastroenterology, Urology",Gastrointesinal Lesion Software Detection System
K212456,2021-11-17,2021,Swoop Point-of-Care Magnetic Resonance Imaging (POC MRI) Scanner System,"Hyperfine, Inc.",Radiology,LNH,,,,,,False,,,device_not_oncology,False,True,892.1000,Radiology,"System, Nuclear Magnetic Resonance Imaging"
K212336,2021-11-17,2021,Soteria.AI,"Omega Medical Imaging, LLC",Radiology,OWB,,,,,,False,,,device_not_oncology,False,True,892.1650,Radiology,Interventional Fluoroscopic X-Ray System
K211678,2021-11-17,2021,Lunit INSIGHT MMG,Lunit Inc.,Radiology,QDQ,radiology,radiology_cancer_detection,Cancer detection and assessment,510(k),892.2090,True,device,high,,False,True,892.2090,Radiology,Radiological Computer Assisted Detection/Diagnosis Software For Lesions Suspicious For Cancer
K212265,2021-11-16,2021,"TEX20/TEX20 Pro/TEX20S/TEX20T/TEX20 Exp/TEX20 Elite Diagnostic Ultrasound System, TEX10/ TEX10 Pro/TEX10S/TEX10T/TEX10 Exp/TEX10 Elite/TE X/TE X Lite Diagnostic Ultrasound System","Shenzhen Mindray Bio-Medical Electronics Co.,LTD",Radiology,IYN,,,,,,False,,,device_not_oncology,False,True,892.1550,Radiology,"System, Imaging, Pulsed Doppler, Ultrasonic"
K213436,2021-11-15,2021,Clarius Ultrasound Scanner,Clarius Mobile Health Corp.,Radiology,IYN,,,,,,False,,,device_not_oncology,False,True,892.1550,Radiology,"System, Imaging, Pulsed Doppler, Ultrasonic"
K211733,2021-11-10,2021,Lunit INSIGHT CXR Triage,Lunit Inc.,Radiology,QFM,,,,,,False,,,device_unresolved,False,True,892.2080,Radiology,Radiological Computer-Assisted Prioritization Software For Lesions
K210543,2021-11-03,2021,IM007,"Implicity, Inc.",Cardiovascular,DQK,,,,,,False,,,code_unlisted_off_panel,False,True,870.1425,Cardiovascular,"Computer, Diagnostic, Programmable"
K211161,2021-10-29,2021,Critical Care Suite with Endotracheal Tube Positing AI algorithm,"GE Medical Systems, LLC",Radiology,QIH,,,,,,False,,,device_not_oncology,False,True,892.2050,Radiology,Automated Radiological Image Processing Software
K212218,2021-10-25,2021,Advanced Algorithms for Treatment Management Applications (AATMA),Elekta Solutions AB,Radiology,QKB,radiology,radiology_radiation_therapy,Cancer treatment planning,510(k),892.2050,True,device,high,,False,True,892.2050,Radiology,Radiological Image Processing Software For Radiation Therapy
K210807,2021-10-22,2021,FlightPlan for Liver,GE Medical Systems SCS,Radiology,LLZ,radiology,radiology_radiation_therapy,Cancer treatment planning,510(k),,True,device,medium,,False,True,892.2050,Radiology,"System, Image Processing, Radiological"
K212516,2021-10-22,2021,IRNF App,Apple Inc.,Cardiovascular,QDB,,,,,,False,,,code_unlisted_off_panel,False,True,870.2790,Cardiovascular,Photoplethysmograph Analysis Software For Over-The-Counter Use
K210632,2021-10-20,2021,Contour ProtegeAI,MIM Software Inc.,Radiology,QKB,radiology,radiology_radiation_therapy,Cancer treatment planning,510(k),892.2050,True,device,high,,False,True,892.2050,Radiology,Radiological Image Processing Software For Radiation Therapy
K210999,2021-10-14,2021,SwiftMR,AIRS Medical Inc.,Radiology,LLZ,,,,,,False,,,device_not_oncology,False,True,892.2050,Radiology,"System, Image Processing, Radiological"
K212261,2021-10-14,2021,StrokeSENS LVO,"Circle Neurovascular Imaging, Inc",Radiology,QAS,,,,,,False,,,device_not_oncology,False,True,892.2080,Radiology,Radiological Computer-Assisted Triage And Notification Software
K212116,2021-10-12,2021,VBrain-OAR,Vysioneer Inc.,Radiology,QKB,radiology,radiology_radiation_therapy,Cancer treatment planning,510(k),892.2050,True,device,high,,False,True,892.2050,Radiology,Radiological Image Processing Software For Radiation Therapy
K202927,2021-10-02,2021,EYE-SYNC,"SyncThink, Inc.",Neurology,QEA,,,,,,False,,,code_unlisted_off_panel,False,True,882.1455,Neurology,Brain Injury Adjunctive Interpretive Oculomotor Assessment Aid
K211964,2021-09-28,2021,SubtlePET,"Subtle Medical, Inc.",Radiology,KPS,,,,,,False,,,device_not_oncology,False,True,892.1200,Radiology,"System, Tomography, Computed, Emission"
K212704,2021-09-24,2021,"Philips EPIQ Diagnostic Ultrasound System, Philips Affiniti Diagnostic Ultrasound System",Philips Medical Systems,Radiology,IYN,,,,,,False,,,device_not_oncology,False,True,892.1550,Radiology,"System, Imaging, Pulsed Doppler, Ultrasonic"
DEN200080,2021-09-21,2021,Paige Prostate,Paige.AI,Pathology,QPN,pathology,pathology,Digital pathology,De Novo,864.3750,True,device,high,,False,True,864.3750,Pathology,Software Algorithm Device To Assist Users In Digital Pathology
K212067,2021-09-17,2021,Deep Learning Image Reconstruction,GE Healthcare Japan Corporation,Radiology,JAK,,,,,,False,,,device_not_oncology,False,True,892.1750,Radiology,"System, X-Ray, Tomography, Computed"
K212269,2021-09-17,2021,Intelligent NR,Canon Inc.,Radiology,MQB,,,,,,False,,,device_not_oncology,False,True,892.1680,Radiology,Solid State X-Ray Imager (Flat Panel/Digital Imager)
K210085,2021-09-15,2021,HealthCCSng,Zebra Medical Vision Ltd.,Radiology,JAK,,,,,,False,,,device_not_oncology,False,True,892.1750,Radiology,"System, X-Ray, Tomography, Computed"
K203785,2021-09-10,2021,ClariSIGMAM,ClariPi Inc.,Radiology,QIH,,,,,,False,,,device_not_oncology,False,True,892.2050,Radiology,Automated Radiological Image Processing Software
K210438,2021-09-10,2021,Versana Premier,"GE Medical Systems Ultrasound and Primary Care Diagnostics,",Radiology,IYN,,,,,,False,,,device_not_oncology,False,True,892.1550,Radiology,"System, Imaging, Pulsed Doppler, Ultrasonic"
K211828,2021-09-10,2021,Aquilion Exceed LB,Canon Medical Systems Corporation,Radiology,JAK,,,,,,False,,,device_not_oncology,False,True,892.1750,Radiology,"System, X-Ray, Tomography, Computed"
K211824,2021-09-09,2021,"HERA W9, HERA W10 Diagnostic Ultrasound System","Samsung Medison Co., Ltd.",Radiology,IYN,,,,,,False,,,device_not_oncology,False,True,892.1550,Radiology,"System, Imaging, Pulsed Doppler, Ultrasonic"
K211945,2021-09-08,2021,V8 Diagnostic Ultrasound System,"Samsung Medison CO., LTD.",Radiology,IYN,,,,,,False,,,device_not_oncology,False,True,892.1550,Radiology,"System, Imaging, Pulsed Doppler, Ultrasonic"
DEN200030,2021-09-08,2021,FEops HEARTguide,FEops NV,Cardiovascular,QQI,,,,,,False,,,code_unlisted_off_panel,False,True,870.1405,Cardiovascular,Interventional Cardiovascular Implant Simulation Software Device
K203555,2021-09-08,2021,AmCAD-UT,AmCad BioMed Corporation,Radiology,QIH,radiology,radiology_cancer_detection,Cancer detection and assessment,510(k),,True,device,high,,False,True,892.2050,Radiology,Automated Radiological Image Processing Software
K211597,2021-09-08,2021,"EPIQ Series Diagnostic Ultrasound System, Affiniti Series Diagnostic Ultrasound System",Philips Medical Systems,Radiology,IYN,,,,,,False,,,device_not_oncology,False,True,892.1550,Radiology,"System, Imaging, Pulsed Doppler, Ultrasonic"
K211867,2021-09-08,2021,RayStation 11.0,RaySearch Laboratories AB (publ),Radiology,MUJ,radiology,radiology_radiation_therapy,Cancer treatment planning,510(k),892.5050,True,device,high,,False,True,892.5050,Radiology,"System, Planning, Radiation Therapy Treatment"
K211881,2021-09-02,2021,AI Segmentation,"Varian Medical Systems, Inc.",Radiology,MUJ,radiology,radiology_radiation_therapy,Cancer treatment planning,510(k),892.5050,True,device,high,,False,True,892.5050,Radiology,"System, Planning, Radiation Therapy Treatment"
K201560,2021-08-31,2021,Auto Lung Nodule Detection,"Samsung Electronics Co.,Ltd.",Radiology,MYN,radiology,radiology_cancer_detection,Cancer detection and assessment,510(k),,True,device,high,,False,True,892.2070,Radiology,"Analyzer, Medical Image"
K212383,2021-08-31,2021,EndoNaut,Therenva SAS,Radiology,OWB,,,,,,False,,,device_not_oncology,False,True,892.1650,Radiology,Interventional Fluoroscopic X-Ray System
K203696,2021-08-27,2021,RBknee,Radiobotics ApS,Radiology,LLZ,,,,,,False,,,device_not_oncology,False,True,892.2050,Radiology,"System, Image Processing, Radiological"
K211846,2021-08-20,2021,Discovery MI Gen2,"GE Medical Systems, LLC.",Radiology,KPS,,,,,,False,,,device_not_oncology,False,True,892.1200,Radiology,"System, Tomography, Computed, Emission"
K212230,2021-08-16,2021,TruSPECT  Radiological Image Processing Station,Spectrum Dynamics Medical Ltd,Radiology,LLZ,,,,,,False,,,device_unresolved,False,True,892.2050,Radiology,"System, Image Processing, Radiological"
K211179,2021-08-12,2021,InferRead CT Stroke.AI,"Infervision Medical Technology Co., Ltd.",Radiology,QAS,,,,,,False,,,device_not_oncology,False,True,892.2080,Radiology,Radiological Computer-Assisted Triage And Notification Software
K203448,2021-08-11,2021,uCT ATLAS with uWS-CT-Dual Energy Analysis,"Shanghai United Imaging Healthcare Co., Ltd.",Radiology,JAK,,,,,,False,,,device_not_oncology,False,True,892.1750,Radiology,"System, X-Ray, Tomography, Computed"
K211764,2021-08-06,2021,Vereos PET/CT,Philips Medical Systems Nederland B.V.,Radiology,KPS,,,,,,False,,,device_not_oncology,False,True,892.1200,Radiology,"System, Tomography, Computed, Emission"
K212100,2021-08-06,2021,Kosmos,"EchoNous, Inc.",Radiology,IYN,,,,,,False,,,device_not_oncology,False,True,892.1550,Radiology,"System, Imaging, Pulsed Doppler, Ultrasonic"
K211431,2021-08-02,2021,breastscape v1.0,Olea Medical,Radiology,QIH,radiology,radiology_cancer_detection,Cancer detection and assessment,510(k),,True,device,medium,,False,True,892.2050,Radiology,Automated Radiological Image Processing Software
K211222,2021-07-30,2021,qER-Quant,Qure.ai Technologies,Radiology,QIH,,,,,,False,,,device_not_oncology,False,True,892.2050,Radiology,Automated Radiological Image Processing Software
K211379,2021-07-30,2021,syngo.via RT Image Suite,Siemens Medical Solutions USA Inc.,Radiology,MUJ,radiology,radiology_radiation_therapy,Cancer treatment planning,510(k),892.5050,True,device,high,,False,True,892.5050,Radiology,"System, Planning, Radiation Therapy Treatment"
K211655,2021-07-27,2021,aPROMISE,EXINI Diagnostics AB,Radiology,LLZ,radiology,radiology_cancer_detection,Cancer detection and assessment,510(k),,True,device,high,,False,True,892.2050,Radiology,"System, Image Processing, Radiological"
K212074,2021-07-27,2021,ClariCT.AI,ClariPi Inc.,Radiology,LLZ,,,,,,False,,,device_not_oncology,False,True,892.2050,Radiology,"System, Image Processing, Radiological"
K211279,2021-07-27,2021,Volpara Imaging Software,Volpara Health Technologies Limited,Radiology,LLZ,,,,,,False,,,device_not_oncology,False,True,892.2050,Radiology,"System, Image Processing, Radiological"
K210791,2021-07-27,2021,Us2.v1,eko.ai Pte. Ltd. d/b/a Us2.ai,Radiology,QIH,,,,,,False,,,device_not_oncology,False,True,892.2050,Radiology,Automated Radiological Image Processing Software
K211951,2021-07-23,2021,GI Genius,Cosmo Artificial Intelligence - AI Ltd,Gastroenterology-Urology,QNP,,,,,,False,,,code_unlisted_off_panel,False,True,876.1520,"Gastroenterology, Urology",Gastrointesinal Lesion Software Detection System
K211906,2021-07-20,2021,Vital Signs,Oxehealth Limited,Cardiovascular,QME,,,,,,False,,,code_unlisted_off_panel,False,True,870.2785,Cardiovascular,"Software For Optical Camera-Based Measurement Of Pulse Rate, Heart Rate, Breathing Rate, And/Or Respiratory Rate"
K210666,2021-07-20,2021,Chest-CAD,"Imagen Technologies, Inc",Radiology,MYN,,,,,,False,,,device_unresolved,False,True,892.2070,Radiology,"Analyzer, Medical Image"
K210719,2021-07-20,2021,Change Healthcare Anatomical AI,Change Healthcare Canada Company,Radiology,QIH,,,,,,False,,,device_not_oncology,False,True,892.2050,Radiology,Automated Radiological Image Processing Software
K211506,2021-07-12,2021,PowerLook Density Assessment V4.0,"iCAD, Inc.",Radiology,QIH,,,,,,False,,,device_not_oncology,False,True,892.2050,Radiology,Automated Radiological Image Processing Software
K211788,2021-07-08,2021,HALO,Nico.Lab B.V.,Radiology,QAS,,,,,,False,,,device_not_oncology,False,True,892.2080,Radiology,Radiological Computer-Assisted Triage And Notification Software
K210611,2021-07-01,2021,MAGNETOM Free.Max,"Siemens Medical Solutions USA, Inc.",Radiology,LNH,,,,,,False,,,device_not_oncology,False,True,892.1000,Radiology,"System, Nuclear Magnetic Resonance Imaging"
K210645,2021-06-29,2021,RayStation 10.1,RaySearch Laboratories AB (publ),Radiology,MUJ,radiology,radiology_radiation_therapy,Cancer treatment planning,510(k),892.5050,True,device,high,,False,True,892.5050,Radiology,"System, Planning, Radiation Therapy Treatment"
K203514,2021-06-17,2021,Precise Position,"Philips Healthcare (Suzhou) Co., Ltd.",Radiology,JAK,,,,,,False,,,device_not_oncology,False,True,892.1750,Radiology,"System, X-Ray, Tomography, Computed"
K202718,2021-06-16,2021,Qmenta Care Platform Family,"Mint Labs, Inc., d/b/a. QMENTA",Radiology,LLZ,,,,,,False,,,device_unresolved,False,True,892.2050,Radiology,"System, Image Processing, Radiological"
K210034,2021-06-16,2021,EnsoSleep,"EnsoData, Inc.",Neurology,OLZ,,,,,,False,,,code_unlisted_off_panel,False,True,882.1400,Neurology,Automatic Event Detection Software For Polysomnograph With Electroencephalograph
K210484,2021-06-11,2021,"LINQ II Insertable Cardiac Monitor, Zelda AI ECG Classification System","Medtronic, Inc.",Cardiovascular,MXD,,,,,,False,,,code_unlisted_off_panel,False,True,870.1025,Cardiovascular,"Recorder, Event, Implantable Cardiac, (With Arrhythmia Detection)"
K203629,2021-06-10,2021,IDx-DR,Digital Diagnostics Inc.,Ophthalmic,PIB,,,,,,False,,,code_unlisted_off_panel,False,True,886.1100,Ophthalmic,Diabetic Retinopathy Detection Device
K211459,2021-06-10,2021,"syngo.via MI WorkFlows, Scenium, syngo MBF","Siemens Medical Solutions USA, Inc.",Radiology,QIH,,,,,,False,,,device_unresolved,False,True,892.2050,Radiology,Automated Radiological Image Processing Software
K210458,2021-06-08,2021,"OPTIS Mobile Next Imaging System, OPTIS Integrated Next Imaging System",Abbott Medical,Radiology,NQQ,,,,,,False,,,device_not_oncology,False,True,892.1560,Radiology,"System, Imaging, Optical Coherence Tomography (Oct)"
DEN200069,2021-06-02,2021,Cognoa ASD Diagnosis Aid,"Cognoa, Inc.",Neurology,QPF,,,,,,False,,,code_unlisted_off_panel,False,True,882.1491,Neurology,Pediatric Autism Spectrum Disorder Diagnosis Aid
K210404,2021-06-02,2021,Transpara 1.7.0,ScreenPoint Medical B.V.,Radiology,QDQ,radiology,radiology_cancer_detection,Cancer detection and assessment,510(k),892.2090,True,device,high,,False,True,892.2090,Radiology,Radiological Computer Assisted Detection/Diagnosis Software For Lesions Suspicious For Cancer
K202527,2021-05-21,2021,Zio ECG Utilization Software (ZEUS) System,"iRhythm Technologies, Inc.",Cardiovascular,DQK,,,,,,False,,,code_unlisted_off_panel,False,True,870.1425,Cardiovascular,"Computer, Diagnostic, Programmable"
K210237,2021-05-19,2021,CINA CHEST,Avicenna.AI,Radiology,QAS,,,,,,False,,,device_not_oncology,False,True,892.2080,Radiology,Radiological Computer-Assisted Triage And Notification Software
K210187,2021-05-19,2021,Overjet Dental Assist,"Overjet, Inc.",Radiology,LLZ,,,,,,False,,,device_not_oncology,False,True,892.2050,Radiology,"System, Image Processing, Radiological"
K211118,2021-05-13,2021,SIGNA 7.0T,"GE Medical Systems, LLC",Radiology,LNH,,,,,,False,,,device_not_oncology,False,True,892.1000,Radiology,"System, Nuclear Magnetic Resonance Imaging"
K210426,2021-05-13,2021,HS40 Diagnostic Ultrasound System,"Samsung Medison CO., LTD.",Radiology,IYN,,,,,,False,,,device_not_oncology,False,True,892.1550,Radiology,"System, Imaging, Pulsed Doppler, Ultrasonic"
K210001,2021-04-30,2021,HYPER AiR,"Shanghai United Imaging Healthcare Co.,Ltd.",Radiology,KPS,,,,,,False,,,device_not_oncology,False,True,892.1200,Radiology,"System, Tomography, Computed, Emission"
K203314,2021-04-23,2021,Cartesion Prime (PCD-1000A/3) V10.8,Canon Medical Systems Corporation,Radiology,KPS,,,,,,False,,,device_not_oncology,False,True,892.1200,Radiology,"System, Tomography, Computed, Emission"
K203502,2021-04-23,2021,MEDO-Thyroid,MEDO DX Pte. Ltd.,Radiology,QIH,radiology,radiology_cancer_detection,Cancer detection and assessment,510(k),,True,device,medium,,False,True,892.2050,Radiology,Automated Radiological Image Processing Software
K210556,2021-04-21,2021,Preview Shoulder,Genesis Software Innovations,Radiology,QIH,,,,,,False,,,device_not_oncology,False,True,892.2050,Radiology,Automated Radiological Image Processing Software
K203610,2021-04-20,2021,Automatic Anatomy Recognition (AAR),"Quantitative Radiology Solutions, LLC",Radiology,QKB,radiology,radiology_radiation_therapy,Cancer treatment planning,510(k),892.2050,True,device,high,,False,True,892.2050,Radiology,Radiological Image Processing Software For Radiation Therapy
K203469,2021-04-19,2021,AI Segmentation,"Varian Medical Systems, Inc.",Radiology,MUJ,radiology,radiology_radiation_therapy,Cancer treatment planning,510(k),892.5050,True,device,high,,False,True,892.5050,Radiology,"System, Planning, Radiation Therapy Treatment"
K203517,2021-04-16,2021,Saige-Q,"DeepHealth, Inc.",Radiology,QFM,radiology,radiology_cancer_detection,Cancer detection and assessment,510(k),,True,device,high,,False,True,892.2080,Radiology,Radiological Computer-Assisted Prioritization Software For Lesions
K202992,2021-04-14,2021,"BriefCase, RIB Fractures Triage (RibFx)","Aidoc Medical, Ltd.",Radiology,QFM,,,,,,False,,,device_not_oncology,False,True,892.2080,Radiology,Radiological Computer-Assisted Prioritization Software For Lesions
DEN200055,2021-04-09,2021,GI Genius,"Cosmo Artificial Intelligence - AI, LTD",Gastroenterology-Urology,QNP,,,,,,False,,,code_unlisted_off_panel,False,True,876.1520,"Gastroenterology, Urology",Gastrointesinal Lesion Software Detection System
K202928,2021-04-02,2021,DV. Target,Deepvoxel INC,Radiology,QKB,radiology,radiology_radiation_therapy,Cancer treatment planning,510(k),892.2050,True,device,high,,False,True,892.2050,Radiology,Radiological Image Processing Software For Radiation Therapy
K202441,2021-04-02,2021,Eclipse II with Smart Noise Cancellation,"Carestream Health, Inc.",Radiology,MQB,,,,,,False,,,device_not_oncology,False,True,892.1680,Radiology,Solid State X-Ray Imager (Flat Panel/Digital Imager)
DEN200038,2021-04-01,2021,Gili Pro BioSensor (also known as Gili BioSensor System),ContinUse Biometrics Ltd.,Cardiovascular,QOK,,,,,,False,,,code_unlisted_off_panel,False,True,870.2786,Cardiovascular,Hardware And Software For Optical Camera-Based Measurement Of Heart Rate And Respiratory Rate
K210071,2021-03-31,2021,SIS System (Version 5.1.0),"Surgical Information Sciences, Inc.",Radiology,LLZ,,,,,,False,,,device_not_oncology,False,True,892.2050,Radiology,"System, Image Processing, Radiological"
K203258,2021-03-31,2021,syngo.CT Lung CAD,Siemens Healthcare GmbH,Radiology,OEB,radiology,radiology_cancer_detection,Cancer detection and assessment,510(k),892.2050,True,device,high,,False,True,892.2050,Radiology,"Lung Computed Tomography System, Computer-Aided Detection"
K203443,2021-03-31,2021,"MAGNETOM Vida, MAGNETOM Sola, MAGNETOM Lumina, MAGNETOM Altea","Siemens Medical Solutions USA, Inc.",Radiology,LNH,,,,,,False,,,device_not_oncology,False,True,892.1000,Radiology,"System, Nuclear Magnetic Resonance Imaging"
DEN200019,2021-03-26,2021,Oxehealth Vital Signs,Oxehealth Limited,Cardiovascular,QME,,,,,,False,,,code_unlisted_off_panel,False,True,870.2785,Cardiovascular,"Software For Optical Camera-Based Measurement Of Pulse Rate, Heart Rate, Breathing Rate, And/Or Respiratory Rate"
K203225,2021-03-24,2021,Aquilion ONE (TSX-306A/3) V10.4 with Spectral Imaging System,Canon Medical Systems Corporation,Radiology,JAK,,,,,,False,,,device_not_oncology,False,True,892.1750,Radiology,"System, X-Ray, Tomography, Computed"
K210209,2021-03-23,2021,Viz ICH,"Viz.ai, Inc.",Radiology,QAS,,,,,,False,,,device_not_oncology,False,True,892.2080,Radiology,Radiological Computer-Assisted Triage And Notification Software
K203235,2021-03-19,2021,VBrain,Vysioneer Inc.,Radiology,QKB,radiology,radiology_radiation_therapy,Cancer treatment planning,510(k),892.2050,True,device,high,,False,True,892.2050,Radiology,Radiological Image Processing Software For Radiation Therapy
K202284,2021-03-12,2021,Oncospace,"Oncospace, Inc.",Radiology,MUJ,radiology,radiology_radiation_therapy,Cancer treatment planning,510(k),892.5050,True,device,high,,False,True,892.5050,Radiology,"System, Planning, Radiation Therapy Treatment"
K203822,2021-03-12,2021,ProFound AI Software V3.0,iCAD Inc.,Radiology,QDQ,radiology,radiology_cancer_detection,Cancer detection and assessment,510(k),892.2090,True,device,high,,False,True,892.2090,Radiology,Radiological Computer Assisted Detection/Diagnosis Software For Lesions Suspicious For Cancer
K203256,2021-03-09,2021,Imbio RV/LV Software,"Imbio, LLC",Radiology,QIH,,,,,,False,,,device_not_oncology,False,True,892.2050,Radiology,Automated Radiological Image Processing Software
K202300,2021-03-05,2021,"Optellum Virtual Nodule Clinic, Optellum software, Optellum platform",Optellum Ltd,Radiology,POK,radiology,radiology_cancer_detection,Cancer detection and assessment,510(k),892.2060,True,device,high,,False,True,892.2060,Radiology,Computer-Assisted Diagnostic Software For Lesions Suspicious For Cancer
K203323,2021-03-04,2021,"Vantage Galan 3T, MRT-3020, V6.0 with AiCE Reconstruction Processing Unit for MR",Canon Medical Systems Corporation,Radiology,LNH,,,,,,False,,,device_not_oncology,False,True,892.1000,Radiology,"System, Nuclear Magnetic Resonance Imaging"
K203617,2021-03-02,2021,MaxFOV 2,"GE Medical Systems, LLC.",Radiology,JAK,,,,,,False,,,device_not_oncology,False,True,892.1750,Radiology,"System, X-Ray, Tomography, Computed"
DEN200022,2021-03-01,2021,Analytic for Hemodynamic Instability (AHI),Fifth Eye Inc.,Cardiovascular,QNV,,,,,,False,,,code_unlisted_off_panel,False,True,870.2220,Cardiovascular,Adjunctive Hemodynamic Indicator With Decision Point
K203182,2021-02-26,2021,SubtleMR,"Subtle Medical, Inc.",Radiology,LLZ,,,,,,False,,,device_not_oncology,False,True,892.2050,Radiology,"System, Image Processing, Radiological"
K202990,2021-02-25,2021,NinesMeasure,"Nines, Inc.",Radiology,LLZ,,,,,,False,,,device_unresolved,False,True,892.2050,Radiology,"System, Image Processing, Radiological"
K203578,2021-02-25,2021,"OTIS 2.1 Optical Coherence Tomography System, THiA Optical Coherence Tomography System","Perimeter Medical Imaging AI, Inc.",Radiology,NQQ,radiology,radiology_cancer_detection,Cancer detection and assessment,510(k),,True,device,medium,,False,True,892.1560,Radiology,"System, Imaging, Optical Coherence Tomography (Oct)"
K202212,2021-02-19,2021,TruPlan,Circle Cardiovascular Imaging Inc.,Radiology,LLZ,,,,,,False,,,device_not_oncology,False,True,892.2050,Radiology,"System, Image Processing, Radiological"
K203103,2021-02-09,2021,"Synapse 3D, Synapse 3D Base Tools v6.1",Fujifilm Corporation,Radiology,LLZ,,,,,,False,,,device_unresolved,False,True,892.2050,Radiology,"System, Image Processing, Radiological"
K210053,2021-02-05,2021,LVivo Software Application,DiA Imaging Analysis Ltd,Radiology,QIH,,,,,,False,,,device_not_oncology,False,True,892.2050,Radiology,Automated Radiological Image Processing Software
K203582,2021-02-04,2021,QUIBIM Precision Prostate (qp-Prostate),QUIBIM S.L.,Radiology,LLZ,radiology,radiology_cancer_detection,Cancer detection and assessment,510(k),,True,device,high,,False,True,892.2050,Radiology,"System, Image Processing, Radiological"
K201411,2021-01-29,2021,Visage Breast Density,Visage Imaging GmbH,Radiology,QIH,,,,,,False,,,device_not_oncology,False,True,892.2050,Radiology,Automated Radiological Image Processing Software
K202767,2021-01-15,2021,"Vantage Orian 1.5T, MRT-1550, V6.0",Canon Medical Systems Corporation,Radiology,LNH,,,,,,False,,,device_not_oncology,False,True,892.1000,Radiology,"System, Nuclear Magnetic Resonance Imaging"
K193271,2021-01-15,2021,uAI EasyTriage-Rib,"Shanghai United Imaging Intelligence Co., Ltd.",Radiology,QFM,,,,,,False,,,device_not_oncology,False,True,892.2080,Radiology,Radiological Computer-Assisted Prioritization Software For Lesions
K202700,2021-01-14,2021,ART-Plan,TheraPanacea,Radiology,QKB,radiology,radiology_radiation_therapy,Cancer treatment planning,510(k),892.2050,True,device,high,,False,True,892.2050,Radiology,Radiological Image Processing Software For Radiation Therapy
K203280,2021-01-12,2021,Hepatica v1 (Hepatica v1.0.0),Perspectum Ltd.,Radiology,LNH,,,,,,False,,,device_not_oncology,False,True,892.1000,Radiology,"System, Nuclear Magnetic Resonance Imaging"
K201836,2021-01-12,2021,Aquilion Lightning (TSX-036A/7) V10.2 with AiCE-i,Canon Medical Systems Corporation,Radiology,JAK,,,,,,False,,,device_not_oncology,False,True,892.1750,Radiology,"System, X-Ray, Tomography, Computed"
P200003,2021-01-11,2021,Imagio Breast Imaging System,"Seno Medical Instruments, Inc.",Radiology,QNK,radiology,radiology_cancer_detection,Cancer detection and assessment,PMA,,True,device,medium,,False,True,,Unknown,Optoacoustic Imaging System
K200717,2021-01-09,2021,CLEWICU System (ClewICUServer and ClewICUnitor),CLEW Medical Ltd.,Cardiovascular,QNL,,,,,,False,,,code_unlisted_off_panel,False,True,870.2210,Cardiovascular,Medium-Term Adjunctive Predictive Cardiovascular Indicator
K203329,2021-01-08,2021,HeartFlow Analysis,"HeartFlow, Inc.",Cardiovascular,PJA,,,,,,False,,,code_unlisted_off_panel,False,True,870.1415,Cardiovascular,Coronary Vascular Physiologic Simulation Software
K202414,2021-01-07,2021,BrainInsight,"Hyperfine Research, Inc",Radiology,LLZ,,,,,,False,,,device_not_oncology,False,True,892.2050,Radiology,"System, Image Processing, Radiological"
K203508,2020-12-29,2020,BriefCase,"Aidoc Medical, Ltd.",Radiology,QAS,,,,,,False,,,device_not_oncology,False,True,892.2080,Radiology,Radiological Computer-Assisted Triage And Notification Software
K202229,2020-12-22,2020,AI Metrics,"AI Metrics, LLC",Radiology,LLZ,radiology,radiology_cancer_detection,Cancer detection and assessment,510(k),,True,device,medium,,False,True,892.2050,Radiology,"System, Image Processing, Radiological"
K201555,2020-12-18,2020,EchoGo Pro,Ultromics Ltd,Radiology,POK,,,,,,False,,,device_not_oncology,False,True,892.2060,Radiology,Computer-Assisted Diagnostic Software For Lesions Suspicious For Cancer
K203042,2020-12-10,2020,Aquilion Exceed LB (TSX-202A/3) V10.6 with AiCE-I,Canon Medical Systems Corporation,Radiology,JAK,,,,,,False,,,device_not_oncology,False,True,892.1750,Radiology,"System, X-Ray, Tomography, Computed"
K201745,2020-12-10,2020,Deep Learning Image Reconstruction for Gemstone Spectral Imaging,"GE Medical Systems, LLC",Radiology,JAK,,,,,,False,,,device_not_oncology,False,True,892.1750,Radiology,"System, X-Ray, Tomography, Computed"
K201039,2020-12-07,2020,HepaFat-AI,Resonance Health Analysis Services Pty Ltd,Radiology,LNH,,,,,,False,,,device_not_oncology,False,True,892.1000,Radiology,"System, Nuclear Magnetic Resonance Imaging"
K202487,2020-12-04,2020,HealthJOINT,Zebra Medical Vision Ltd.,Radiology,LLZ,,,,,,False,,,device_not_oncology,False,True,892.2050,Radiology,"System, Image Processing, Radiological"
K203169,2020-11-20,2020,Revolution Ascend,GE Healthcare Japan Corporation,Radiology,JAK,,,,,,False,,,device_not_oncology,False,True,892.1750,Radiology,"System, X-Ray, Tomography, Computed"
K193287,2020-11-20,2020,CorInsights MRI,"ADM Diagnostics, Inc.",Radiology,LLZ,,,,,,False,,,device_not_oncology,False,True,892.2050,Radiology,"System, Image Processing, Radiological"
K200873,2020-11-20,2020,HALO,NICo-Lab B.V.,Radiology,QAS,,,,,,False,,,device_not_oncology,False,True,892.2080,Radiology,Radiological Computer-Assisted Triage And Notification Software
K201019,2020-11-18,2020,Genius AI Detection,"Hologic, Inc.",Radiology,QDQ,radiology,radiology_cancer_detection,Cancer detection and assessment,510(k),892.2090,True,device,high,,False,True,892.2090,Radiology,Radiological Computer Assisted Detection/Diagnosis Software For Lesions Suspicious For Cancer
K201195,2020-11-18,2020,"syngo.via MI Workflows, syngo MBF","Siemens Medical Solutions USA, Inc.",Radiology,QIH,,,,,,False,,,device_unresolved,False,True,892.2050,Radiology,Automated Radiological Image Processing Software
K193306,2020-11-17,2020,PROView,GE Medical Systems SCS,Radiology,LLZ,,,,,,False,,,device_unresolved,False,True,892.2050,Radiology,"System, Image Processing, Radiological"
K193289,2020-11-12,2020,"FastStroke, CT Perfusion 4D",GE Medical Systems SCS,Radiology,JAK,,,,,,False,,,device_not_oncology,False,True,892.1750,Radiology,"System, X-Ray, Tomography, Computed"
K201985,2020-11-12,2020,KardiaAI,"AliveCor, Inc.",Cardiovascular,DQK,,,,,,False,,,code_unlisted_off_panel,False,True,870.1425,Cardiovascular,"Computer, Diagnostic, Programmable"
K193562,2020-11-06,2020,AI-Rad Companion Organs RT,"Siemens Medical Solutions USA, Inc.",Radiology,QKB,radiology,radiology_radiation_therapy,Cancer treatment planning,510(k),892.2050,True,device,high,,False,True,892.2050,Radiology,Radiological Image Processing Software For Radiation Therapy
K200750,2020-11-06,2020,Neuro.Al Algorithm,"TeraRecon, Inc.",Radiology,LLZ,,,,,,False,,,device_not_oncology,False,True,892.2050,Radiology,"System, Image Processing, Radiological"
K202013,2020-10-30,2020,WRDensity by Whiterabbit.ai,Whiterabbit.ai Inc.,Radiology,QIH,,,,,,False,,,device_not_oncology,False,True,892.2050,Radiology,Automated Radiological Image Processing Software
K200323,2020-10-30,2020,AutoContour,"Radformation, Inc.",Radiology,QKB,radiology,radiology_radiation_therapy,Cancer treatment planning,510(k),892.2050,True,device,high,,False,True,892.2050,Radiology,Radiological Image Processing Software For Radiation Therapy
K202089,2020-10-28,2020,"LensHooke X1 PRO Semen Quality Analyzer, LensHooke X1 PRO SE Semen Quality Analyzer","Bonraybio Co., Ltd.",Hematology,POV,,,,,,False,,,code_unlisted_off_panel,False,True,864.5220,Hematology,Semen Analysis Device
K201710,2020-10-16,2020,A View LCS,"Coreline Soft Co., Ltd.",Radiology,LLZ,radiology,radiology_cancer_detection,Cancer detection and assessment,510(k),,True,device,high,,False,True,892.2050,Radiology,"System, Image Processing, Radiological"
K200595,2020-10-16,2020,"CellaVision DC-1, CellaVision DC-1 PPA",CellaVision AB,Hematology,JOY,,,,,,False,,,code_unlisted_off_panel,False,True,864.5260,Hematology,"Device, Automated Cell-Locating"
K201615,2020-10-15,2020,SIGNA 7.0T,"GE Medical Systems, LLC",Radiology,LNH,,,,,,False,,,device_not_oncology,False,True,892.1000,Radiology,"System, Nuclear Magnetic Resonance Imaging"
K202501,2020-10-11,2020,Quantib Prostate,Quantib BV,Radiology,LLZ,radiology,radiology_cancer_detection,Cancer detection and assessment,510(k),,True,device,high,,False,True,892.2050,Radiology,"System, Image Processing, Radiological"
K193631,2020-10-09,2020,"Stethee Pro 1, Stethee Pro Software System",M3DICINE Pty Ltd.,Cardiovascular,DQD,,,,,,False,,,code_unlisted_off_panel,False,True,870.1875,Cardiovascular,"Stethoscope, Electronic"
K202280,2020-10-02,2020,Cleerly Labs v2.0,"Cleerly, Inc.",Radiology,LLZ,,,,,,False,,,device_not_oncology,False,True,892.2050,Radiology,"System, Image Processing, Radiological"
K202170,2020-10-02,2020,LiverMultiScan,Perspectum LTD,Radiology,LNH,,,,,,False,,,device_not_oncology,False,True,892.1000,Radiology,"System, Nuclear Magnetic Resonance Imaging"
K201301,2020-10-02,2020,X100 with Full Field Peripheral Blood Smear (PBS) Application,Scopio Labs LTD.,Hematology,JOY,,,,,,False,,,code_unlisted_off_panel,False,True,864.5260,Hematology,"Device, Automated Cell-Locating"
K192051,2020-09-30,2020,THINQ,CorticoMetrics LLC,Radiology,LLZ,,,,,,False,,,device_not_oncology,False,True,892.2050,Radiology,"System, Image Processing, Radiological"
K202546,2020-09-29,2020,LVivo Seamless,DiA Imaging Analysis Ltd,Radiology,QIH,,,,,,False,,,device_not_oncology,False,True,892.2050,Radiology,Automated Radiological Image Processing Software
K201103,2020-09-25,2020,Xeleris V Processing and Review Systems,GE Healthcare,Radiology,LLZ,,,,,,False,,,device_unresolved,False,True,892.2050,Radiology,"System, Image Processing, Radiological"
K200569,2020-09-24,2020,RayStation,RaySearch Laboratories AB (publ),Radiology,MUJ,radiology,radiology_radiation_therapy,Cancer treatment planning,510(k),892.5050,True,device,high,,False,True,892.5050,Radiology,"System, Planning, Radiation Therapy Treatment"
K201992,2020-09-18,2020,Caption Guidance,Caption Health,Radiology,QJU,,,,,,False,,,device_not_oncology,False,True,892.2100,Radiology,Image Acquisition And/Or Optimization Guided By Artificial Intelligence
K200852,2020-09-18,2020,"EchoPAC Software Only, EchoPAC Plug-In",GE Medical Systems Ultrasound and Primary Care Diagnostics,Radiology,LLZ,,,,,,False,,,device_not_oncology,False,True,892.2050,Radiology,"System, Image Processing, Radiological"
K201369,2020-09-16,2020,AVA (Augmented Vascular Analysis),See-Mode Technologies Pte. Ltd.,Radiology,LLZ,,,,,,False,,,device_not_oncology,False,True,892.2050,Radiology,"System, Image Processing, Radiological"
K201298,2020-09-16,2020,VX1,Volta Medical,Cardiovascular,DQK,,,,,,False,,,code_unlisted_off_panel,False,True,870.1425,Cardiovascular,"Computer, Diagnostic, Programmable"
K192665,2020-09-15,2020,"Accelerate Pheno System, Accelerate PhenoTest BC Kit","Accelerate Diagnostics, Inc.",Microbiology,PRH,,,,,,False,,,code_unlisted_off_panel,False,True,866.1650,Microbiology,Positive Blood Culture Identification And Ast Kit
K200708,2020-09-09,2020,Vivid iq,GE Medical Systems Ultrasound and,Radiology,IYN,,,,,,False,,,device_not_oncology,False,True,892.1550,Radiology,"System, Imaging, Pulsed Doppler, Ultrasonic"
K200851,2020-09-09,2020,"Vivid T8, Vivid T9",GE Medical Systems Ultrasound and Primary Care Diagnostics,Radiology,IYN,,,,,,False,,,device_not_oncology,False,True,892.1550,Radiology,"System, Imaging, Pulsed Doppler, Ultrasonic"
K201841,2020-09-06,2020,EyeBOX,"Oculogica, Inc.",Neurology,QEA,,,,,,False,,,code_unlisted_off_panel,False,True,882.1455,Neurology,Brain Injury Adjunctive Interpretive Oculomotor Assessment Aid
K202238,2020-09-04,2020,SIGNA Artist,GE Healthcare (Tianjin) Company Limited,Radiology,LNH,,,,,,False,,,device_not_oncology,False,True,892.1000,Radiology,"System, Nuclear Magnetic Resonance Imaging"
K200833,2020-09-02,2020,RX-1 Rhythm Express Remote Cardiac Monitoring System,VivaQuant Inc.,Cardiovascular,MLO,,,,,,False,,,code_unlisted_off_panel,False,True,870.2800,Cardiovascular,"Electrocardiograph, Ambulatory, With Analysis Algorithm"
K201020,2020-08-26,2020,BriefCase,"Aidoc Medical, Ltd.",Radiology,QAS,,,,,,False,,,device_not_oncology,False,True,892.2080,Radiology,Radiological Computer-Assisted Triage And Notification Software
K200714,2020-08-26,2020,AVIEW,"Coreline Soft Co., Ltd",Radiology,LLZ,,,,,,False,,,device_unresolved,False,True,892.2050,Radiology,"System, Image Processing, Radiological"
K201632,2020-08-14,2020,TOMTEC-ARENA,TOMTEC Imaging Systems GmbH,Radiology,LLZ,,,,,,False,,,device_not_oncology,False,True,892.2050,Radiology,"System, Image Processing, Radiological"
K201444,2020-08-13,2020,Syngo.via RT Image Suite,"Siemens Medical Solutions USA, Inc.",Radiology,MUJ,radiology,radiology_radiation_therapy,Cancer treatment planning,510(k),892.5050,True,device,high,,False,True,892.5050,Radiology,"System, Planning, Radiation Therapy Treatment"
K201232,2020-08-13,2020,Limbus Contour,Limbus AI Inc.,Radiology,LLZ,radiology,radiology_radiation_therapy,Cancer treatment planning,510(k),,True,device,high,,False,True,892.2050,Radiology,"System, Image Processing, Radiological"
K200990,2020-08-07,2020,VIDAvision,VIDA Diagnostics Inc.,Radiology,JAK,,,,,,False,,,device_not_oncology,False,True,892.1750,Radiology,"System, X-Ray, Tomography, Computed"
K201310,2020-08-07,2020,Accipiolx,MaxQ Al Ltd.,Radiology,QAS,,,,,,False,,,device_not_oncology,False,True,892.2080,Radiology,Radiological Computer-Assisted Triage And Notification Software
K193210,2020-08-04,2020,HYPER DLR,"Shanghai United Imaging Healthcare Co., Ltd.",Radiology,KPS,,,,,,False,,,device_not_oncology,False,True,892.1200,Radiology,"System, Tomography, Computed, Emission"
K200667,2020-08-03,2020,EyeArt,"Eyenuk, Inc",Ophthalmic,PIB,,,,,,False,,,code_unlisted_off_panel,False,True,886.1100,Ophthalmic,Diabetic Retinopathy Detection Device
K193417,2020-07-30,2020,FractureDetect (FX),"Imagen Technologies, Inc.",Radiology,QBS,,,,,,False,,,device_not_oncology,False,True,892.2090,Radiology,Radiological Computer Assisted Detection/Diagnosis Software For Fracture
K193283,2020-07-30,2020,AI-Rad Companion Prostate MR,Siemens Medical Solutions USA Inc.,Radiology,QIH,radiology,radiology_cancer_detection,Cancer detection and assessment,510(k),,True,device,medium,,False,True,892.2050,Radiology,Automated Radiological Image Processing Software
K200743,2020-07-23,2020,Vivid E80/ Vivid E90/ Vivid E95,GE Medical Systems Ultrasound and,Radiology,IYN,,,,,,False,,,device_not_oncology,False,True,892.1550,Radiology,"System, Imaging, Pulsed Doppler, Ultrasonic"
K200621,2020-07-22,2020,Caption Interpretation Automated Ejection Fraction Software,Caption Health,Radiology,QIH,,,,,,False,,,device_not_oncology,False,True,892.2050,Radiology,Automated Radiological Image Processing Software
K200497,2020-07-16,2020,"Vivid S60N, Vivid S70N",GE Medical Systems Ultrasound and Primary Care Diagnostics,Radiology,IYN,,,,,,False,,,device_not_oncology,False,True,892.1550,Radiology,"System, Imaging, Pulsed Doppler, Ultrasonic"
K200905,2020-07-16,2020,HealthMammo,Zebra Medical Vision Ltd.,Radiology,QFM,radiology,radiology_cancer_detection,Cancer detection and assessment,510(k),,True,device,high,,False,True,892.2080,Radiology,Radiological Computer-Assisted Prioritization Software For Lesions
K193097,2020-07-14,2020,"Vantage Orian 1.5T, MRT-1550, V6.0 with AiCE Reconstruction Processing Unit for MR",Canon Medical Systems Corporation,Radiology,LNH,,,,,,False,,,device_not_oncology,False,True,892.1000,Radiology,"System, Nuclear Magnetic Resonance Imaging"
K193294,2020-07-10,2020,AI-Rad Companion Engine,"Siemens Medical Solutions USA, Inc.",Radiology,LLZ,,,,,,False,,,device_not_oncology,False,True,892.2050,Radiology,"System, Image Processing, Radiological"
K192969,2020-07-10,2020,Ezra Plexo Software,Ezra AI Inc.,Radiology,QIH,,,,,,False,,,device_unresolved,False,True,892.2050,Radiology,Automated Radiological Image Processing Software
K200941,2020-07-09,2020,Rapid LVO,iSchemaView Inc.,Radiology,QAS,,,,,,False,,,device_not_oncology,False,True,892.2080,Radiology,Radiological Computer-Assisted Triage And Notification Software
K193073,2020-07-06,2020,Deep Recon,"Shanghai United Imaging Healthcare Co., Ltd.",Radiology,JAK,,,,,,False,,,device_not_oncology,False,True,892.1750,Radiology,"System, X-Ray, Tomography, Computed"
K193252,2020-07-02,2020,Contour ProtegeAI,MIM Software Inc.,Radiology,QKB,radiology,radiology_radiation_therapy,Cancer treatment planning,510(k),892.2050,True,device,high,,False,True,892.2050,Radiology,Radiological Image Processing Software For Radiation Therapy
K192880,2020-07-02,2020,InferRead Lung CT.AI,"Beijing Infervision Technology Co.,Ltd.",Radiology,OEB,radiology,radiology_cancer_detection,Cancer detection and assessment,510(k),892.2050,True,device,high,,False,True,892.2050,Radiology,"Lung Computed Tomography System, Computer-Aided Detection"
K200760,2020-06-26,2020,Rapid ASPECTS,iSchemaView Inc.,Radiology,POK,,,,,,False,,,device_not_oncology,False,True,892.2060,Radiology,Computer-Assisted Diagnostic Software For Lesions Suspicious For Cancer
K200855,2020-06-24,2020,CINA,AVICENNA.AI,Radiology,QAS,,,,,,False,,,device_not_oncology,False,True,892.2080,Radiology,Radiological Computer-Assisted Triage And Notification Software
K200232,2020-06-23,2020,LVivo Software Application,DiA Imaging Analysis Ltd,Radiology,QIH,,,,,,False,,,device_not_oncology,False,True,892.2050,Radiology,Automated Radiological Image Processing Software
K193298,2020-06-19,2020,BriefCase,"Aidoc Medical, Ltd.",Radiology,QAS,,,,,,False,,,device_not_oncology,False,True,892.2080,Radiology,Radiological Computer-Assisted Triage And Notification Software
K200921,2020-06-17,2020,qER,Qure.ai Technologies,Radiology,QAS,,,,,,False,,,device_not_oncology,False,True,892.2080,Radiology,Radiological Computer-Assisted Triage And Notification Software
K193290,2020-06-17,2020,AI-Rad Companion Brain MR,"Siemens Medical Solutions USA, Inc.",Radiology,LLZ,,,,,,False,,,device_not_oncology,False,True,892.2050,Radiology,"System, Image Processing, Radiological"
K200356,2020-06-11,2020,MEDO ARIA,Medo.ai,Radiology,QIH,,,,,,False,,,device_not_oncology,False,True,892.2050,Radiology,Automated Radiological Image Processing Software
K200980,2020-06-11,2020,Auto 3D Bladder Volume Tool,"Butterfly Network, Inc.",Radiology,IYO,,,,,,False,,,device_not_oncology,False,True,892.1560,Radiology,"System, Imaging, Pulsed Echo, Ultrasonic"
K200974,2020-06-03,2020,QLAB Advanced Quantification Software,Philips Healthcare,Radiology,QIH,,,,,,False,,,device_not_oncology,False,True,892.2050,Radiology,Automated Radiological Image Processing Software
K192601,2020-06-01,2020,uWS-MR,"Shanghai United Imaging Healthcare Co., Ltd",Radiology,QIH,,,,,,False,,,device_not_oncology,False,True,892.2050,Radiology,Automated Radiological Image Processing Software
K201034,2020-05-14,2020,Syngo.CT CaScoring,"Siemens Medical Solutions USA, Inc.",Radiology,JAK,,,,,,False,,,device_not_oncology,False,True,892.1750,Radiology,"System, X-Ray, Tomography, Computed"
K192901,2020-05-12,2020,HealthVCF,Zebra Medical Vision Ltd.,Radiology,QFM,,,,,,False,,,device_not_oncology,False,True,892.2080,Radiology,Radiological Computer-Assisted Prioritization Software For Lesions
K193176,2020-05-05,2020,uMR 780,"Shanghai United Imaging Healthcare Co., Ltd",Radiology,LNH,,,,,,False,,,device_not_oncology,False,True,892.1000,Radiology,"System, Nuclear Magnetic Resonance Imaging"
K193220,2020-05-05,2020,AVIEW LCS,"Coreline Soft Co., Ltd",Radiology,LLZ,radiology,radiology_cancer_detection,Cancer detection and assessment,510(k),,True,device,high,,False,True,892.2050,Radiology,"System, Image Processing, Radiological"
K201012,2020-05-01,2020,"EPIQ Diagnostic Ultrasound System Series, Affiniti Diagnostic Ultrasound System Series, CX50 Diagnostic Ultrasound System, Sparq Diagnostic Ultrasound System, Lumify Diagnostic Ultrasound System","Philips Ultrasound, Inc.",Radiology,IYN,,,,,,False,,,device_not_oncology,False,True,892.1550,Radiology,"System, Imaging, Pulsed Doppler, Ultrasonic"
K193351,2020-04-21,2020,NinesAI,"Nines, Inc.",Radiology,QAS,,,,,,False,,,device_not_oncology,False,True,892.2080,Radiology,Radiological Computer-Assisted Triage And Notification Software
K200755,2020-04-16,2020,Caption Guidance,Caption Health,Radiology,QJU,,,,,,False,,,device_not_oncology,False,True,892.2100,Radiology,Image Acquisition And/Or Optimization Guided By Artificial Intelligence
K192167,2020-04-13,2020,CuraRad-ICH,CuraCloud Corp.,Radiology,QAS,,,,,,False,,,device_not_oncology,False,True,892.2080,Radiology,Radiological Computer-Assisted Triage And Notification Software
K193282,2020-04-10,2020,SIGNA Premier,"GE Healthcare (GE Medical Systems, LLC)",Radiology,LNH,,,,,,False,,,device_not_oncology,False,True,892.1000,Radiology,"System, Nuclear Magnetic Resonance Imaging"
K193300,2020-04-08,2020,AIMI-Triage CXR PTX,"RADLogics, Inc.",Radiology,QFM,,,,,,False,,,device_not_oncology,False,True,892.2080,Radiology,Radiological Computer-Assisted Prioritization Software For Lesions
K193087,2020-03-31,2020,Rapid ICH,iSchemaView Incorporated,Radiology,QAS,,,,,,False,,,device_not_oncology,False,True,892.2080,Radiology,Radiological Computer-Assisted Triage And Notification Software
K193518,2020-03-26,2020,KOSMOS,"EchoNous, Inc.",Radiology,IYN,,,,,,False,,,device_not_oncology,False,True,892.1550,Radiology,"System, Imaging, Pulsed Doppler, Ultrasonic"
K192732,2020-03-26,2020,BodyGuardian Remote Monitoring System,"Preventice Technologies, Inc.",Cardiovascular,DSI,,,,,,False,,,code_unlisted_off_panel,False,True,870.1025,Cardiovascular,"Detector And Alarm, Arrhythmia"
K192437,2020-03-25,2020,Arterys MICA,Arterys Inc.,Radiology,QIH,,,,,,False,,,device_unresolved,False,True,892.2050,Radiology,Automated Radiological Image Processing Software
K192854,2020-03-25,2020,MammoScreen,Therapixel,Radiology,QDQ,radiology,radiology_cancer_detection,Cancer detection and assessment,510(k),892.2090,True,device,high,,False,True,892.2090,Radiology,Radiological Computer Assisted Detection/Diagnosis Software For Lesions Suspicious For Cancer
K193281,2020-03-20,2020,Hepatic VCAR,GE Medical Systems SCS,Radiology,JAK,radiology,radiology_cancer_detection,Cancer detection and assessment,510(k),,True,device,medium,,False,True,892.1750,Radiology,"System, X-Ray, Tomography, Computed"
K200036,2020-03-20,2020,AI-ECG Tracker,"Shenzhen Carewell Electronics Co., Ltd.",Cardiovascular,DPS,,,,,,False,,,code_unlisted_off_panel,False,True,870.2340,Cardiovascular,Electrocardiograph
K193658,2020-03-18,2020,Viz ICH,"Viz.ai, Inc.",Radiology,QAS,,,,,,False,,,device_not_oncology,False,True,892.2080,Radiology,Radiological Computer-Assisted Triage And Notification Software
K193267,2020-03-16,2020,Al-Rad Companion (Musculoskeletal),"Siemens Medical Solutions USA, Inc.",Radiology,JAK,,,,,,False,,,device_not_oncology,False,True,892.1750,Radiology,"System, X-Ray, Tomography, Computed"
K192388,2020-03-12,2020,SonoVision Ultrasound Imaging System,"Tissue Differentiation Intelligence, LLC",Radiology,IYN,,,,,,False,,,device_not_oncology,False,True,892.1550,Radiology,"System, Imaging, Pulsed Doppler, Ultrasonic"
K193216,2020-03-09,2020,syngo.CT Lung CAD,"Siemens Medical Solutions, Inc",Radiology,OEB,radiology,radiology_cancer_detection,Cancer detection and assessment,510(k),892.2050,True,device,high,,False,True,892.2050,Radiology,"Lung Computed Tomography System, Computer-Aided Detection"
K192574,2020-03-09,2020,"Vantage Galan 3T, MRT-3020, V6.0 with AiCE Reconstruction Processing Unit for MR",Canon Medical Systems Corporation,Radiology,LNH,,,,,,False,,,device_not_oncology,False,True,892.1000,Radiology,"System, Nuclear Magnetic Resonance Imaging"
K193229,2020-03-05,2020,Transpara,ScreenPoint Medical B.V.,Radiology,QDQ,radiology,radiology_cancer_detection,Cancer detection and assessment,510(k),892.2090,True,device,high,,False,True,892.2090,Radiology,Radiological Computer Assisted Detection/Diagnosis Software For Lesions Suspicious For Cancer
K191550,2020-03-04,2020,Broncholab,Fluidda Inc.,Radiology,JAK,,,,,,False,,,device_not_oncology,False,True,892.1750,Radiology,"System, X-Ray, Tomography, Computed"
K192962,2020-02-28,2020,icobrain-ctp,Icometrix NV,Radiology,LLZ,,,,,,False,,,device_not_oncology,False,True,892.2050,Radiology,"System, Image Processing, Radiological"
K191556,2020-02-28,2020,Red Dot,Behold.AI Technologies Limited,Radiology,QFM,,,,,,False,,,device_not_oncology,False,True,892.2080,Radiology,Radiological Computer-Assisted Prioritization Software For Lesions
K191928,2020-02-28,2020,AccuContour,Xiamen Manteia Technology LTD.,Radiology,QKB,radiology,radiology_radiation_therapy,Cancer treatment planning,510(k),892.2050,True,device,high,,False,True,892.2050,Radiology,Radiological Image Processing Software For Radiation Therapy
K192832,2020-02-21,2020,Aquilion Prime SP (TSX-303B8) V10.2 with AiCE-i,Canon Medical Systems Corporation,Radiology,JAK,,,,,,False,,,device_not_oncology,False,True,892.1750,Radiology,"System, X-Ray, Tomography, Computed"
K192973,2020-02-19,2020,densitas densityai,"Densitas, Inc.",Radiology,LLZ,,,,,,False,,,device_not_oncology,False,True,892.2050,Radiology,"System, Image Processing, Radiological"
K193248,2020-02-14,2020,"Biograph Vision, Biograph mCT Family of PET/CTs","Siemens Medical Solutions USA, Inc",Radiology,KPS,,,,,,False,,,device_not_oncology,False,True,892.1200,Radiology,"System, Tomography, Computed, Emission"
K192828,2020-02-13,2020,Aquilion ONE (TSX-306A/3) V10.0 with Spectral Imaging System,Canon Medical Systems Corporation,Radiology,JAK,,,,,,False,,,device_not_oncology,False,True,892.1750,Radiology,"System, X-Ray, Tomography, Computed"
K193178,2020-02-12,2020,Biograph Horizon,"Siemens Medical Solution USA, Inc.",Radiology,KPS,,,,,,False,,,device_not_oncology,False,True,892.1200,Radiology,"System, Tomography, Computed, Emission"
K192377,2020-02-10,2020,"Ethos Treatment Management, Ethos Treatment Planning, Ethos Radiotherapy System, Halcyon","Varian Medical Systems, Inc.",Radiology,IYE,radiology,radiology_radiation_therapy,Cancer treatment planning,510(k),892.5050,True,device,high,,False,True,892.5050,Radiology,"Accelerator, Linear, Medical"
DEN190040,2020-02-07,2020,Caption Guidance,"Bay Labs, Inc.",Radiology,QJU,,,,,,False,,,device_not_oncology,False,True,892.2100,Radiology,Image Acquisition And/Or Optimization Guided By Artificial Intelligence
K193109,2020-01-24,2020,MRCAT brain,Philips Medical Systems MR Finland,Radiology,MUJ,radiology,radiology_radiation_therapy,Cancer treatment planning,510(k),892.5050,True,device,medium,,False,True,892.5050,Radiology,"System, Planning, Radiation Therapy Treatment"
K192415,2020-01-17,2020,Study Watch with Irregular Pulse Monitor,Verily Life Sciences LLC,Cardiovascular,DXH,,,,,,False,,,code_unlisted_off_panel,False,True,870.2920,Cardiovascular,"Transmitters And Receivers, Electrocardiograph, Telephone"
K192956,2020-01-16,2020,Auto Positioning,"GE Hangwei Medical Systems, Co., Ltd.",Radiology,JAK,,,,,,False,,,device_not_oncology,False,True,892.1750,Radiology,"System, X-Ray, Tomography, Computed"
K191125,2020-01-15,2020,ADAS 3D,Galgo Medical S.L,Radiology,LLZ,,,,,,False,,,device_not_oncology,False,True,892.2050,Radiology,"System, Image Processing, Radiological"
K192004,2020-01-15,2020,Eko Analysis Software,Eko Devices Inc,Cardiovascular,MWI,,,,,,False,,,code_unlisted_off_panel,False,True,870.2300,Cardiovascular,"Monitor, Physiological, Patient (Without Arrhythmia Detection Or Alarms)"
K183089,2020-01-02,2020,Air Next,NuvoAir AB,Anesthesiology,BZG,,,,,,False,,,code_unlisted_off_panel,False,True,868.1840,Anesthesiology,"Spirometer, Diagnostic"
K192383,2019-12-20,2019,BriefCase,"Aidoc Medical, Ltd.",Radiology,QAS,,,,,,False,,,device_not_oncology,False,True,892.2080,Radiology,Radiological Computer-Assisted Triage And Notification Software
K191647,2019-12-20,2019,QLAB Advanced Quantification Software,Philips Healthcare,Radiology,QIH,,,,,,False,,,device_not_oncology,False,True,892.2050,Radiology,Automated Radiological Image Processing Software
K192763,2019-12-17,2019,syngo.CT CaScoring,"Siemens Medical Solutions USA, Inc.",Radiology,JAK,,,,,,False,,,device_not_oncology,False,True,892.1750,Radiology,"System, X-Ray, Tomography, Computed"
K192531,2019-12-13,2019,QyScore Software,Qynapse,Radiology,LLZ,,,,,,False,,,device_not_oncology,False,True,892.2050,Radiology,"System, Image Processing, Radiological"
K193170,2019-12-13,2019,Deep Learning Image Reconstruction,GE Healthcare Japan Corporation,Radiology,JAK,,,,,,False,,,device_not_oncology,False,True,892.1750,Radiology,"System, X-Ray, Tomography, Computed"
K192130,2019-12-13,2019,Icobrain,Icometrix NV,Radiology,LLZ,,,,,,False,,,device_not_oncology,False,True,892.2050,Radiology,"System, Image Processing, Radiological"
K192571,2019-12-11,2019,NemoScan,Software Nemotec S.L.,Radiology,LLZ,,,,,,False,,,device_not_oncology,False,True,892.2050,Radiology,"System, Image Processing, Radiological"
K192287,2019-12-10,2019,Transpara,Screenpoint Medical B.V.,Radiology,QDQ,radiology,radiology_cancer_detection,Cancer detection and assessment,510(k),892.2090,True,device,high,,False,True,892.2090,Radiology,Radiological Computer Assisted Detection/Diagnosis Software For Lesions Suspicious For Cancer
K192442,2019-12-09,2019,FFRangio,CathWorks Ltd,Cardiovascular,QEK,,,,,,False,,,code_unlisted_off_panel,False,True,870.1415,Cardiovascular,Angiographic Coronary Vascular Physiologic Simulation Software
K192279,2019-12-07,2019,PhantomMSK Trauma,OrthoGrid Systems Inc.,Radiology,LLZ,,,,,,False,,,device_not_oncology,False,True,892.2050,Radiology,"System, Image Processing, Radiological"
K192945,2019-11-27,2019,7D Surgical System Cranial Biopsy and Ventricular Catheter Placement Application,7D Surgical Inc.,Neurology,HAW,,,,,,False,,,code_unlisted_off_panel,False,True,882.4560,Neurology,Neurological Stereotaxic Instrument
K192320,2019-11-26,2019,HealthCXR,"Zebra Medical Vision, Ltd.",Radiology,QFM,,,,,,False,,,device_not_oncology,False,True,892.2080,Radiology,Radiological Computer-Assisted Prioritization Software For Lesions
K190529,2019-11-25,2019,SOZO,ImpediMed Limited,Cardiovascular,QJB,,,,,,False,,,code_unlisted_off_panel,False,True,870.2770,Cardiovascular,"Adjunct Monitor, Protein Calorie Malnutrition"
K191278,2019-11-19,2019,RSI-MRI+,MultiModal Imaging Services Corporation (dba HealthLytix),Radiology,LLZ,radiology,radiology_cancer_detection,Cancer detection and assessment,510(k),,True,device,medium,,False,True,892.2050,Radiology,"System, Image Processing, Radiological"
K191171,2019-11-13,2019,EchoGo Core,Ultromics Ltd,Radiology,QIH,,,,,,False,,,device_not_oncology,False,True,892.2050,Radiology,Automated Radiological Image Processing Software
K191026,2019-11-07,2019,MEDIP PRO,"MEDICALIP Co., Ltd",Radiology,LLZ,,,,,,False,,,device_unresolved,False,True,892.2050,Radiology,"System, Image Processing, Radiological"
K190868,2019-11-05,2019,Cleerly Labs,Cleerly Inc,Radiology,LLZ,,,,,,False,,,device_not_oncology,False,True,892.2050,Radiology,"System, Image Processing, Radiological"
K192109,2019-11-05,2019,KOALA,IB Lab GmbH,Radiology,LLZ,,,,,,False,,,device_not_oncology,False,True,892.2050,Radiology,"System, Image Processing, Radiological"
K190013,2019-11-04,2019,WellDoc BlueStar,"WellDoc, Inc.",General Hospital,MRZ,,,,,,False,,,code_unlisted_off_panel,False,True,880.5725,General Hospital,"Accessories, Pump, Infusion"
K190334,2019-11-01,2019,MIMOSA Imager,MIMOSA Diagnostics Inc,Cardiovascular,MUD,,,,,,False,,,code_unlisted_off_panel,False,True,870.2700,Cardiovascular,"Oximeter, Tissue Saturation"
K190898,2019-11-01,2019,Sight OLO,Sight Diagnostics Ltd.,Hematology,GKZ,,,,,,False,,,code_unlisted_off_panel,False,True,864.5220,Hematology,"Counter, Differential Cell"
K183274,2019-10-18,2019,"RTHawk, HeartVista Cardiac Package","HeartVista, Inc.",Radiology,LNH,,,,,,False,,,device_not_oncology,False,True,892.1000,Radiology,"System, Nuclear Magnetic Resonance Imaging"
K192455,2019-10-17,2019,Merge PACS,Merge Healthcare Incorporated,Radiology,LLZ,,,,,,False,,,device_not_oncology,False,True,892.2050,Radiology,"System, Image Processing, Radiological"
K191493,2019-10-16,2019,Ventripoint Medical System Plus (VMS+) 3.0,"Ventripoint Diagnostics, Ltd.",Radiology,LLZ,,,,,,False,,,device_not_oncology,False,True,892.2050,Radiology,"System, Image Processing, Radiological"
K191994,2019-10-04,2019,ProFound AI Software V2.1,iCAD Inc.,Radiology,QDQ,radiology,radiology_cancer_detection,Cancer detection and assessment,510(k),892.2090,True,device,high,,False,True,892.2090,Radiology,Radiological Computer Assisted Detection/Diagnosis Software For Lesions Suspicious For Cancer
K191713,2019-10-04,2019,CS-series-FP Radiographic / Fluoroscopic Systems with Optional CA-100S / FluoroShield (ROI Assembly),"Omega Medical Imaging, LLC",Radiology,JAA,,,,,,False,,,device_not_oncology,False,True,892.1650,Radiology,"System, X-Ray, Fluoroscopic, Image-Intensified"
K192065,2019-09-18,2019,Syngo.Via RT Image Suite,"Siemens Medical Solutions USA, Inc.",Radiology,MUJ,radiology,radiology_radiation_therapy,Cancer treatment planning,510(k),892.5050,True,device,high,,False,True,892.5050,Radiology,"System, Planning, Radiation Therapy Treatment"
K191688,2019-09-16,2019,SubtleMR,"Subtle Medical, Inc.",Radiology,LLZ,,,,,,False,,,device_not_oncology,False,True,892.2050,Radiology,"System, Image Processing, Radiological"
K192304,2019-09-13,2019,SIS Software Version 3.6.0,"Surgical Information Sciences, Inc.",Radiology,LLZ,,,,,,False,,,device_not_oncology,False,True,892.2050,Radiology,"System, Image Processing, Radiological"
K190815,2019-09-11,2019,BrainScope TBI,"BrainScope Company, Inc.",Neurology,PIW,,,,,,False,,,code_unlisted_off_panel,False,True,882.1450,Neurology,Brain Injury Adjunctive Interpretive Electroencephalograph Assessment Aid
K183370,2019-09-11,2019,PeraMobile and PeraWatch,"PeraHealth, Inc.",Cardiovascular,MWI,,,,,,False,,,code_unlisted_off_panel,False,True,870.2300,Cardiovascular,"Monitor, Physiological, Patient (Without Arrhythmia Detection Or Alarms)"
K183268,2019-09-10,2019,AI-Rad Companion (Cardiovascular),"Siemens Medical Solutions USA, Inc.",Radiology,JAK,,,,,,False,,,device_not_oncology,False,True,892.1750,Radiology,"System, X-Ray, Tomography, Computed"
K191179,2019-09-04,2019,Myo Plus,Otto Bock Healthcare Products GmbH,Neurology,GXY,,,,,,False,,,code_unlisted_off_panel,False,True,882.1320,Neurology,"Electrode, Cutaneous"
K183489,2019-08-29,2019,D2P,"3D Systems, Inc.",Radiology,LLZ,,,,,,False,,,device_not_oncology,False,True,892.2050,Radiology,"System, Image Processing, Radiological"
K192107,2019-08-29,2019,Clarius Ultrasound Scanner,Clarius Mobile Health Corp.,Radiology,IYN,,,,,,False,,,device_not_oncology,False,True,892.1550,Radiology,"System, Imaging, Pulsed Doppler, Ultrasonic"
K190593,2019-08-23,2019,"Zio XT ECG Monitoring System, Zio AT ECG Monitoring System","iRhythm Technologies, Inc.",Cardiovascular,DQK,,,,,,False,,,code_unlisted_off_panel,False,True,870.1425,Cardiovascular,"Computer, Diagnostic, Programmable"
K190925,2019-08-15,2019,HeartFlow FFRct Analysis,"HeartFlow, Inc.",Cardiovascular,PJA,,,,,,False,,,code_unlisted_off_panel,False,True,870.1415,Cardiovascular,Coronary Vascular Physiologic Simulation Software
K183282,2019-08-15,2019,Biovitals Analytics Engine,Biofourmis Singapore Pte. Ltd,Cardiovascular,PLB,,,,,,False,,,code_unlisted_off_panel,False,True,870.2300,Cardiovascular,Multivariate Vital Signs Index
K183182,2019-08-12,2019,Critical Care Suite,"GE Medical Systems, LLC.",Radiology,QFM,,,,,,False,,,device_not_oncology,False,True,892.2080,Radiology,Radiological Computer-Assisted Prioritization Software For Lesions
K191262,2019-08-05,2019,aBSI,EXINI Diagnostics AB,Radiology,LLZ,radiology,radiology_cancer_detection,Cancer detection and assessment,510(k),,True,device,high,,False,True,892.2050,Radiology,"System, Image Processing, Radiological"
K191183,2019-07-31,2019,EyeBOX,"Oculogica, Inc.",Neurology,QEA,,,,,,False,,,code_unlisted_off_panel,False,True,882.1455,Neurology,Brain Injury Adjunctive Interpretive Oculomotor Assessment Aid
K182384,2019-07-26,2019,ACR  LAB Urine Analysis Test System,Healthy.io Ltd,Clinical Chemistry,JFY,,,,,,False,,,code_unlisted_off_panel,False,True,862.1225,Clinical Chemistry,"Enzymatic Method, Creatinine"
K183271,2019-07-26,2019,AI-Rad Companion (Pulmonary),"Siemens Medical Solutions USA, Inc.",Radiology,JAK,radiology,radiology_cancer_detection,Cancer detection and assessment,510(k),,True,device,medium,,False,True,892.1750,Radiology,"System, X-Ray, Tomography, Computed"
K182798,2019-07-19,2019,KIDScore D3,Vitrolife A/S,Obstetrics and Gynecology,PBH,,,,,,False,,,code_unlisted_off_panel,False,True,884.6195,Obstetrics/Gynecology,"Embryo Image Assessment System, Assisted Reproduction"
K191370,2019-07-18,2019,DreaMed Advisor Pro,DreaMed Diabetes Ltd,Clinical Chemistry,QCC,,,,,,False,,,code_unlisted_off_panel,False,True,862.1358,Clinical Chemistry,Insulin Pump Therapy Adjustment Calculator For Healthcare Professionals
K191585,2019-07-12,2019,iNtuition-Structural Heart Module,TeraRecon Inc.,Radiology,LLZ,,,,,,False,,,device_not_oncology,False,True,892.2050,Radiology,"System, Image Processing, Radiological"
K183322,2019-07-10,2019,physIQ Heart Rhythm and Respiratory Module,"physIQ, Inc",Cardiovascular,DPS,,,,,,False,,,code_unlisted_off_panel,False,True,870.2340,Cardiovascular,Electrocardiograph
K182875,2019-07-10,2019,DeepCT,Deep01 Limited,Radiology,QAS,,,,,,False,,,device_not_oncology,False,True,892.2080,Radiology,Radiological Computer-Assisted Triage And Notification Software
K191384,2019-07-08,2019,RayCare 2.3,RaySearch Laboratories AB (publ),Radiology,MUJ,radiology,radiology_radiation_therapy,Cancer treatment planning,510(k),892.5050,True,device,high,,False,True,892.5050,Radiology,"System, Planning, Radiation Therapy Treatment"
K182901,2019-07-05,2019,Aquilion Precision (TSX-304A/1 and /2) V8.8 with AiCE,Canon Medical Systems Corporation,Radiology,JAK,,,,,,False,,,device_not_oncology,False,True,892.1750,Radiology,"System, X-Ray, Tomography, Computed"
K190442,2019-07-03,2019,Koios DS for Breast,"Koios Medical, Inc.",Radiology,POK,radiology,radiology_cancer_detection,Cancer detection and assessment,510(k),892.2060,True,device,high,,False,True,892.2060,Radiology,Computer-Assisted Diagnostic Software For Lesions Suspicious For Cancer
K190017,2019-06-27,2019,LiverMultiScan (LMSv3),Perspectum Diagnostics Ltd,Radiology,LNH,,,,,,False,,,device_not_oncology,False,True,892.1000,Radiology,"System, Nuclear Magnetic Resonance Imaging"
K191194,2019-06-25,2019,CLARUS,"Carl Zeiss Meditec, Inc",Ophthalmic,QER,,,,,,False,,,code_unlisted_off_panel,False,True,886.1120,Ophthalmic,"Camera, Ophthalmic, Slit-Scanning"
K190387,2019-06-19,2019,RayStation,RaySearch Laboratories AB (publ),Radiology,MUJ,radiology,radiology_radiation_therapy,Cancer treatment planning,510(k),892.5050,True,device,high,,False,True,892.5050,Radiology,"System, Planning, Radiation Therapy Treatment"
K183460,2019-06-13,2019,ClariCT.AI,ClariPI Inc.,Radiology,LLZ,,,,,,False,,,device_not_oncology,False,True,892.2050,Radiology,"System, Image Processing, Radiological"
K190424,2019-06-13,2019,HealthICH,Zebra Medical Vision Ltd.,Radiology,QAS,,,,,,False,,,device_not_oncology,False,True,892.2080,Radiology,Radiological Computer-Assisted Triage And Notification Software
K183046,2019-06-12,2019,Aquilion ONE (TSX-305A/6) V8.9 with AiCE,Canon Medical Systems Corporation,Radiology,JAK,,,,,,False,,,device_not_oncology,False,True,892.1750,Radiology,"System, X-Ray, Tomography, Computed"
K190896,2019-05-31,2019,BriefCase,"Aidoc Medical, Ltd.",Radiology,QAS,,,,,,False,,,device_not_oncology,False,True,892.2080,Radiology,Radiological Computer-Assisted Triage And Notification Software
K191083,2019-05-24,2019,COMPLETE CONTROL System Gen2,"Coapt, LLC",Neurology,GXY,,,,,,False,,,code_unlisted_off_panel,False,True,882.1320,Neurology,"Electrode, Cutaneous"
K183646,2019-05-21,2019,"Acumen Hypotension Prediction Index  EV1000 Clinical Platform, Acumen Hypotension Prediction Index  HemoSphere Advanced Monitoring Platform, Acumen Hypotension Prediction Index  HemoSphere Advanced Monitoring Platform - Pressure","Edwards Lifeciences, LLC",Cardiovascular,QAQ,,,,,,False,,,code_unlisted_off_panel,False,True,870.2210,Cardiovascular,Adjunctive Predictive Cardiovascular Indicator
K183648,2019-05-15,2019,APAS Independence with Urine Analysis Module,Clever Culture Systems AG,Microbiology,PPU,,,,,,False,,,code_unlisted_off_panel,False,True,866.2190,Microbiology,Microbial Colony Image Assessment System
K190764,2019-05-13,2019,SurgicalAR,"MEDIVIS, Inc.",Radiology,LLZ,,,,,,False,,,device_not_oncology,False,True,892.2050,Radiology,"System, Image Processing, Radiological"
K190362,2019-05-06,2019,HealthPNX,Zebra Medical Vision  Ltd.,Radiology,QFM,,,,,,False,,,device_not_oncology,False,True,892.2080,Radiology,Radiological Computer-Assisted Prioritization Software For Lesions
K182513,2019-04-22,2019,FluChip-8G Influenza A+B Assay,"InDevR, Inc.",Microbiology,OZE,,,,,,False,,,code_unlisted_off_panel,False,True,866.3980,Microbiology,Influenza A And Influenza B Multiplex Nucleic Acid Assay
K183593,2019-04-18,2019,Lung Vision System,Body Vision Medical Ltd.,Radiology,LLZ,radiology,radiology_cancer_detection,Cancer detection and assessment,510(k),,True,device,medium,,False,True,892.2050,Radiology,"System, Image Processing, Radiological"
K181988,2019-04-17,2019,eMurmur ID,CSD Labs GmbH,Cardiovascular,DQD,,,,,,False,,,code_unlisted_off_panel,False,True,870.1875,Cardiovascular,"Stethoscope, Electronic"
K190072,2019-04-15,2019,BriefCase,"Aidoc Medical, Ltd.",Radiology,QAS,,,,,,False,,,device_not_oncology,False,True,892.2080,Radiology,Radiological Computer-Assisted Triage And Notification Software
K183202,2019-04-12,2019,Deep Learning Image Reconstruction,"GE Medical Systems, LLC.",Radiology,JAK,,,,,,False,,,device_not_oncology,False,True,892.1750,Radiology,"System, X-Ray, Tomography, Computed"
K183204,2019-04-08,2019,Bone VCAR (BVCAR),GE Medical Systems SCS,Radiology,JAK,,,,,,False,,,device_not_oncology,False,True,892.1750,Radiology,"System, X-Ray, Tomography, Computed"
K181352,2019-03-29,2019,Loop System,"Spry Health, Inc.",Cardiovascular,DQA,,,,,,False,,,code_unlisted_off_panel,False,True,870.2700,Cardiovascular,Oximeter
K183019,2019-03-19,2019,SIS Software version 3.3.0,"Surgical Information Sciences, Inc.",Radiology,LLZ,,,,,,False,,,device_not_oncology,False,True,892.2050,Radiology,"System, Image Processing, Radiological"
K181823,2019-03-11,2019,KardiaAI,"AliveCor, Inc.",Cardiovascular,DQK,,,,,,False,,,code_unlisted_off_panel,False,True,870.1425,Cardiovascular,"Computer, Diagnostic, Programmable"
K183285,2019-03-08,2019,cmTriage,"CureMetrix, Inc",Radiology,QFM,radiology,radiology_cancer_detection,Cancer detection and assessment,510(k),,True,device,high,,False,True,892.2080,Radiology,Radiological Computer-Assisted Prioritization Software For Lesions
K182344,2019-03-07,2019,RhythmAnalytics,Biofourmis Singapore Pte. Ltd.,Cardiovascular,DQK,,,,,,False,,,code_unlisted_off_panel,False,True,870.1425,Cardiovascular,"Computer, Diagnostic, Programmable"
K183704,2019-02-16,2019,RX-1 Rhythm Express Remote Cardiac Monitoring System,VivaQuant Inc.,Cardiovascular,DXH,,,,,,False,,,code_unlisted_off_panel,False,True,870.2920,Cardiovascular,"Transmitters And Receivers, Electrocardiograph, Telephone"
K181916,2019-02-04,2019,d-Nav System,"Hygieia, Inc",Anesthesiology,NDC,,,,,,False,,,code_unlisted_off_panel,False,True,868.1890,Anesthesiology,"Calculator, Drug Dose"
K183272,2019-02-01,2019,AI Rad Companion (Engine),"Siemens Medical Solutions USA, Inc.",Radiology,LLZ,,,,,,False,,,device_not_oncology,False,True,892.2050,Radiology,"System, Image Processing, Radiological"
K183231,2019-01-18,2019,SIGNA Premier,"GE Medical Systems, LLC",Radiology,LNH,,,,,,False,,,device_not_oncology,False,True,892.1000,Radiology,"System, Nuclear Magnetic Resonance Imaging"
K182456,2019-01-17,2019,Study Watch,Verily Life Sciences LLC,Cardiovascular,DXH,,,,,,False,,,code_unlisted_off_panel,False,True,870.2920,Cardiovascular,"Transmitters And Receivers, Electrocardiograph, Telephone"
K183133,2019-01-09,2019,MRCP+ v1.0,Perspectum Diagnostics Ltd,Radiology,LLZ,,,,,,False,,,device_not_oncology,False,True,892.2050,Radiology,"System, Image Processing, Radiological"
K180867,2018-12-28,2018,AmCAD-UO,AmCad BioMed Corporation,Radiology,LLZ,,,,,,False,,,device_not_oncology,False,True,892.2050,Radiology,"System, Image Processing, Radiological"
DEN170091,2018-12-28,2018,EyeBOX,"Oculogica, Inc.",Neurology,QEA,,,,,,False,,,code_unlisted_off_panel,False,True,882.1455,Neurology,Brain Injury Adjunctive Interpretive Oculomotor Assessment Aid
K182564,2018-12-27,2018,Quantib ND,Quantib BV,Radiology,LLZ,,,,,,False,,,device_not_oncology,False,True,892.2050,Radiology,"System, Image Processing, Radiological"
K182130,2018-12-27,2018,iSchemaView RAPID,"iSchemaView, Inc.",Radiology,LLZ,,,,,,False,,,device_not_oncology,False,True,892.2050,Radiology,"System, Image Processing, Radiological"
K183012,2018-12-21,2018,vascuCAP,Elucid Bioimaging Inc.,Radiology,LLZ,,,,,,False,,,device_not_oncology,False,True,892.2050,Radiology,"System, Image Processing, Radiological"
K181861,2018-12-20,2018,Embrace,Empatica Srl,Neurology,POS,,,,,,False,,,code_unlisted_off_panel,False,True,882.1580,Neurology,Physiological Signal Based Seizure Monitoring System
K182149,2018-12-19,2018,FFRangio System,CathWorks Ltd,Cardiovascular,QEK,,,,,,False,,,code_unlisted_off_panel,False,True,870.1415,Cardiovascular,Angiographic Coronary Vascular Physiologic Simulation Software
K182790,2018-12-14,2018,Cardio-TriTest v6.5,Cardio-Phoenix Inc.,Cardiovascular,DPS,,,,,,False,,,code_unlisted_off_panel,False,True,870.2340,Cardiovascular,Electrocardiograph
K182419,2018-12-14,2018,Centricity Universal Viewer,GE Healthcare,Radiology,LLZ,,,,,,False,,,device_not_oncology,False,True,892.2050,Radiology,"System, Image Processing, Radiological"
K182035,2018-12-06,2018,FFRct,"HeartFlow, Inc",Cardiovascular,PJA,,,,,,False,,,code_unlisted_off_panel,False,True,870.1415,Cardiovascular,Coronary Vascular Physiologic Simulation Software
K182373,2018-12-06,2018,PowerLook Tomo Detection V2 Software,iCAD Inc.,Radiology,QDQ,radiology,radiology_cancer_detection,Cancer detection and assessment,510(k),892.2090,True,device,high,,False,True,892.2090,Radiology,Radiological Computer Assisted Detection/Diagnosis Software For Lesions Suspicious For Cancer
K173749,2018-12-06,2018,AMRA Profiler,AMRA Medical AB,Radiology,LNH,,,,,,False,,,device_not_oncology,False,True,892.1000,Radiology,"System, Nuclear Magnetic Resonance Imaging"
K182218,2018-11-30,2018,FerriSmart Analysis System,Resonance Health Analysis Services Pty Ltd,Radiology,PCS,,,,,,False,,,device_not_oncology,False,True,892.1001,Radiology,Liver Iron Concentration Imaging Companion Diagnostic For Deferasirox
K182336,2018-11-30,2018,SubtlePET,"Subtle Medical, Inc.",Radiology,KPS,,,,,,False,,,device_not_oncology,False,True,892.1200,Radiology,"System, Tomography, Computed, Emission"
K182181,2018-11-29,2018,Persyst 14 EEG Review and Analysis Software,Persyst Development Corporation,Neurology,OMB,,,,,,False,,,code_unlisted_off_panel,False,True,882.1400,Neurology,Automatic Event Detection Software For Full-Montage Electroencephalograph
K181704,2018-11-21,2018,Transpara,ScreenPoint Medical BV,Radiology,QDQ,radiology,radiology_cancer_detection,Cancer detection and assessment,510(k),892.2090,True,device,high,,False,True,892.2090,Radiology,Radiological Computer Assisted Detection/Diagnosis Software For Lesions Suspicious For Cancer
K181247,2018-11-20,2018,Vitrea CT Brain Perfusion,"Vital Images, Inc.",Radiology,LLZ,,,,,,False,,,device_not_oncology,False,True,892.2050,Radiology,"System, Image Processing, Radiological"
K180432,2018-11-19,2018,AI-ECG Platform,"Shenzhen Carewell Electronics., Ltd",Cardiovascular,DQK,,,,,,False,,,code_unlisted_off_panel,False,True,870.1425,Cardiovascular,"Computer, Diagnostic, Programmable"
K180343,2018-11-16,2018,"LensHooke X1 Pro Semen Quality Analyzer, LensHooke X1 Semen Quality Analyzer","Bonraybio Co., Ltd.",Hematology,POV,,,,,,False,,,code_unlisted_off_panel,False,True,864.5220,Hematology,Semen Analysis Device
K181939,2018-11-06,2018,icobrain,icometrix NV,Radiology,LLZ,,,,,,False,,,device_not_oncology,False,True,892.2050,Radiology,"System, Image Processing, Radiological"
K181288,2018-11-05,2018,Athelas One,Athelas Inc.,Hematology,GKZ,,,,,,False,,,code_unlisted_off_panel,False,True,864.5220,Hematology,"Counter, Differential Cell"
K182616,2018-11-02,2018,"NvisionVLE Imaging System, NvisionVLE Optical Probe, NvisionVLE Inflation System","NinePoint Medical, Inc.",Radiology,NQQ,radiology,radiology_cancer_detection,Cancer detection and assessment,510(k),,True,device,medium,,False,True,892.1560,Radiology,"System, Imaging, Optical Coherence Tomography (Oct)"
K182177,2018-10-26,2018,Accipiolx,MaxQ-Al Ltd.,Radiology,QAS,,,,,,False,,,device_not_oncology,False,True,892.2080,Radiology,Radiological Computer-Assisted Triage And Notification Software
K181685,2018-10-25,2018,"Vivid E80, Vivid E90, Vivid E95","GE Medical Systems Ultrasound and Primary Care Diagnostics,",Radiology,IYN,,,,,,False,,,device_not_oncology,False,True,892.1550,Radiology,"System, Imaging, Pulsed Doppler, Ultrasonic"
K182034,2018-10-17,2018,Arterys MICA,Arterys Inc.,Radiology,LLZ,,,,,,False,,,device_unresolved,False,True,892.2050,Radiology,"System, Image Processing, Radiological"
K181892,2018-10-09,2018,Ziostation2,"Ziosoft, Inc.",Radiology,LLZ,,,,,,False,,,device_unresolved,False,True,892.2050,Radiology,"System, Image Processing, Radiological"
K182112,2018-10-05,2018,Sense System with IBT Electrodes,"Infinite Biomedical Technologies, LLC",Neurology,GXY,,,,,,False,,,code_unlisted_off_panel,False,True,882.1320,Neurology,"Electrode, Cutaneous"
K181771,2018-09-28,2018,RightEye Vision System,"RightEye, LLC",Neurology,GWN,,,,,,False,,,code_unlisted_off_panel,False,True,882.1460,Neurology,Nystagmograph
K173872,2018-09-28,2018,FibriCheck,Qompium nv,Cardiovascular,DXH,,,,,,False,,,code_unlisted_off_panel,False,True,870.2920,Cardiovascular,"Transmitters And Receivers, Electrocardiograph, Telephone"
K182310,2018-09-21,2018,Volpara Imaging Software,Volpara Health Technologies Limited,Radiology,LLZ,,,,,,False,,,device_not_oncology,False,True,892.2050,Radiology,"System, Image Processing, Radiological"
K181502,2018-08-29,2018,"Zio AT ECG Monitoring System, ZEUS System","iRhythm Technologies, Inc.",Cardiovascular,DQK,,,,,,False,,,code_unlisted_off_panel,False,True,870.1425,Cardiovascular,"Computer, Diagnostic, Programmable"
DEN170090,2018-08-23,2018,MATRx plus,Zephyr Sleep Technologies,Dental,QCJ,,,,,,False,,,code_unlisted_off_panel,False,True,872.5571,Dental,Closed Loop Auto Titration Device For Oral Appliances
K180647,2018-08-01,2018,BriefCase,"Aidoc Medical, Ltd.",Radiology,QAS,,,,,,False,,,device_not_oncology,False,True,892.2080,Radiology,Radiological Computer-Assisted Triage And Notification Software
K173444,2018-07-23,2018,Quantitative Total Extensible Imaging (QTxI),"AIQ Solutions, Inc.",Radiology,LLZ,radiology,radiology_cancer_detection,Cancer detection and assessment,510(k),,True,device,medium,,False,True,892.2050,Radiology,"System, Image Processing, Radiological"
K173327,2018-07-18,2018,DIP/U.S. Urine Analysis Test System,Healthy.io Ltd,Clinical Chemistry,JIL,,,,,,False,,,code_unlisted_off_panel,False,True,862.1340,Clinical Chemistry,"Method, Enzymatic, Glucose (Urinary, Non-Quantitative)"
K181574,2018-07-10,2018,Uscan,"EchoNous, Inc.",Radiology,IYO,,,,,,False,,,device_not_oncology,False,True,892.1560,Radiology,"System, Imaging, Pulsed Echo, Ultrasonic"
K181572,2018-07-10,2018,Workflow Box,Mirada Medical Ltd.,Radiology,QKB,radiology,radiology_radiation_therapy,Cancer treatment planning,510(k),892.2050,True,device,high,,False,True,892.2050,Radiology,Radiological Image Processing Software For Radiation Therapy
K180038,2018-06-29,2018,NuVasive Pulse System,"NuVasive, Incorporated",Neurology,OLO,,,,,,False,,,code_unlisted_off_panel,False,True,882.4560,Neurology,Orthopedic Stereotaxic Instrument
K173574,2018-06-26,2018,DenSeeMammo,Statlife,Radiology,LLZ,,,,,,False,,,device_not_oncology,False,True,892.2050,Radiology,"System, Image Processing, Radiological"
K173780,2018-06-14,2018,EchoMD Automated Ejection Fraction Software,"Bay Labs, Inc.",Radiology,LLZ,,,,,,False,,,device_not_oncology,False,True,892.2050,Radiology,"System, Image Processing, Radiological"
K172983,2018-06-13,2018,HealthCCS,Zebra Medical Vision Ltd.,Radiology,JAK,,,,,,False,,,device_not_oncology,False,True,892.1750,Radiology,"System, X-Ray, Tomography, Computed"
DEN170043,2018-06-12,2018,DreaMed Advisor Pro,"DreaMed Diabetes, Ltd.",Clinical Chemistry,QCC,,,,,,False,,,code_unlisted_off_panel,False,True,862.1358,Clinical Chemistry,Insulin Pump Therapy Adjustment Calculator For Healthcare Professionals
K173821,2018-06-05,2018,LungQ Software,Thirona Corporation,Radiology,JAK,,,,,,False,,,device_not_oncology,False,True,892.1750,Radiology,"System, X-Ray, Tomography, Computed"
K180163,2018-05-25,2018,TransEnterix Senhance Surgical System,"TransEnterix, Inc.",Gastroenterology-Urology,NAY,,,,,,False,,,code_unlisted_off_panel,False,True,876.1500,"Gastroenterology, Urology","System, Surgical, Computer Controlled Instrument"
DEN180005,2018-05-24,2018,OsteoDetect,"Imagen Technologies, Inc.",Radiology,QBS,,,,,,False,,,device_not_oncology,False,True,892.2090,Radiology,Radiological Computer Assisted Detection/Diagnosis Software For Fracture
K180799,2018-05-14,2018,Clarius Ultrasound Scanner,Clarius Mobile Health Corp.,Radiology,IYN,,,,,,False,,,device_not_oncology,False,True,892.1550,Radiology,"System, Imaging, Pulsed Doppler, Ultrasonic"
K173810,2018-05-14,2018,Ventripoint Medical System Plus (VMS+),"Ventripoint Diagnostics, Ltd.",Radiology,IYN,,,,,,False,,,device_not_oncology,False,True,892.1550,Radiology,"System, Imaging, Pulsed Doppler, Ultrasonic"
K180599,2018-05-02,2018,Venue,"GE Medical Systems Ultrasound and Primary Care Diagnostics,",Radiology,IYN,,,,,,False,,,device_not_oncology,False,True,892.1550,Radiology,"System, Imaging, Pulsed Doppler, Ultrasonic"
K172959,2018-05-01,2018,PeraServer and PeraTrend,"PeraHealth, Inc.",Cardiovascular,MWI,,,,,,False,,,code_unlisted_off_panel,False,True,870.2300,Cardiovascular,"Monitor, Physiological, Patient (Without Arrhythmia Detection Or Alarms)"
K180161,2018-04-20,2018,Viz CTP,"Viz.ai, Inc.",Radiology,LLZ,,,,,,False,,,device_not_oncology,False,True,892.2050,Radiology,"System, Image Processing, Radiological"
K180126,2018-04-16,2018,SOZO,ImpediMed Limited,Cardiovascular,OBH,,,,,,False,,,code_unlisted_off_panel,False,True,870.2770,Cardiovascular,"Monitor, Extracellular Fluid, Lymphedema, Extremity"
DEN180001,2018-04-11,2018,IDx-DR,"IDx, LLC",Ophthalmic,PIB,,,,,,False,,,code_unlisted_off_panel,False,True,886.1100,Ophthalmic,Diabetic Retinopathy Detection Device
K180589,2018-04-05,2018,DR 800 with MUSICA Dynamic,Agfa HealthCare N.V.,Radiology,JAA,,,,,,False,,,device_not_oncology,False,True,892.1650,Radiology,"System, X-Ray, Fluoroscopic, Image-Intensified"
DEN160044,2018-03-16,2018,Acumen Hypotension Prediction Index (HPI) Feature Software,Edwards Lifesciences LLC,Cardiovascular,QAQ,,,,,,False,,,code_unlisted_off_panel,False,True,870.2210,Cardiovascular,Adjunctive Predictive Cardiovascular Indicator
K173839,2018-03-15,2018,Tissue of Origin Test Kit-FFPE,"Cancer Genetics, Inc.",Clinical Toxcicology,OIW,,,,,,False,,,code_unlisted_off_panel,False,True,862.3100,Clinical Toxicology,"Software, Similarity Score Algorithm, Tissue Of Origin For Malignant Tumor Types"
K173939,2018-03-09,2018,Quantib Brain,Quantib BV,Radiology,LLZ,,,,,,False,,,device_not_oncology,False,True,892.2050,Radiology,"System, Image Processing, Radiological"
K173605,2018-03-08,2018,iQMR,Medic Vision - Imaging Solutions Ltd,Radiology,LLZ,,,,,,False,,,device_not_oncology,False,True,892.2050,Radiology,"System, Image Processing, Radiological"
K170540,2018-02-23,2018,DM-Density,"Densitas, Inc.",Radiology,LLZ,,,,,,False,,,device_not_oncology,False,True,892.2050,Radiology,"System, Image Processing, Radiological"
DEN170073,2018-02-13,2018,ContaCT,"Viz.Al, Inc.",Radiology,QAS,,,,,,False,,,device_not_oncology,False,True,892.2080,Radiology,Radiological Computer-Assisted Triage And Notification Software
K180091,2018-02-08,2018,UNiD Spine Analyzer,Medicrea International,Radiology,LLZ,,,,,,False,,,device_not_oncology,False,True,892.2050,Radiology,"System, Image Processing, Radiological"
K173542,2018-01-25,2018,Arterys Oncology DL,Arterys Inc.,Radiology,LLZ,radiology,radiology_cancer_detection,Cancer detection and assessment,510(k),,True,device,high,,False,True,892.2050,Radiology,"System, Image Processing, Radiological"
K173588,2018-01-12,2018,Illumeo System,"Philips Medical Systems Technologies, Ltd.",Radiology,LLZ,,,,,,False,,,device_not_oncology,False,True,892.2050,Radiology,"System, Image Processing, Radiological"
K171122,2018-01-11,2018,CEREC Ortho Software,Dentsply Sirona,Dental,PNN,,,,,,False,,,code_unlisted_off_panel,False,True,872.5470,Dental,Orthodontic Software
K171328,2018-01-08,2018,cNeuro cMRI,Combinostics Oy,Radiology,LLZ,,,,,,False,,,device_not_oncology,False,True,892.2050,Radiology,"System, Image Processing, Radiological"
K171056,2018-01-04,2018,WAVE Clinical Platform,"Excel Medical Electronics, LLC",Cardiovascular,MWI,,,,,,False,,,code_unlisted_off_panel,False,True,870.2300,Cardiovascular,"Monitor, Physiological, Patient (Without Arrhythmia Detection Or Alarms)"
K173420,2017-12-27,2017,Radiomics App v1.0,Microsoft Corp.,Radiology,LLZ,,,,,,False,,,device_unresolved,False,True,892.2050,Radiology,"System, Image Processing, Radiological"
K172507,2017-12-22,2017,SOZO,ImpediMed Limited,Cardiovascular,DSB,,,,,,False,,,code_unlisted_off_panel,False,True,870.2770,Cardiovascular,"Plethysmograph, Impedance"
K163694,2017-11-07,2017,"Rooti Rx ECG Event Recorder, Rooti Link APP Software",Rooti Labs Ltd.,Cardiovascular,DRG,,,,,,False,,,code_unlisted_off_panel,False,True,870.2910,Cardiovascular,"Transmitters And Receivers, Physiological Signal, Radiofrequency"
K172803,2017-10-27,2017,Infinitt PACS 7.0,"Infinitt Healthcare Co.,Ltd.",Radiology,LLZ,,,,,,False,,,device_not_oncology,False,True,892.2050,Radiology,"System, Image Processing, Radiological"
K163623,2017-10-20,2017,Quantra,"HOLOGIC, INC.",Radiology,LLZ,,,,,,False,,,device_not_oncology,False,True,892.2050,Radiology,"System, Image Processing, Radiological"
K171936,2017-09-27,2017,Peerbridge Cor(TM) System,Peerbridge Health INc.,Cardiovascular,DSH,,,,,,False,,,code_unlisted_off_panel,False,True,870.2800,Cardiovascular,"Recorder, Magnetic Tape, Medical"
K172356,2017-09-15,2017,BladderScan Prime PLUS System,Verathon Incorporated,Radiology,IYO,,,,,,False,,,device_not_oncology,False,True,892.1560,Radiology,"System, Imaging, Pulsed Echo, Ultrasonic"
K172385,2017-09-14,2017,Clarius Ultrasound System,Clarius Mobile Health Corp.,Radiology,IYN,,,,,,False,,,device_not_oncology,False,True,892.1550,Radiology,"System, Imaging, Pulsed Doppler, Ultrasonic"
K170981,2017-09-07,2017,NeuroQuant,"CorTechs Labs, Inc",Radiology,LLZ,,,,,,False,,,device_not_oncology,False,True,892.2050,Radiology,"System, Image Processing, Radiological"
K163339,2017-08-17,2017,SPECTRALMD DEEPVIEW WOUND IMAGING SYSTEM 2.0,"SPECTRALMD, INC.",Cardiovascular,DPT,,,,,,False,,,code_unlisted_off_panel,False,True,870.2120,Cardiovascular,"Probe, Blood-Flow, Extravascular"
K172122,2017-08-11,2017,SOZO,ImpediMed Limited,Cardiovascular,OBH,,,,,,False,,,code_unlisted_off_panel,False,True,870.2770,Cardiovascular,"Monitor, Extracellular Fluid, Lymphedema, Extremity"
K171315,2017-08-01,2017,Advanced RBC Application,Cella Vision AB,Hematology,JOY,,,,,,False,,,code_unlisted_off_panel,False,True,864.5260,Hematology,"Device, Automated Cell-Locating"
DEN170022,2017-07-19,2017,QuantX,"Quantitative Insights, Inc",Radiology,POK,radiology,radiology_cancer_detection,Cancer detection and assessment,De Novo,892.2060,True,device,high,,False,True,892.2060,Radiology,Computer-Assisted Diagnostic Software For Lesions Suspicious For Cancer
P150046,2017-06-28,2017,NEVISENSE,SCIBASE AB,General and Plastic Surgery,ONV,,,,,,False,,,code_unlisted_off_panel,False,True,878.1820,"General, Plastic Surgery",Electrical Impedance Spectrometer
K170568,2017-06-26,2017,CardioLogs ECG Analysis Platform,Cardiologs Technologies,Cardiovascular,DPS,,,,,,False,,,code_unlisted_off_panel,False,True,870.2340,Cardiovascular,Electrocardiograph
K170747,2017-06-09,2017,syngo Application Software,"Siemens Medical Solutions, USA, Inc.",Radiology,LLZ,,,,,,False,,,device_unresolved,False,True,892.2050,Radiology,"System, Image Processing, Radiological"
K170250,2017-06-07,2017,SmartTarget,"SmartTarget, Ltd.",Radiology,LLZ,radiology,radiology_cancer_detection,Cancer detection and assessment,510(k),,True,device,high,,False,True,892.2050,Radiology,"System, Image Processing, Radiological"
K170172,2017-05-24,2017,UNiD Spine Analyzer,MEDICREA INTERNATIONAL,Radiology,LLZ,,,,,,False,,,device_not_oncology,False,True,892.2050,Radiology,"System, Image Processing, Radiological"
K163622,2017-05-11,2017,Lung Vision,BODY VISION MEDICAL LTD.,Radiology,LLZ,radiology,radiology_cancer_detection,Cancer detection and assessment,510(k),,True,device,medium,,False,True,892.2050,Radiology,"System, Image Processing, Radiological"
K163665,2017-05-05,2017,MATRx plus,Zephyr Sleep Technologies,Anesthesiology,MNR,,,,,,False,,,code_unlisted_off_panel,False,True,868.2375,Anesthesiology,Ventilatory Effort Recorder
K170069,2017-04-26,2017,AmCAD-UV,AmCad BioMed Corporation,Radiology,LLZ,,,,,,False,,,device_unresolved,False,True,892.2050,Radiology,"System, Image Processing, Radiological"
DEN160026,2017-04-06,2017,23andMe Personal Genome Service (PGS) Genetic Health Risk Test for Hereditary Thrombophilia,"23andMe, Inc.",Immunology,PTA,,,,,,False,,,code_unlisted_off_panel,False,True,866.5950,Immunology,Genetic Variant Detection And Health Risk Assessment System
P160009,2017-03-24,2017,PowerLook® Tomo Detection Software,iCAD Inc,Radiology,MYN,radiology,radiology_cancer_detection,Cancer detection and assessment,PMA,,True,device,high,,False,True,892.2070,Radiology,"Analyzer, Medical Image"
K162855,2017-02-23,2017,Reveal LINQ,"Medtronic, Inc.",Cardiovascular,MXD,,,,,,False,,,code_unlisted_off_panel,False,True,870.1025,Cardiovascular,"Recorder, Event, Implantable Cardiac, (With Arrhythmia Detection)"
K162830,2017-02-14,2017,SIS Software,"Surgical Information Sciences, Inc.",Radiology,LLZ,,,,,,False,,,device_not_oncology,False,True,892.2050,Radiology,"System, Image Processing, Radiological"
K163013,2017-01-06,2017,Quantib Brain 1.2,Quantib BV,Radiology,LLZ,,,,,,False,,,device_not_oncology,False,True,892.2050,Radiology,"System, Image Processing, Radiological"
K163253,2017-01-05,2017,Arterys Cardio DL,ARTERYS INC.,Radiology,LLZ,,,,,,False,,,device_not_oncology,False,True,892.2050,Radiology,"System, Image Processing, Radiological"
K161959,2016-12-28,2016,ClearView cCAD,ClearView Diagnostics Inc.,Radiology,LLZ,radiology,radiology_cancer_detection,Cancer detection and assessment,510(k),,True,device,high,,False,True,892.2050,Radiology,"System, Image Processing, Radiological"
K161322,2016-12-07,2016,CT CoPilot,"ZEPMED, LLC.",Radiology,LLZ,,,,,,False,,,device_unresolved,False,True,892.2050,Radiology,"System, Image Processing, Radiological"
K161834,2016-11-30,2016,One Drop Blood Glucose Monitoring System,"AgaMatrix, Inc.",Clinical Chemistry,NBW,,,,,,False,,,code_unlisted_off_panel,False,True,862.1345,Clinical Chemistry,"System, Test, Blood Glucose, Over The Counter"
K163138,2016-11-30,2016,Clarius Ultrasound System,Clarius Mobile Health Corp.,Radiology,IYN,,,,,,False,,,device_not_oncology,False,True,892.1550,Radiology,"System, Imaging, Pulsed Doppler, Ultrasonic"
P150043,2016-11-09,2016,QVCAD System,"QView Medical, Inc.",Radiology,MYN,radiology,radiology_cancer_detection,Cancer detection and assessment,PMA,,True,device,high,,False,True,892.2070,Radiology,"Analyzer, Medical Image"
K160401,2016-10-19,2016,Tyto Stethoscope,Tyto Care Ltd.,Cardiovascular,DQD,,,,,,False,,,code_unlisted_off_panel,False,True,870.1875,Cardiovascular,"Stethoscope, Electronic"
K161068,2016-09-22,2016,Ahead 300,BRAINSCOPE COMPANY INC,Neurology,PIW,,,,,,False,,,code_unlisted_off_panel,False,True,882.1450,Neurology,Brain Injury Adjunctive Interpretive Electroencephalograph Assessment Aid
K161625,2016-09-19,2016,PixelShine,ALGOMEDICA,Radiology,LLZ,,,,,,False,,,device_not_oncology,False,True,892.2050,Radiology,"System, Image Processing, Radiological"
K161201,2016-09-09,2016,ClearRead CT,"RIVERAIN TECHNOLOGIES, LLC",Radiology,OEB,radiology,radiology_cancer_detection,Cancer detection and assessment,510(k),892.2050,True,device,high,,False,True,892.2050,Radiology,"Lung Computed Tomography System, Computer-Aided Detection"
K161772,2016-08-24,2016,FFRct,"HEARTFLOW, INC.",Cardiovascular,PJA,,,,,,False,,,code_unlisted_off_panel,False,True,870.1415,Cardiovascular,Coronary Vascular Physiologic Simulation Software
K161148,2016-08-09,2016,icobrain,Icometrix,Radiology,LLZ,,,,,,False,,,device_not_oncology,False,True,892.2050,Radiology,"System, Image Processing, Radiological"
K160338,2016-08-05,2016,Triton System,GAUSS SURGICAL INC.,General Hospital,PBZ,,,,,,False,,,code_unlisted_off_panel,False,True,880.2750,General Hospital,Image Processing Device For Estimation Of External Blood Loss
K161382,2016-07-28,2016,LVivo Software Application,"DIACARDIO, LTD.",Radiology,LLZ,,,,,,False,,,device_not_oncology,False,True,892.2050,Radiology,"System, Image Processing, Radiological"
K160016,2016-07-15,2016,Steth IO,"STRATOSCIENTIFIC, INC.",Cardiovascular,DQD,,,,,,False,,,code_unlisted_off_panel,False,True,870.1875,Cardiovascular,"Stethoscope, Electronic"
K160088,2016-07-07,2016,Cydar EV,Cydar Ltd.,Radiology,OWB,,,,,,False,,,device_not_oncology,False,True,892.1650,Radiology,Interventional Fluoroscopic X-Ray System
K153351,2016-06-17,2016,Quantib Brain 1,QUANTIB BV,Radiology,LLZ,,,,,,False,,,device_not_oncology,False,True,892.2050,Radiology,"System, Image Processing, Radiological"
K152733,2016-01-13,2016,FFRct,"HEARTFLOW, INC.",Cardiovascular,PJA,,,,,,False,,,code_unlisted_off_panel,False,True,870.1415,Cardiovascular,Coronary Vascular Physiologic Simulation Software
K153427,2016-01-07,2016,Volpara Imaging Software,Matakina Technology LTD,Radiology,LLZ,,,,,,False,,,device_not_oncology,False,True,892.2050,Radiology,"System, Image Processing, Radiological"
K150817,2015-12-21,2015,Dario Blood Glucose Monitoring System,LabStyle Innovations Ltd.,Clinical Chemistry,NBW,,,,,,False,,,code_unlisted_off_panel,False,True,862.1345,Clinical Chemistry,"System, Test, Blood Glucose, Over The Counter"
K150102,2015-11-05,2015,SnoreSounds,"APPIAN MEDICAL, INC.",Anesthesiology,MNR,,,,,,False,,,code_unlisted_off_panel,False,True,868.2375,Anesthesiology,Ventilatory Effort Recorder
K142512,2015-06-11,2015,Personalized Physiology Analytics Engine software,"VGBio, Inc (DBA PhysIQ)",Cardiovascular,PLB,,,,,,False,,,code_unlisted_off_panel,False,True,870.2300,Cardiovascular,Multivariate Vital Signs Index
K143643,2015-05-15,2015,Brainscope Ahead 200,"BRAINSCOPE COMPANY, INC.",Neurology,PIW,,,,,,False,,,code_unlisted_off_panel,False,True,882.1450,Neurology,Brain Injury Adjunctive Interpretive Electroencephalograph Assessment Aid
K142918,2015-04-24,2015,EndoTool SubQ,MONARCH MEDICAL TECHNOLOGIES,Anesthesiology,NDC,,,,,,False,,,code_unlisted_off_panel,False,True,868.1890,Anesthesiology,"Calculator, Drug Dose"
K141922,2015-02-27,2015,IRIS INTELLIGENT RETINAL IMAGING SYSTEM,"INTELLIGENT RETINAL IMAGING SYSTEMS, LLC",Radiology,NFJ,,,,,,False,,,device_not_oncology,False,True,892.2050,Radiology,"System, Image Management, Ophthalmic"
DEN140025,2014-11-17,2014,BrainScope Ahead 100,"BRAINSCOPE COMPANY, INC",Neurology,PIW,,,,,,False,,,code_unlisted_off_panel,False,True,882.1450,Neurology,Brain Injury Adjunctive Interpretive Electroencephalograph Assessment Aid
K142037,2014-10-10,2014,QUANTRA,"HOLOGIC, INC.",Radiology,LLZ,,,,,,False,,,device_not_oncology,False,True,892.2050,Radiology,"System, Image Processing, Radiological"
K141069,2014-09-17,2014,Lung Density Analysis,IMBIO LLC,Radiology,JAK,,,,,,False,,,device_not_oncology,False,True,892.1750,Radiology,"System, X-Ray, Tomography, Computed"
K141480,2014-08-22,2014,CVI42,CIRCLE CARDIOVASCULAR IMAGING INC,Radiology,LLZ,,,,,,False,,,device_not_oncology,False,True,892.2050,Radiology,"System, Image Processing, Radiological"
K133649,2014-04-22,2014,HEPATIC VCAR,GE MEDICAL SYSTEMS SCS,Radiology,JAK,radiology,radiology_cancer_detection,Cancer detection and assessment,510(k),,True,device,medium,,False,True,892.1750,Radiology,"System, X-Ray, Tomography, Computed"
K133259,2014-01-24,2014,YSIO MAX,"SIEMENS MEDICAL SOLUTIONS USA, INC.",Radiology,KPR,,,,,,False,,,device_not_oncology,False,True,892.1680,Radiology,"System, X-Ray, Stationary"
K130831,2013-11-21,2013,MALDI BIOTYPER CA (MBT-CA) SYSTEM,"BRUKER DALTONICS, INC",Microbiology,PEX,,,,,,False,,,code_unlisted_off_panel,False,True,866.3361,Microbiology,"System, Mass Spectrometry, Maldi Tof, Microorganism Identification, Cultured Isolates"
K131044,2013-09-04,2013,SENSICARDIAC MOBI DIAGNOSTIC HEART MURMUR APPLICATION,DIACOUSTIC MEDICAL DEVICES (PTY) LTD.,Cardiovascular,DQD,,,,,,False,,,code_unlisted_off_panel,False,True,870.1875,Cardiovascular,"Stethoscope, Electronic"
DEN130013,2013-08-21,2013,VITEK MS,"BIOMERIEUX, INC.",Microbiology,PEX,,,,,,False,,,code_unlisted_off_panel,False,True,866.3361,Microbiology,"System, Mass Spectrometry, Maldi Tof, Microorganism Identification, Cultured Isolates"
K120771,2013-03-22,2013,UNICEL DXH 800 COULTER CELLULAR ANALYSIS SYSTEM,"BECKMAN COULTER, INC.",Hematology,GKZ,,,,,,False,,,code_unlisted_off_panel,False,True,864.5220,Hematology,"Counter, Differential Cell"
K123526,2012-12-27,2012,CLEARREAD +CONFIRM,RIVERAIN TECHNOLOGIES,Radiology,LLZ,radiology,radiology_cancer_detection,Cancer detection and assessment,510(k),,True,device,medium,,False,True,892.2050,Radiology,"System, Image Processing, Radiological"
P110014,2012-12-27,2012,DUNE MEDICAL DEVICES MARGINPROBE SYSTEM,"Dilon Medical Technologies, Ltd.",General and Plastic Surgery,OEE,,,,,,False,,,code_unlisted_off_panel,False,True,,Unknown,Diagnostic Low Electric Field
K121617,2012-07-27,2012,SENSICARDIAC,DIACOUSTIC MEDICAL (PTY),Cardiovascular,DQD,,,,,,False,,,code_unlisted_off_panel,False,True,870.1875,Cardiovascular,"Stethoscope, Electronic"
K120489,2012-05-17,2012,TISSUE OF ORIGIN TEST KIT FFPE,"PATHWORK DIAGNOSTICS, INC.",Clinical Toxcicology,OIW,,,,,,False,,,code_unlisted_off_panel,False,True,862.3100,Clinical Toxicology,"Software, Similarity Score Algorithm, Tissue Of Origin For Malignant Tumor Types"
K120161,2012-04-13,2012,ALPHAPOINT IMAGING SOFTWARE,"RADLOGICS, INC.",Radiology,LLZ,,,,,,False,,,device_unresolved,False,True,892.2050,Radiology,"System, Image Processing, Radiological"
K111776,2011-12-28,2011,DELTAVIEW MODEL 2.1,"RIVERAIN MEDICAL GROUP,LLC",Radiology,LLZ,,,,,,False,,,device_unresolved,False,True,892.2050,Radiology,"System, Image Processing, Radiological"
P090012,2011-11-01,2011,MELAFIND,"STRATA SKIN SCIENCES, INC.",General and Plastic Surgery,OYD,,,,,,False,,,code_unlisted_off_panel,False,True,878.1820,"General, Plastic Surgery",Optical Diagnostic Device For Melanoma Detection
K102778,2011-09-16,2011,CELLAVISION DM1200 WITH THE BODY FLUID APPLICTION,CELLAVISION AB,Hematology,JOY,,,,,,False,,,code_unlisted_off_panel,False,True,864.5260,Hematology,"Device, Automated Cell-Locating"
K092967,2010-06-08,2010,PATHWORK TISSUE OF ORIGIN TEST KIT-FFPE (ORIGIN TEST KIT-FFPE,PATHWORK DIAGNOSTICS,Clinical Toxcicology,OIW,,,,,,False,,,code_unlisted_off_panel,False,True,862.3100,Clinical Toxicology,"Software, Similarity Score Algorithm, Tissue Of Origin For Malignant Tumor Types"
K092116,2010-05-12,2010,EASYCELL CELL LOCATOR,MEDICA CORP.,Hematology,JOY,,,,,,False,,,code_unlisted_off_panel,False,True,864.5260,Hematology,"Device, Automated Cell-Locating"
K080595,2008-12-05,2008,CELLAVISION DM96 WITH THE BODY FLUID APPLICATION,CELLAVISION AB,Hematology,JOY,,,,,,False,,,code_unlisted_off_panel,False,True,864.5260,Hematology,"Device, Automated Cell-Locating"
K082483,2008-09-12,2008,QUANTRA,"HOLOGIC, INC.",Radiology,LLZ,,,,,,False,,,device_not_oncology,False,True,892.2050,Radiology,"System, Image Processing, Radiological"
K080896,2008-07-30,2008,PATHWORK DIAGNOSTICS TISSUE OF ORIGIN TEST,"PATHWORK DIAGNOSTICS, INC.",Clinical Toxcicology,OIW,,,,,,False,,,code_unlisted_off_panel,False,True,862.3100,Clinical Toxicology,"Software, Similarity Score Algorithm, Tissue Of Origin For Malignant Tumor Types"
K081140,2008-07-17,2008,VISENSIA,OBS MEDICAL,Cardiovascular,MHX,,,,,,False,,,code_unlisted_off_panel,False,True,870.1025,Cardiovascular,"Monitor, Physiological, Patient(With Arrhythmia Detection Or Alarms)"
K080762,2008-05-15,2008,"IB NEURO, VERSION 1.0","IMAGING BIOMETRICS, LLC",Radiology,LNH,,,,,,False,,,device_unresolved,False,True,892.1000,Radiology,"System, Nuclear Magnetic Resonance Imaging"
P040028,2006-03-16,2006,LUMA CERVICAL IMAGING SYSTEM,SPECTRA SCIENCE,Obstetrics and Gynecology,MWM,,,,,,False,,,code_unlisted_off_panel,False,True,,Unknown,"Sensor, Electro-Optical (For Cervical Cancer)"
K043341,2005-10-27,2005,BIOPLEX 2200 ANA SCREEN WITH MEDICAL DECISION SUPPORT SOFTWARE FOR USE WITH BIOPLEX 2200 MULTI-ANALYTE DETECTION SYSTEM,"BIO-RAD LABORATORIES, INC.",Clinical Toxcicology,NVI,,,,,,False,,,code_unlisted_off_panel,False,True,862.3100,Clinical Toxicology,"Diagnostic Software, K-Nearest Neighbor Algorithm, Autoimmune Disease"
K033840,2004-02-10,2004,CELLAVISION DM96 AUTOMATIC HEMATOLOGY ANALYZER,CELLAVISION AB,Hematology,JOY,,,,,,False,,,code_unlisted_off_panel,False,True,864.5260,Hematology,"Device, Automated Cell-Locating"
P010034,2002-01-31,2002,SECOND LOOK ™,"ICAD, INC.",Radiology,MYN,radiology,radiology_cancer_detection,Cancer detection and assessment,PMA,,True,device,high,,False,True,892.2070,Radiology,"Analyzer, Medical Image"
P000041,2001-07-12,2001,RAPIDSCREEN RS-2000,RIVERAIN MEDICAL GROUP,Radiology,MYN,radiology,radiology_cancer_detection,Cancer detection and assessment,PMA,,True,device,high,,False,True,892.2070,Radiology,"Analyzer, Medical Image"
K003301,2001-03-15,2001,DIFFMASTER OCTAVIA AUTOMATIC HEMATOLOGY ANALYZER,CELLAVISION AB,Hematology,JOY,,,,,,False,,,code_unlisted_off_panel,False,True,864.5260,Hematology,"Device, Automated Cell-Locating"
P980025,1998-09-02,1998,LOGICON CARIES DETECTOR,CARESTREAM DENTAL LLC,Radiology,MYN,,,,,,False,,,device_not_oncology,False,True,892.2070,Radiology,"Analyzer, Medical Image"
P970058,1998-06-26,1998,M1000 IMAGECHECKER,"Hologic, Inc.",Radiology,MYN,radiology,radiology_cancer_detection,Cancer detection and assessment,PMA,,True,device,high,,False,True,892.2070,Radiology,"Analyzer, Medical Image"
K955841,1997-03-11,1997,SLEEP SYSTEM FOR CLINICS & RESEARCH,COMPUMEDICS PTD LTD.,Anesthesiology,MNR,,,,,,False,,,code_unlisted_off_panel,False,True,868.2375,Anesthesiology,Ventilatory Effort Recorder
P940029,1995-11-08,1995,PAPNET Testing System,"Neuromedical Systems, Inc.",Pathology,MNM,pathology,pathology,Digital pathology,PMA,,True,device,high,,False,True,,Unknown,"Reader, Cervical Cytology Slide, Automated"
P950009,1995-09-29,1995,AUTOPAP(R) 300 QC AUTOMATIC PAP SCREENER/QC SYSTEM,BD DIAGNOSTICS,Pathology,NMN,pathology,pathology,Digital pathology,PMA,,True,device,high,,True,True,882.4190,Neurology,"Instrument, Clip, Forming/Cutting, Reprocessed"
