pmid,reason,applies_to
26269921,book_records,corpus
32078273,book_records,corpus
33074628,book_records,corpus
35226435,book_records,corpus
37988535,book_records,corpus
39413217,book_records,corpus
39466926,book_records,corpus
29494053,book_records,corpus
25841535,outside_date_range,corpus
25595523,outside_date_range,corpus
25561586,outside_date_range,corpus
25561244,outside_date_range,corpus
25555756,outside_date_range,corpus
25547380,outside_date_range,corpus
25542401,outside_date_range,corpus
25537257,outside_date_range,corpus
25533223,outside_date_range,corpus
25533196,outside_date_range,corpus
25532510,outside_date_range,corpus
25528696,outside_date_range,corpus
25506629,outside_date_range,corpus
25499960,outside_date_range,corpus
25495249,outside_date_range,corpus
25492448,outside_date_range,corpus
25489980,outside_date_range,corpus
25487819,outside_date_range,corpus
25486657,outside_date_range,corpus
25486589,outside_date_range,corpus
25475486,outside_date_range,corpus
25474180,outside_date_range,corpus
25472729,outside_date_range,corpus
25466771,outside_date_range,corpus
25462201,outside_date_range,corpus
25456146,outside_date_range,corpus
25455879,outside_date_range,corpus
25453323,outside_date_range,corpus
25448419,outside_date_range,corpus
25444461,outside_date_range,corpus
25442055,outside_date_range,corpus
25440671,outside_date_range,corpus
25423649,outside_date_range,corpus
25417130,outside_date_range,corpus
25415994,outside_date_range,corpus
25392120,outside_date_range,corpus
25370705,outside_date_range,corpus
25361502,outside_date_range,corpus
25361497,outside_date_range,corpus
25354901,outside_date_range,corpus
25350925,outside_date_range,corpus
25348548,outside_date_range,corpus
25326907,outside_date_range,corpus
25314696,outside_date_range,corpus
25292484,outside_date_range,corpus
25291212,outside_date_range,corpus
25277373,outside_date_range,corpus
25265636,outside_date_range,corpus
25263213,outside_date_range,corpus
25249448,outside_date_range,corpus
25238989,outside_date_range,corpus
25227532,outside_date_range,corpus
25212921,outside_date_range,corpus
25212772,outside_date_range,corpus
25212691,outside_date_range,corpus
25200472,outside_date_range,corpus
25189363,outside_date_range,corpus
25189152,outside_date_range,corpus
25184959,outside_date_range,corpus
25175491,outside_date_range,corpus
25149298,outside_date_range,corpus
25137721,outside_date_range,corpus
25135444,outside_date_range,corpus
25082065,outside_date_range,corpus
25073179,outside_date_range,corpus
25066340,outside_date_range,corpus
25060941,outside_date_range,corpus
25055385,outside_date_range,corpus
25024116,outside_date_range,corpus
25005867,outside_date_range,corpus
24987050,outside_date_range,corpus
24983384,outside_date_range,corpus
24976104,outside_date_range,corpus
24968338,outside_date_range,corpus
24962336,outside_date_range,corpus
24956998,outside_date_range,corpus
24943647,outside_date_range,corpus
24750006,outside_date_range,corpus
24691860,outside_date_range,corpus
26309389,outside_date_range,corpus
27303480,outside_date_range,corpus
25520271,outside_date_range,corpus
24786643,outside_date_range,corpus
24047600,outside_date_range,corpus
26738017,non_specialty_only,corpus
26736925,non_specialty_only,corpus
26736922,non_specialty_only,corpus
26672031,non_specialty_only,corpus
26513774,non_specialty_only,corpus
26386631,non_specialty_only,corpus
26264431,non_specialty_only,corpus
26262151,non_specialty_only,corpus
26222856,non_specialty_only,corpus
26218353,non_specialty_only,corpus
26001851,non_specialty_only,corpus
25941190,non_specialty_only,corpus
25832090,non_specialty_only,corpus
25809473,non_specialty_only,corpus
25797605,non_specialty_only,corpus
25585429,non_specialty_only,corpus
24583752,non_specialty_only,corpus
28268581,non_specialty_only,corpus
28268580,non_specialty_only,corpus
28268578,non_specialty_only,corpus
28244421,non_specialty_only,corpus
28114049,non_specialty_only,corpus
28114040,non_specialty_only,corpus
28026754,non_specialty_only,corpus
28003769,non_specialty_only,corpus
27913337,non_specialty_only,corpus
27783441,non_specialty_only,corpus
27494455,non_specialty_only,corpus
27324381,non_specialty_only,corpus
27314590,non_specialty_only,corpus
27236223,non_specialty_only,corpus
27208529,non_specialty_only,corpus
27100718,non_specialty_only,corpus
26991418,non_specialty_only,corpus
26919837,non_specialty_only,corpus
26872778,non_specialty_only,corpus
26872810,non_specialty_only,corpus
26843236,non_specialty_only,corpus
26762775,non_specialty_only,corpus
29990146,non_specialty_only,corpus
29297290,non_specialty_only,corpus
29295121,non_specialty_only,corpus
29225083,non_specialty_only,corpus
29223683,non_specialty_only,corpus
29066576,non_specialty_only,corpus
29065595,non_specialty_only,corpus
29059954,non_specialty_only,corpus
28971622,non_specialty_only,corpus
28969863,non_specialty_only,corpus
28815132,non_specialty_only,corpus
28750446,non_specialty_only,corpus
28692931,non_specialty_only,corpus
28600236,non_specialty_only,corpus
28556024,non_specialty_only,corpus
28460258,non_specialty_only,corpus
28436853,non_specialty_only,corpus
28342106,non_specialty_only,corpus
28322771,non_specialty_only,corpus
28290067,non_specialty_only,corpus
28282026,non_specialty_only,corpus
28247214,non_specialty_only,corpus
28117445,non_specialty_only,corpus
28092585,non_specialty_only,corpus
31015647,non_specialty_only,corpus
30575526,non_specialty_only,corpus
30568383,non_specialty_only,corpus
30527583,non_specialty_only,corpus
30527129,non_specialty_only,corpus
30521691,non_specialty_only,corpus
30515404,non_specialty_only,corpus
30509988,non_specialty_only,corpus
30469155,non_specialty_only,corpus
30460794,non_specialty_only,corpus
30458354,non_specialty_only,corpus
30452913,non_specialty_only,corpus
30440938,non_specialty_only,corpus
30440620,non_specialty_only,corpus
30353869,non_specialty_only,corpus
30325517,non_specialty_only,corpus
30324036,non_specialty_only,corpus
30273147,non_specialty_only,corpus
30270677,non_specialty_only,corpus
30253801,non_specialty_only,corpus
30238167,non_specialty_only,corpus
30235368,non_specialty_only,corpus
30207594,non_specialty_only,corpus
30187575,non_specialty_only,corpus
30172090,non_specialty_only,corpus
30145394,non_specialty_only,corpus
30130171,non_specialty_only,corpus
30123948,non_specialty_only,corpus
30119855,non_specialty_only,corpus
30119849,non_specialty_only,corpus
30105375,non_specialty_only,corpus
30103029,non_specialty_only,corpus
30102197,non_specialty_only,corpus
30066388,non_specialty_only,corpus
30064263,non_specialty_only,corpus
30047917,non_specialty_only,corpus
29994501,non_specialty_only,corpus
29994323,non_specialty_only,corpus
29994234,non_specialty_only,corpus
29994161,non_specialty_only,corpus
29994053,non_specialty_only,corpus
29993758,non_specialty_only,corpus
29975937,non_specialty_only,corpus
29928897,non_specialty_only,corpus
29903559,non_specialty_only,corpus
29903489,non_specialty_only,corpus
29890404,non_specialty_only,corpus
29846502,non_specialty_only,corpus
29761315,non_specialty_only,corpus
29758959,non_specialty_only,corpus
29732346,non_specialty_only,corpus
29728226,non_specialty_only,corpus
29658647,non_specialty_only,corpus
29653147,non_specialty_only,corpus
29628292,non_specialty_only,corpus
29626734,non_specialty_only,corpus
29621833,non_specialty_only,corpus
33520605,non_specialty_only,corpus
29577322,non_specialty_only,corpus
29513718,non_specialty_only,corpus
29485048,non_specialty_only,corpus
29484876,non_specialty_only,corpus
29477434,non_specialty_only,corpus
29462601,non_specialty_only,corpus
29439500,non_specialty_only,corpus
29351341,non_specialty_only,corpus
29335825,non_specialty_only,corpus
29271350,non_specialty_only,corpus
29266819,non_specialty_only,corpus
31947388,non_specialty_only,corpus
31947281,non_specialty_only,corpus
31946474,non_specialty_only,corpus
31946453,non_specialty_only,corpus
31946299,non_specialty_only,corpus
31946043,non_specialty_only,corpus
31945923,non_specialty_only,corpus
31945842,non_specialty_only,corpus
31921498,non_specialty_only,corpus
31915519,non_specialty_only,corpus
31863741,non_specialty_only,corpus
31810005,non_specialty_only,corpus
31759929,non_specialty_only,corpus
31755802,non_specialty_only,corpus
31711241,non_specialty_only,corpus
31657629,non_specialty_only,corpus
31617929,non_specialty_only,corpus
31600829,non_specialty_only,corpus
31594962,non_specialty_only,corpus
31594753,non_specialty_only,corpus
31591062,non_specialty_only,corpus
31586813,non_specialty_only,corpus
31585124,non_specialty_only,corpus
31584138,non_specialty_only,corpus
31550395,non_specialty_only,corpus
31525512,non_specialty_only,corpus
31518967,non_specialty_only,corpus
31454493,non_specialty_only,corpus
31445040,non_specialty_only,corpus
31443108,non_specialty_only,corpus
31433330,non_specialty_only,corpus
31419752,non_specialty_only,corpus
31416556,non_specialty_only,corpus
31416550,non_specialty_only,corpus
31401469,non_specialty_only,corpus
31366998,non_specialty_only,corpus
31352673,non_specialty_only,corpus
31332619,non_specialty_only,corpus
31324579,non_specialty_only,corpus
31315883,non_specialty_only,corpus
31306724,non_specialty_only,corpus
31302091,non_specialty_only,corpus
31299096,non_specialty_only,corpus
31260038,non_specialty_only,corpus
31255749,non_specialty_only,corpus
31233565,non_specialty_only,corpus
31201137,non_specialty_only,corpus
31199278,non_specialty_only,corpus
31195905,non_specialty_only,corpus
31164345,non_specialty_only,corpus
31133249,non_specialty_only,corpus
31128062,non_specialty_only,corpus
31106913,non_specialty_only,corpus
31101596,non_specialty_only,corpus
31100191,non_specialty_only,corpus
31080614,non_specialty_only,corpus
31079710,non_specialty_only,corpus
31078625,non_specialty_only,corpus
31065371,non_specialty_only,corpus
31027636,non_specialty_only,corpus
31017580,non_specialty_only,corpus
30989505,non_specialty_only,corpus
30981447,non_specialty_only,corpus
30981091,non_specialty_only,corpus
30977937,non_specialty_only,corpus
30908513,non_specialty_only,corpus
30900610,non_specialty_only,corpus
30874907,non_specialty_only,corpus
30873970,non_specialty_only,corpus
30870586,non_specialty_only,corpus
30868667,non_specialty_only,corpus
30860866,non_specialty_only,corpus
30852421,non_specialty_only,corpus
30848728,non_specialty_only,corpus
30845263,non_specialty_only,corpus
30836800,non_specialty_only,corpus
30827765,non_specialty_only,corpus
30814661,non_specialty_only,corpus
30784425,non_specialty_only,corpus
30774110,non_specialty_only,corpus
30762255,non_specialty_only,corpus
30746593,non_specialty_only,corpus
30719560,non_specialty_only,corpus
30703051,non_specialty_only,corpus
30689691,non_specialty_only,corpus
30674442,non_specialty_only,corpus
30668469,non_specialty_only,corpus
30653684,non_specialty_only,corpus
30630221,non_specialty_only,corpus
30624234,non_specialty_only,corpus
30612188,non_specialty_only,corpus
30484822,non_specialty_only,corpus
29504086,non_specialty_only,corpus
34035193,non_specialty_only,corpus
33733216,non_specialty_only,corpus
33445062,non_specialty_only,corpus
33370644,non_specialty_only,corpus
33362384,non_specialty_only,corpus
33358096,non_specialty_only,corpus
33338907,non_specialty_only,corpus
33319126,non_specialty_only,corpus
33318595,non_specialty_only,corpus
33301070,non_specialty_only,corpus
33273516,non_specialty_only,corpus
33254083,non_specialty_only,corpus
33248070,non_specialty_only,corpus
33247560,non_specialty_only,corpus
33221639,non_specialty_only,corpus
33213802,non_specialty_only,corpus
33197531,non_specialty_only,corpus
33197276,non_specialty_only,corpus
33184872,non_specialty_only,corpus
33179882,non_specialty_only,corpus
33132644,non_specialty_only,corpus
33105736,non_specialty_only,corpus
33094654,non_specialty_only,corpus
33066123,non_specialty_only,corpus
33064368,non_specialty_only,corpus
33063398,non_specialty_only,corpus
33059555,non_specialty_only,corpus
33059237,non_specialty_only,corpus
33058596,non_specialty_only,corpus
33057945,non_specialty_only,corpus
33034672,non_specialty_only,corpus
33018493,non_specialty_only,corpus
33018382,non_specialty_only,corpus
33018281,non_specialty_only,corpus
33011206,non_specialty_only,corpus
33007593,non_specialty_only,corpus
32994686,non_specialty_only,corpus
32974943,non_specialty_only,corpus
32972662,non_specialty_only,corpus
32952602,non_specialty_only,corpus
32947648,non_specialty_only,corpus
32935138,non_specialty_only,corpus
32921304,non_specialty_only,corpus
32915503,non_specialty_only,corpus
32915161,non_specialty_only,corpus
32888382,non_specialty_only,corpus
32882594,non_specialty_only,corpus
32874685,non_specialty_only,corpus
32826613,non_specialty_only,corpus
32814641,non_specialty_only,corpus
32810047,non_specialty_only,corpus
32805673,non_specialty_only,corpus
32784837,non_specialty_only,corpus
32778959,non_specialty_only,corpus
32768035,non_specialty_only,corpus
32747996,non_specialty_only,corpus
32725617,non_specialty_only,corpus
32715508,non_specialty_only,corpus
32708348,non_specialty_only,corpus
32707740,non_specialty_only,corpus
32697872,non_specialty_only,corpus
32681536,non_specialty_only,corpus
32669565,non_specialty_only,corpus
32664410,non_specialty_only,corpus
32656946,non_specialty_only,corpus
32652382,non_specialty_only,corpus
32632116,non_specialty_only,corpus
32629078,non_specialty_only,corpus
32613403,non_specialty_only,corpus
32592885,non_specialty_only,corpus
32570630,non_specialty_only,corpus
32562721,non_specialty_only,corpus
32562608,non_specialty_only,corpus
32558281,non_specialty_only,corpus
32543509,non_specialty_only,corpus
32542892,non_specialty_only,corpus
32534243,non_specialty_only,corpus
32526536,non_specialty_only,corpus
32515006,non_specialty_only,corpus
32511793,non_specialty_only,corpus
32505685,non_specialty_only,corpus
32504696,non_specialty_only,corpus
32500760,non_specialty_only,corpus
32491933,non_specialty_only,corpus
32491128,non_specialty_only,corpus
32484096,non_specialty_only,corpus
32484086,non_specialty_only,corpus
32480364,non_specialty_only,corpus
32458189,non_specialty_only,corpus
32422155,non_specialty_only,corpus
32421644,non_specialty_only,corpus
32406830,non_specialty_only,corpus
32382973,non_specialty_only,corpus
32371142,non_specialty_only,corpus
32371116,non_specialty_only,corpus
32356118,non_specialty_only,corpus
32352719,non_specialty_only,corpus
32348823,non_specialty_only,corpus
32343978,non_specialty_only,corpus
32343434,non_specialty_only,corpus
32337060,non_specialty_only,corpus
32315365,non_specialty_only,corpus
32248945,non_specialty_only,corpus
32194821,non_specialty_only,corpus
32183041,non_specialty_only,corpus
32164530,non_specialty_only,corpus
32159521,non_specialty_only,corpus
32145289,non_specialty_only,corpus
32117739,non_specialty_only,corpus
32110657,non_specialty_only,corpus
32099900,non_specialty_only,corpus
32072773,non_specialty_only,corpus
32071016,non_specialty_only,corpus
32061504,non_specialty_only,corpus
32030669,non_specialty_only,corpus
32028084,non_specialty_only,corpus
31989893,non_specialty_only,corpus
31981427,non_specialty_only,corpus
31972254,non_specialty_only,corpus
31945357,non_specialty_only,corpus
31926965,non_specialty_only,corpus
31925551,non_specialty_only,corpus
31919901,non_specialty_only,corpus
31913337,non_specialty_only,corpus
31912788,non_specialty_only,corpus
31909553,non_specialty_only,corpus
31856342,non_specialty_only,corpus
31799995,non_specialty_only,corpus
31770118,non_specialty_only,corpus
31725506,non_specialty_only,corpus
31651444,non_specialty_only,corpus
35381728,non_specialty_only,corpus
35308965,non_specialty_only,corpus
35069951,non_specialty_only,corpus
35009825,non_specialty_only,corpus
34979436,non_specialty_only,corpus
34979114,non_specialty_only,corpus
34924256,non_specialty_only,corpus
34923250,non_specialty_only,corpus
34919941,non_specialty_only,corpus
34896101,non_specialty_only,corpus
34892117,non_specialty_only,corpus
34892090,non_specialty_only,corpus
34891901,non_specialty_only,corpus
34891883,non_specialty_only,corpus
34884166,non_specialty_only,corpus
34880677,non_specialty_only,corpus
34876609,non_specialty_only,corpus
34874019,non_specialty_only,corpus
34872120,non_specialty_only,corpus
34852988,non_specialty_only,corpus
34840028,non_specialty_only,corpus
34833827,non_specialty_only,corpus
34821396,non_specialty_only,corpus
34814260,non_specialty_only,corpus
34809768,non_specialty_only,corpus
34799076,non_specialty_only,corpus
34792588,non_specialty_only,corpus
34790008,non_specialty_only,corpus
34779062,non_specialty_only,corpus
34772649,non_specialty_only,corpus
34771658,non_specialty_only,corpus
34733239,non_specialty_only,corpus
34688173,non_specialty_only,corpus
34678529,non_specialty_only,corpus
34666330,non_specialty_only,corpus
34628734,non_specialty_only,corpus
34626908,non_specialty_only,corpus
34622964,non_specialty_only,corpus
34573917,non_specialty_only,corpus
34550970,non_specialty_only,corpus
34546412,non_specialty_only,corpus
34541859,non_specialty_only,corpus
34540541,non_specialty_only,corpus
34509705,non_specialty_only,corpus
34507158,non_specialty_only,corpus
34507156,non_specialty_only,corpus
34471174,non_specialty_only,corpus
34451072,non_specialty_only,corpus
34450993,non_specialty_only,corpus
34448519,non_specialty_only,corpus
34432643,non_specialty_only,corpus
34388470,non_specialty_only,corpus
34387031,non_specialty_only,corpus
34377121,non_specialty_only,corpus
34363763,non_specialty_only,corpus
34342365,non_specialty_only,corpus
34342293,non_specialty_only,corpus
34339288,non_specialty_only,corpus
34311463,non_specialty_only,corpus
34306173,non_specialty_only,corpus
34304370,non_specialty_only,corpus
34300541,non_specialty_only,corpus
34297944,non_specialty_only,corpus
34265329,non_specialty_only,corpus
34252041,non_specialty_only,corpus
34246159,non_specialty_only,corpus
34245752,non_specialty_only,corpus
34245106,non_specialty_only,corpus
34239598,non_specialty_only,corpus
34239268,non_specialty_only,corpus
34237739,non_specialty_only,corpus
34218329,non_specialty_only,corpus
34200521,non_specialty_only,corpus
34185166,non_specialty_only,corpus
34176583,non_specialty_only,corpus
34173314,non_specialty_only,corpus
34168402,non_specialty_only,corpus
34162410,non_specialty_only,corpus
34116029,non_specialty_only,corpus
34103062,non_specialty_only,corpus
34096688,non_specialty_only,corpus
34079004,non_specialty_only,corpus
34055044,non_specialty_only,corpus
34053010,non_specialty_only,corpus
34046358,non_specialty_only,corpus
34039635,non_specialty_only,corpus
34032861,non_specialty_only,corpus
34030580,non_specialty_only,corpus
34010998,non_specialty_only,corpus
33997017,non_specialty_only,corpus
33986375,non_specialty_only,corpus
33982544,non_specialty_only,corpus
33981151,non_specialty_only,corpus
33937410,non_specialty_only,corpus
33909264,non_specialty_only,corpus
33904008,non_specialty_only,corpus
33902503,non_specialty_only,corpus
33887778,non_specialty_only,corpus
33887268,non_specialty_only,corpus
33881657,non_specialty_only,corpus
33875821,non_specialty_only,corpus
33859411,non_specialty_only,corpus
33852902,non_specialty_only,corpus
33812912,non_specialty_only,corpus
33764307,non_specialty_only,corpus
33761089,non_specialty_only,corpus
33760360,non_specialty_only,corpus
33751774,non_specialty_only,corpus
33740740,non_specialty_only,corpus
33684314,non_specialty_only,corpus
33684051,non_specialty_only,corpus
33671761,non_specialty_only,corpus
33669539,non_specialty_only,corpus
33669082,non_specialty_only,corpus
33610692,non_specialty_only,corpus
33595977,non_specialty_only,corpus
33578996,non_specialty_only,corpus
33574394,non_specialty_only,corpus
33542924,non_specialty_only,corpus
33540446,non_specialty_only,corpus
33519142,non_specialty_only,corpus
33510154,non_specialty_only,corpus
33465706,non_specialty_only,corpus
33442965,non_specialty_only,corpus
33423009,non_specialty_only,corpus
33421232,non_specialty_only,corpus
33415444,non_specialty_only,corpus
33409408,non_specialty_only,corpus
33407213,non_specialty_only,corpus
33401739,non_specialty_only,corpus
33368056,non_specialty_only,corpus
33360986,non_specialty_only,corpus
33275789,non_specialty_only,corpus
33274487,non_specialty_only,corpus
33180721,non_specialty_only,corpus
32773386,non_specialty_only,corpus
36611515,non_specialty_only,corpus
36580975,non_specialty_only,corpus
36569567,non_specialty_only,corpus
36553160,non_specialty_only,corpus
36509114,non_specialty_only,corpus
36497368,non_specialty_only,corpus
36462875,non_specialty_only,corpus
36462373,non_specialty_only,corpus
36457374,non_specialty_only,corpus
36433298,non_specialty_only,corpus
36430315,non_specialty_only,corpus
36428831,non_specialty_only,corpus
36398129,non_specialty_only,corpus
36385676,non_specialty_only,corpus
36375412,non_specialty_only,corpus
36371225,non_specialty_only,corpus
36370582,non_specialty_only,corpus
36368111,non_specialty_only,corpus
36355845,non_specialty_only,corpus
36349396,non_specialty_only,corpus
36344626,non_specialty_only,corpus
36312830,non_specialty_only,corpus
36310482,non_specialty_only,corpus
36305811,non_specialty_only,corpus
36292179,non_specialty_only,corpus
36291803,non_specialty_only,corpus
36274972,non_specialty_only,corpus
36271062,non_specialty_only,corpus
36256284,non_specialty_only,corpus
36253346,non_specialty_only,corpus
36252363,non_specialty_only,corpus
36240598,non_specialty_only,corpus
36232378,non_specialty_only,corpus
36228460,non_specialty_only,corpus
36209623,non_specialty_only,corpus
36207082,non_specialty_only,corpus
36202438,non_specialty_only,corpus
36185632,non_specialty_only,corpus
36182740,non_specialty_only,corpus
36172695,non_specialty_only,corpus
36151257,non_specialty_only,corpus
36143146,non_specialty_only,corpus
36140623,non_specialty_only,corpus
36113443,non_specialty_only,corpus
36097774,non_specialty_only,corpus
36094608,non_specialty_only,corpus
36086502,non_specialty_only,corpus
36072725,non_specialty_only,corpus
36037629,non_specialty_only,corpus
36008640,non_specialty_only,corpus
36000979,non_specialty_only,corpus
35995817,non_specialty_only,corpus
35985337,non_specialty_only,corpus
35984903,non_specialty_only,corpus
35978040,non_specialty_only,corpus
35973360,non_specialty_only,corpus
35963880,non_specialty_only,corpus
35962014,non_specialty_only,corpus
35960377,non_specialty_only,corpus
35960341,non_specialty_only,corpus
35957209,non_specialty_only,corpus
35953516,non_specialty_only,corpus
35945505,non_specialty_only,corpus
35932723,non_specialty_only,corpus
35925956,non_specialty_only,corpus
35918275,non_specialty_only,corpus
35917877,non_specialty_only,corpus
35915186,non_specialty_only,corpus
35912717,non_specialty_only,corpus
35882966,non_specialty_only,corpus
35842738,non_specialty_only,corpus
35842363,non_specialty_only,corpus
35841304,non_specialty_only,corpus
35840608,non_specialty_only,corpus
35835342,non_specialty_only,corpus
35831299,non_specialty_only,corpus
35814973,non_specialty_only,corpus
35814747,non_specialty_only,corpus
35808463,non_specialty_only,corpus
35808154,non_specialty_only,corpus
35761840,non_specialty_only,corpus
35755069,non_specialty_only,corpus
35705757,non_specialty_only,corpus
35701871,non_specialty_only,corpus
35685674,non_specialty_only,corpus
35685142,non_specialty_only,corpus
35679692,non_specialty_only,corpus
35669372,non_specialty_only,corpus
35644612,non_specialty_only,corpus
38319238,non_specialty_only,corpus
35641698,non_specialty_only,corpus
35639329,non_specialty_only,corpus
35618100,non_specialty_only,corpus
35615795,non_specialty_only,corpus
35611797,non_specialty_only,corpus
35605150,non_specialty_only,corpus
35596250,non_specialty_only,corpus
35594809,non_specialty_only,corpus
35594685,non_specialty_only,corpus
35576561,non_specialty_only,corpus
35574447,non_specialty_only,corpus
35571399,non_specialty_only,corpus
35562285,non_specialty_only,corpus
35562098,non_specialty_only,corpus
35549679,non_specialty_only,corpus
35505265,non_specialty_only,corpus
35483226,non_specialty_only,corpus
35480147,non_specialty_only,corpus
35462613,non_specialty_only,corpus
35461690,non_specialty_only,corpus
35461350,non_specialty_only,corpus
35432820,non_specialty_only,corpus
35409575,non_specialty_only,corpus
35364312,non_specialty_only,corpus
35364311,non_specialty_only,corpus
35360474,non_specialty_only,corpus
35349542,non_specialty_only,corpus
35344109,non_specialty_only,corpus
35342956,non_specialty_only,corpus
35292794,non_specialty_only,corpus
35276285,non_specialty_only,corpus
35273282,non_specialty_only,corpus
35254677,non_specialty_only,corpus
35219939,non_specialty_only,corpus
35204435,non_specialty_only,corpus
35186235,non_specialty_only,corpus
35182926,non_specialty_only,corpus
35177717,non_specialty_only,corpus
35161878,non_specialty_only,corpus
35161613,non_specialty_only,corpus
35150067,non_specialty_only,corpus
35132523,non_specialty_only,corpus
35084542,non_specialty_only,corpus
35054273,non_specialty_only,corpus
35045951,non_specialty_only,corpus
35035480,non_specialty_only,corpus
35030211,non_specialty_only,corpus
35018536,non_specialty_only,corpus
35013485,non_specialty_only,corpus
34997124,non_specialty_only,corpus
34983756,non_specialty_only,corpus
34180439,non_specialty_only,corpus
38371666,non_specialty_only,corpus
38158385,non_specialty_only,corpus
38157827,non_specialty_only,corpus
38156628,non_specialty_only,corpus
38155295,non_specialty_only,corpus
38150449,non_specialty_only,corpus
38149749,non_specialty_only,corpus
38148414,non_specialty_only,corpus
38104975,non_specialty_only,corpus
38083062,non_specialty_only,corpus
38082788,non_specialty_only,corpus
38081669,non_specialty_only,corpus
38081101,non_specialty_only,corpus
38066207,non_specialty_only,corpus
38052639,non_specialty_only,corpus
38037413,non_specialty_only,corpus
38009044,non_specialty_only,corpus
38009016,non_specialty_only,corpus
38007800,non_specialty_only,corpus
37978982,non_specialty_only,corpus
37959187,non_specialty_only,corpus
37952555,non_specialty_only,corpus
37952532,non_specialty_only,corpus
37937532,non_specialty_only,corpus
37937113,non_specialty_only,corpus
37910655,non_specialty_only,corpus
37910280,non_specialty_only,corpus
37891862,non_specialty_only,corpus
37881033,non_specialty_only,corpus
37869160,non_specialty_only,corpus
37865668,non_specialty_only,corpus
40104314,non_specialty_only,corpus
37840254,non_specialty_only,corpus
37837264,non_specialty_only,corpus
37835828,non_specialty_only,corpus
37820691,non_specialty_only,corpus
37811030,non_specialty_only,corpus
37804779,non_specialty_only,corpus
37790756,non_specialty_only,corpus
37783319,non_specialty_only,corpus
37775188,non_specialty_only,corpus
37768798,non_specialty_only,corpus
37765780,non_specialty_only,corpus
37761252,non_specialty_only,corpus
37757599,non_specialty_only,corpus
37747097,non_specialty_only,corpus
37720189,non_specialty_only,corpus
37707430,non_specialty_only,corpus
37703431,non_specialty_only,corpus
37691205,non_specialty_only,corpus
37689267,non_specialty_only,corpus
37678284,non_specialty_only,corpus
37675332,non_specialty_only,corpus
37657711,non_specialty_only,corpus
37653185,non_specialty_only,corpus
37649027,non_specialty_only,corpus
37624227,non_specialty_only,corpus
37582393,non_specialty_only,corpus
37576493,non_specialty_only,corpus
37573619,non_specialty_only,corpus
37573562,non_specialty_only,corpus
37568599,non_specialty_only,corpus
37564164,non_specialty_only,corpus
37563824,non_specialty_only,corpus
37534916,non_specialty_only,corpus
37453242,non_specialty_only,corpus
37420338,non_specialty_only,corpus
37406330,non_specialty_only,corpus
37387107,non_specialty_only,corpus
37385266,non_specialty_only,corpus
37379178,non_specialty_only,corpus
37357662,non_specialty_only,corpus
37353282,non_specialty_only,corpus
37335043,non_specialty_only,corpus
37311383,non_specialty_only,corpus
37309680,non_specialty_only,corpus
37293591,non_specialty_only,corpus
37278496,non_specialty_only,corpus
37266886,non_specialty_only,corpus
37253525,non_specialty_only,corpus
37230017,non_specialty_only,corpus
37216776,non_specialty_only,corpus
37210926,non_specialty_only,corpus
37203122,non_specialty_only,corpus
37192031,non_specialty_only,corpus
37190175,non_specialty_only,corpus
37183343,non_specialty_only,corpus
37166225,non_specialty_only,corpus
37163966,non_specialty_only,corpus
37161081,non_specialty_only,corpus
37146681,non_specialty_only,corpus
37139150,non_specialty_only,corpus
37133847,non_specialty_only,corpus
37109534,non_specialty_only,corpus
41647618,non_specialty_only,corpus
37061169,non_specialty_only,corpus
37058446,non_specialty_only,corpus
37050607,non_specialty_only,corpus
37046121,non_specialty_only,corpus
37040553,non_specialty_only,corpus
37037684,non_specialty_only,corpus
37027657,non_specialty_only,corpus
37020149,non_specialty_only,corpus
37018671,non_specialty_only,corpus
36995457,non_specialty_only,corpus
36991857,non_specialty_only,corpus
36970775,non_specialty_only,corpus
36968824,non_specialty_only,corpus
36964031,non_specialty_only,corpus
36963352,non_specialty_only,corpus
36924989,non_specialty_only,corpus
36860140,non_specialty_only,corpus
36831445,non_specialty_only,corpus
36785993,non_specialty_only,corpus
36781156,non_specialty_only,corpus
36780639,non_specialty_only,corpus
36764640,non_specialty_only,corpus
36755475,non_specialty_only,corpus
36754065,non_specialty_only,corpus
36753915,non_specialty_only,corpus
36738708,non_specialty_only,corpus
36709518,non_specialty_only,corpus
36701878,non_specialty_only,corpus
36695073,non_specialty_only,corpus
36688890,non_specialty_only,corpus
36683580,non_specialty_only,corpus
36681776,non_specialty_only,corpus
36658056,non_specialty_only,corpus
36650299,non_specialty_only,corpus
36650283,non_specialty_only,corpus
36638748,non_specialty_only,corpus
36634475,non_specialty_only,corpus
36623839,non_specialty_only,corpus
36527309,non_specialty_only,corpus
36525038,non_specialty_only,corpus
36480465,non_specialty_only,corpus
36279355,non_specialty_only,corpus
40051825,non_specialty_only,corpus
40040184,non_specialty_only,corpus
40039715,non_specialty_only,corpus
40039266,non_specialty_only,corpus
39798279,non_specialty_only,corpus
39796659,non_specialty_only,corpus
39789972,non_specialty_only,corpus
39769072,non_specialty_only,corpus
39767199,non_specialty_only,corpus
39740513,non_specialty_only,corpus
39738572,non_specialty_only,corpus
39737619,non_specialty_only,corpus
39724867,non_specialty_only,corpus
39718517,non_specialty_only,corpus
39689522,non_specialty_only,corpus
39689500,non_specialty_only,corpus
39680967,non_specialty_only,corpus
39658740,non_specialty_only,corpus
39655640,non_specialty_only,corpus
39648687,non_specialty_only,corpus
39642171,non_specialty_only,corpus
39638618,non_specialty_only,corpus
39637458,non_specialty_only,corpus
39632423,non_specialty_only,corpus
39622215,non_specialty_only,corpus
39622207,non_specialty_only,corpus
39609462,non_specialty_only,corpus
39593720,non_specialty_only,corpus
39582388,non_specialty_only,corpus
39579664,non_specialty_only,corpus
39577206,non_specialty_only,corpus
39576322,non_specialty_only,corpus
39575795,non_specialty_only,corpus
39573895,non_specialty_only,corpus
39572649,non_specialty_only,corpus
39568702,non_specialty_only,corpus
39564076,non_specialty_only,corpus
39555437,non_specialty_only,corpus
39547075,non_specialty_only,corpus
39545816,non_specialty_only,corpus
39544621,non_specialty_only,corpus
39537775,non_specialty_only,corpus
39536401,non_specialty_only,corpus
39505992,non_specialty_only,corpus
39501808,non_specialty_only,corpus
39472391,non_specialty_only,corpus
39467376,non_specialty_only,corpus
39462483,non_specialty_only,corpus
39451609,non_specialty_only,corpus
39446141,non_specialty_only,corpus
39424227,non_specialty_only,corpus
39398448,non_specialty_only,corpus
39395346,non_specialty_only,corpus
39381041,non_specialty_only,corpus
39370601,non_specialty_only,corpus
39369043,non_specialty_only,corpus
39354294,non_specialty_only,corpus
39356369,non_specialty_only,corpus
39351968,non_specialty_only,corpus
39347933,non_specialty_only,corpus
39342011,non_specialty_only,corpus
39322799,non_specialty_only,corpus
39320133,non_specialty_only,corpus
39317205,non_specialty_only,corpus
39316997,non_specialty_only,corpus
39303447,non_specialty_only,corpus
39300434,non_specialty_only,corpus
39299304,non_specialty_only,corpus
39298861,non_specialty_only,corpus
39253814,non_specialty_only,corpus
39247718,non_specialty_only,corpus
39231883,non_specialty_only,corpus
39227537,non_specialty_only,corpus
39226775,non_specialty_only,corpus
39221858,non_specialty_only,corpus
39217816,non_specialty_only,corpus
39216343,non_specialty_only,corpus
39189182,non_specialty_only,corpus
39187551,non_specialty_only,corpus
39153491,non_specialty_only,corpus
39153395,non_specialty_only,corpus
39147886,non_specialty_only,corpus
39145263,non_specialty_only,corpus
39142857,non_specialty_only,corpus
39106418,non_specialty_only,corpus
39097960,non_specialty_only,corpus
39096844,non_specialty_only,corpus
39095688,non_specialty_only,corpus
39090504,non_specialty_only,corpus
39088883,non_specialty_only,corpus
39079410,non_specialty_only,corpus
39069204,non_specialty_only,corpus
39068926,non_specialty_only,corpus
39039669,non_specialty_only,corpus
39037669,non_specialty_only,corpus
39021922,non_specialty_only,corpus
39004833,non_specialty_only,corpus
39004048,non_specialty_only,corpus
38983953,non_specialty_only,corpus
38981027,non_specialty_only,corpus
38970747,non_specialty_only,corpus
38969765,non_specialty_only,corpus
38968023,non_specialty_only,corpus
38964478,non_specialty_only,corpus
38963037,non_specialty_only,corpus
38955358,non_specialty_only,corpus
38954569,non_specialty_only,corpus
38954175,non_specialty_only,corpus
38942330,non_specialty_only,corpus
38942155,non_specialty_only,corpus
38926431,non_specialty_only,corpus
38925085,non_specialty_only,corpus
38914956,non_specialty_only,corpus
38913520,non_specialty_only,corpus
38909844,non_specialty_only,corpus
38905895,non_specialty_only,corpus
38893263,non_specialty_only,corpus
38886204,non_specialty_only,corpus
38879044,non_specialty_only,corpus
38877795,non_specialty_only,corpus
38876773,non_specialty_only,corpus
38860699,non_specialty_only,corpus
38858280,non_specialty_only,corpus
38850247,non_specialty_only,corpus
38849649,non_specialty_only,corpus
38833025,non_specialty_only,corpus
38809338,non_specialty_only,corpus
38803144,non_specialty_only,corpus
38801129,non_specialty_only,corpus
38800533,non_specialty_only,corpus
38797498,non_specialty_only,corpus
38796533,non_specialty_only,corpus
38792544,non_specialty_only,corpus
38781640,non_specialty_only,corpus
38779905,non_specialty_only,corpus
38778219,non_specialty_only,corpus
38774861,non_specialty_only,corpus
38761501,non_specialty_only,corpus
38749327,non_specialty_only,corpus
38744557,non_specialty_only,corpus
38742379,non_specialty_only,corpus
38734714,non_specialty_only,corpus
38723436,non_specialty_only,corpus
38722750,non_specialty_only,corpus
38714018,non_specialty_only,corpus
38713522,non_specialty_only,corpus
38710744,non_specialty_only,corpus
38701517,non_specialty_only,corpus
38696032,non_specialty_only,corpus
38691269,non_specialty_only,corpus
38679633,non_specialty_only,corpus
38671336,non_specialty_only,corpus
38663349,non_specialty_only,corpus
38661528,non_specialty_only,corpus
38653997,non_specialty_only,corpus
38653910,non_specialty_only,corpus
38653880,non_specialty_only,corpus
38650443,non_specialty_only,corpus
38636819,non_specialty_only,corpus
38634154,non_specialty_only,corpus
38590699,non_specialty_only,corpus
38589979,non_specialty_only,corpus
38585417,non_specialty_only,corpus
38551396,non_specialty_only,corpus
38550365,non_specialty_only,corpus
38513834,non_specialty_only,corpus
38512890,non_specialty_only,corpus
38509826,non_specialty_only,corpus
38507348,non_specialty_only,corpus
38493598,non_specialty_only,corpus
38485963,non_specialty_only,corpus
38471184,non_specialty_only,corpus
38470573,non_specialty_only,corpus
38435616,non_specialty_only,corpus
38430100,non_specialty_only,corpus
38424030,non_specialty_only,corpus
38418774,non_specialty_only,corpus
38411348,non_specialty_only,corpus
38409610,non_specialty_only,corpus
38402085,non_specialty_only,corpus
38400815,non_specialty_only,corpus
38374643,non_specialty_only,corpus
38343250,non_specialty_only,corpus
38332404,non_specialty_only,corpus
38325216,non_specialty_only,corpus
38320340,non_specialty_only,corpus
38297955,non_specialty_only,corpus
38271352,non_specialty_only,corpus
38256350,non_specialty_only,corpus
38241717,non_specialty_only,corpus
38234043,non_specialty_only,corpus
38231164,non_specialty_only,corpus
38224384,non_specialty_only,corpus
38205577,non_specialty_only,corpus
38199280,non_specialty_only,corpus
38193866,non_specialty_only,corpus
38181888,non_specialty_only,corpus
38174772,non_specialty_only,corpus
38117641,non_specialty_only,corpus
37988279,non_specialty_only,corpus
37983159,non_specialty_only,corpus
37881084,non_specialty_only,corpus
37874706,non_specialty_only,corpus
37028330,non_specialty_only,corpus
35635817,non_specialty_only,corpus
41601790,non_specialty_only,corpus
41409574,non_specialty_only,corpus
41341935,non_specialty_only,corpus
40965023,non_specialty_only,corpus
40929467,non_specialty_only,corpus
40800693,non_specialty_only,corpus
40678070,non_specialty_only,corpus
40608748,non_specialty_only,corpus
40556680,non_specialty_only,corpus
40440412,non_specialty_only,corpus
40424342,non_specialty_only,corpus
40184395,non_specialty_only,corpus
40110752,non_specialty_only,corpus
40109314,non_specialty_only,corpus
39995737,non_specialty_only,corpus
39943236,non_specialty_only,corpus
39884307,non_specialty_only,corpus
39883898,non_specialty_only,corpus
39863646,non_specialty_only,corpus
39860819,non_specialty_only,corpus
39854715,non_specialty_only,corpus
39848295,non_specialty_only,corpus
39847953,non_specialty_only,corpus
39833353,non_specialty_only,corpus
39827999,non_specialty_only,corpus
39821781,non_specialty_only,corpus
39820368,non_specialty_only,corpus
39806282,non_specialty_only,corpus
39798699,non_specialty_only,corpus
39793349,non_specialty_only,corpus
39779772,non_specialty_only,corpus
39776302,non_specialty_only,corpus
39753827,non_specialty_only,corpus
39749388,non_specialty_only,corpus
39747936,non_specialty_only,corpus
39744490,non_specialty_only,corpus
39744229,non_specialty_only,corpus
39302772,non_specialty_only,corpus
39120989,non_specialty_only,corpus
40075619,non_specialty_only,corpus
40073580,non_specialty_only,corpus
40020636,non_specialty_only,corpus
40019333,non_specialty_only,corpus
40015211,non_specialty_only,corpus
40011590,non_specialty_only,corpus
39993574,non_specialty_only,corpus
39987704,non_specialty_only,corpus
39984529,non_specialty_only,corpus
39983942,non_specialty_only,corpus
39983372,non_specialty_only,corpus
39973351,non_specialty_only,corpus
39966538,non_specialty_only,corpus
39962226,non_specialty_only,corpus
39934265,non_specialty_only,corpus
39933729,non_specialty_only,corpus
39928093,non_specialty_only,corpus
39926213,non_specialty_only,corpus
39920179,non_specialty_only,corpus
39919469,non_specialty_only,corpus
39918317,non_specialty_only,corpus
39904047,non_specialty_only,corpus
39446534,non_specialty_only,corpus
40291220,non_specialty_only,corpus
40168807,non_specialty_only,corpus
40165262,non_specialty_only,corpus
40116774,non_specialty_only,corpus
40116287,non_specialty_only,corpus
40110550,non_specialty_only,corpus
40090971,non_specialty_only,corpus
40088572,non_specialty_only,corpus
40055411,non_specialty_only,corpus
40021731,non_specialty_only,corpus
40951463,non_specialty_only,corpus
40793398,non_specialty_only,corpus
40311921,non_specialty_only,corpus
40306886,non_specialty_only,corpus
40289474,non_specialty_only,corpus
40280774,non_specialty_only,corpus
40277295,non_specialty_only,corpus
40254547,non_specialty_only,corpus
40253842,non_specialty_only,corpus
40252816,non_specialty_only,corpus
40248066,non_specialty_only,corpus
40218255,non_specialty_only,corpus
40184849,non_specialty_only,corpus
39947910,non_specialty_only,corpus
41724545,non_specialty_only,corpus
40851938,non_specialty_only,corpus
40839924,non_specialty_only,corpus
40581423,non_specialty_only,corpus
40450966,non_specialty_only,corpus
40437403,non_specialty_only,corpus
40399535,non_specialty_only,corpus
40399272,non_specialty_only,corpus
40382804,non_specialty_only,corpus
40380745,non_specialty_only,corpus
40367737,non_specialty_only,corpus
40359866,non_specialty_only,corpus
40349525,non_specialty_only,corpus
40339039,non_specialty_only,corpus
40314710,non_specialty_only,corpus
40136310,non_specialty_only,corpus
40136266,non_specialty_only,corpus
39848769,non_specialty_only,corpus
40580098,non_specialty_only,corpus
40579145,non_specialty_only,corpus
40578470,non_specialty_only,corpus
40570865,non_specialty_only,corpus
40564804,non_specialty_only,corpus
40562067,non_specialty_only,corpus
40561935,non_specialty_only,corpus
40506759,non_specialty_only,corpus
40497384,non_specialty_only,corpus
40481209,non_specialty_only,corpus
40476369,non_specialty_only,corpus
40466092,non_specialty_only,corpus
40452611,non_specialty_only,corpus
37906497,non_specialty_only,corpus
42028250,non_specialty_only,corpus
41337192,non_specialty_only,corpus
41337015,non_specialty_only,corpus
41337006,non_specialty_only,corpus
41336747,non_specialty_only,corpus
41336683,non_specialty_only,corpus
41336377,non_specialty_only,corpus
41336126,non_specialty_only,corpus
41336044,non_specialty_only,corpus
41335934,non_specialty_only,corpus
41335721,non_specialty_only,corpus
41093474,non_specialty_only,corpus
40835362,non_specialty_only,corpus
40807817,non_specialty_only,corpus
40777412,non_specialty_only,corpus
40726594,non_specialty_only,corpus
40706032,non_specialty_only,corpus
40701400,non_specialty_only,corpus
40683068,non_specialty_only,corpus
40675599,non_specialty_only,corpus
40665235,non_specialty_only,corpus
40652759,non_specialty_only,corpus
40634730,non_specialty_only,corpus
40633804,non_specialty_only,corpus
40632312,non_specialty_only,corpus
40629062,non_specialty_only,corpus
40622222,non_specialty_only,corpus
40613652,non_specialty_only,corpus
40609495,non_specialty_only,corpus
40597254,non_specialty_only,corpus
40596500,non_specialty_only,corpus
40594813,non_specialty_only,corpus
40594784,non_specialty_only,corpus
40594676,non_specialty_only,corpus
40594308,non_specialty_only,corpus
40594084,non_specialty_only,corpus
39992688,non_specialty_only,corpus
39450640,non_specialty_only,corpus
41724537,non_specialty_only,corpus
40912058,non_specialty_only,corpus
40876751,non_specialty_only,corpus
40876416,non_specialty_only,corpus
40874991,non_specialty_only,corpus
40869672,non_specialty_only,corpus
40855254,non_specialty_only,corpus
40857848,non_specialty_only,corpus
40849708,non_specialty_only,corpus
40840463,non_specialty_only,corpus
40839961,non_specialty_only,corpus
40825981,non_specialty_only,corpus
40818168,non_specialty_only,corpus
40803055,non_specialty_only,corpus
40782269,non_specialty_only,corpus
40775463,non_specialty_only,corpus
40266865,non_specialty_only,corpus
41244656,non_specialty_only,corpus
41155731,non_specialty_only,corpus
41133049,non_specialty_only,corpus
41075424,non_specialty_only,corpus
41029674,non_specialty_only,corpus
41028759,non_specialty_only,corpus
41021995,non_specialty_only,corpus
41013565,non_specialty_only,corpus
41007844,non_specialty_only,corpus
40998913,non_specialty_only,corpus
40993107,non_specialty_only,corpus
40992689,non_specialty_only,corpus
40967148,non_specialty_only,corpus
40960587,non_specialty_only,corpus
40960131,non_specialty_only,corpus
40939263,non_specialty_only,corpus
40935589,non_specialty_only,corpus
40927515,non_specialty_only,corpus
40900360,non_specialty_only,corpus
40897750,non_specialty_only,corpus
40892102,non_specialty_only,corpus
40892023,non_specialty_only,corpus
40890219,non_specialty_only,corpus
40825359,non_specialty_only,corpus
39141465,non_specialty_only,corpus
42394885,non_specialty_only,corpus
41228240,non_specialty_only,corpus
41226038,non_specialty_only,corpus
41189189,non_specialty_only,corpus
41180983,non_specialty_only,corpus
41173911,non_specialty_only,corpus
41162506,non_specialty_only,corpus
41162437,non_specialty_only,corpus
41149229,non_specialty_only,corpus
41127892,non_specialty_only,corpus
41118533,non_specialty_only,corpus
41110579,non_specialty_only,corpus
41109970,non_specialty_only,corpus
41099819,non_specialty_only,corpus
41096145,non_specialty_only,corpus
41095734,non_specialty_only,corpus
41092720,non_specialty_only,corpus
41085353,non_specialty_only,corpus
41085153,non_specialty_only,corpus
41074636,non_specialty_only,corpus
41062762,non_specialty_only,corpus
41061578,non_specialty_only,corpus
41060469,non_specialty_only,corpus
41056995,non_specialty_only,corpus
41053203,non_specialty_only,corpus
41051517,non_specialty_only,corpus
41043135,non_specialty_only,corpus
41034439,non_specialty_only,corpus
41032470,non_specialty_only,corpus
40933945,non_specialty_only,corpus
40914178,non_specialty_only,corpus
40465821,non_specialty_only,corpus
41409960,non_specialty_only,corpus
41374433,non_specialty_only,corpus
41356523,non_specialty_only,corpus
41318765,non_specialty_only,corpus
41315984,non_specialty_only,corpus
41315603,non_specialty_only,corpus
41312916,non_specialty_only,corpus
41312911,non_specialty_only,corpus
41309958,non_specialty_only,corpus
41306095,non_specialty_only,corpus
41287376,non_specialty_only,corpus
41285940,non_specialty_only,corpus
41266780,non_specialty_only,corpus
41264800,non_specialty_only,corpus
41263849,non_specialty_only,corpus
41252887,non_specialty_only,corpus
41252160,non_specialty_only,corpus
41249393,non_specialty_only,corpus
41240487,non_specialty_only,corpus
41239886,non_specialty_only,corpus
41239807,non_specialty_only,corpus
41237464,non_specialty_only,corpus
41237411,non_specialty_only,corpus
41223629,non_specialty_only,corpus
41222472,non_specialty_only,corpus
41204550,non_specialty_only,corpus
41198712,non_specialty_only,corpus
41193917,non_specialty_only,corpus
41178745,non_specialty_only,corpus
41145979,non_specialty_only,corpus
41144809,non_specialty_only,corpus
40489267,non_specialty_only,corpus
42102630,non_specialty_only,corpus
41948157,non_specialty_only,corpus
41589179,non_specialty_only,corpus
41506794,non_specialty_only,corpus
41479762,non_specialty_only,corpus
41479752,non_specialty_only,corpus
41471644,non_specialty_only,corpus
41471519,non_specialty_only,corpus
41470188,non_specialty_only,corpus
41461702,non_specialty_only,corpus
41449289,non_specialty_only,corpus
41433364,non_specialty_only,corpus
41430366,non_specialty_only,corpus
41420437,non_specialty_only,corpus
41410798,non_specialty_only,corpus
41406351,non_specialty_only,corpus
41389144,non_specialty_only,corpus
41387901,non_specialty_only,corpus
41382079,non_specialty_only,corpus
41380836,non_specialty_only,corpus
41372061,non_specialty_only,corpus
41355746,non_specialty_only,corpus
41350716,non_specialty_only,corpus
41340081,non_specialty_only,corpus
41339470,non_specialty_only,corpus
41306077,non_specialty_only,corpus
40663685,non_specialty_only,corpus
42663785,non_specialty_only,corpus
42663684,non_specialty_only,corpus
42659836,non_specialty_only,corpus
42656116,non_specialty_only,corpus
42651074,non_specialty_only,corpus
42649922,non_specialty_only,corpus
42646592,non_specialty_only,corpus
42645587,non_specialty_only,corpus
42642171,non_specialty_only,corpus
42638554,non_specialty_only,corpus
42615559,non_specialty_only,corpus
42601683,non_specialty_only,corpus
42590505,non_specialty_only,corpus
42587049,non_specialty_only,corpus
42576506,non_specialty_only,corpus
42575119,non_specialty_only,corpus
42570167,non_specialty_only,corpus
42563272,non_specialty_only,corpus
42557285,non_specialty_only,corpus
42553759,non_specialty_only,corpus
42539910,non_specialty_only,corpus
42534381,non_specialty_only,corpus
42529332,non_specialty_only,corpus
42509491,non_specialty_only,corpus
42504357,non_specialty_only,corpus
42497140,non_specialty_only,corpus
42492159,non_specialty_only,corpus
42478994,non_specialty_only,corpus
42476531,non_specialty_only,corpus
42462747,non_specialty_only,corpus
42449689,non_specialty_only,corpus
42449634,non_specialty_only,corpus
42425051,non_specialty_only,corpus
42418215,non_specialty_only,corpus
42417446,non_specialty_only,corpus
42393995,non_specialty_only,corpus
42390624,non_specialty_only,corpus
42381323,non_specialty_only,corpus
42376806,non_specialty_only,corpus
42368966,non_specialty_only,corpus
42368306,non_specialty_only,corpus
42366432,non_specialty_only,corpus
42366012,non_specialty_only,corpus
42363424,non_specialty_only,corpus
42362307,non_specialty_only,corpus
42361398,non_specialty_only,corpus
42351305,non_specialty_only,corpus
42344405,non_specialty_only,corpus
42344388,non_specialty_only,corpus
42341436,non_specialty_only,corpus
42340682,non_specialty_only,corpus
42340103,non_specialty_only,corpus
42334317,non_specialty_only,corpus
42330836,non_specialty_only,corpus
42313159,non_specialty_only,corpus
42304848,non_specialty_only,corpus
42302811,non_specialty_only,corpus
42298779,non_specialty_only,corpus
42295933,non_specialty_only,corpus
42291376,non_specialty_only,corpus
42280900,non_specialty_only,corpus
42279333,non_specialty_only,corpus
42279322,non_specialty_only,corpus
42277538,non_specialty_only,corpus
42276585,non_specialty_only,corpus
42271319,non_specialty_only,corpus
42261304,non_specialty_only,corpus
42251050,non_specialty_only,corpus
42247432,non_specialty_only,corpus
42238136,non_specialty_only,corpus
42234423,non_specialty_only,corpus
42206801,non_specialty_only,corpus
42202764,non_specialty_only,corpus
42201055,non_specialty_only,corpus
42189324,non_specialty_only,corpus
42187881,non_specialty_only,corpus
42180732,non_specialty_only,corpus
42174819,non_specialty_only,corpus
42174488,non_specialty_only,corpus
42173135,non_specialty_only,corpus
42173131,non_specialty_only,corpus
42162031,non_specialty_only,corpus
42161288,non_specialty_only,corpus
42151221,non_specialty_only,corpus
42147747,non_specialty_only,corpus
42145688,non_specialty_only,corpus
42122437,non_specialty_only,corpus
42122035,non_specialty_only,corpus
42115199,non_specialty_only,corpus
42103307,non_specialty_only,corpus
42102852,non_specialty_only,corpus
42100909,non_specialty_only,corpus
42097060,non_specialty_only,corpus
42090198,non_specialty_only,corpus
42072570,non_specialty_only,corpus
42068249,non_specialty_only,corpus
42067634,non_specialty_only,corpus
42049526,non_specialty_only,corpus
42026695,non_specialty_only,corpus
42017436,non_specialty_only,corpus
42014488,non_specialty_only,corpus
42002581,non_specialty_only,corpus
41970442,non_specialty_only,corpus
41969554,non_specialty_only,corpus
41957932,non_specialty_only,corpus
41942573,non_specialty_only,corpus
41942550,non_specialty_only,corpus
41941514,non_specialty_only,corpus
41928839,non_specialty_only,corpus
41927887,non_specialty_only,corpus
41925624,non_specialty_only,corpus
41913512,non_specialty_only,corpus
41909432,non_specialty_only,corpus
41901934,non_specialty_only,corpus
41897565,non_specialty_only,corpus
41890861,non_specialty_only,corpus
41888268,non_specialty_only,corpus
41880273,non_specialty_only,corpus
41879756,non_specialty_only,corpus
41867352,non_specialty_only,corpus
41865087,non_specialty_only,corpus
41856056,non_specialty_only,corpus
41855436,non_specialty_only,corpus
41849365,non_specialty_only,corpus
41826548,non_specialty_only,corpus
41815037,non_specialty_only,corpus
41806788,non_specialty_only,corpus
41805755,non_specialty_only,corpus
41803471,non_specialty_only,corpus
41803376,non_specialty_only,corpus
41802357,non_specialty_only,corpus
41797458,non_specialty_only,corpus
41793845,non_specialty_only,corpus
41787197,non_specialty_only,corpus
41786773,non_specialty_only,corpus
41785509,non_specialty_only,corpus
41781590,non_specialty_only,corpus
41779243,non_specialty_only,corpus
41776133,non_specialty_only,corpus
41769045,non_specialty_only,corpus
41739311,non_specialty_only,corpus
41736182,non_specialty_only,corpus
41706333,non_specialty_only,corpus
41696998,non_specialty_only,corpus
41691750,non_specialty_only,corpus
41681786,non_specialty_only,corpus
41678150,non_specialty_only,corpus
41675336,non_specialty_only,corpus
41654587,non_specialty_only,corpus
41654513,non_specialty_only,corpus
41642223,non_specialty_only,corpus
41640959,non_specialty_only,corpus
41639248,non_specialty_only,corpus
41632227,non_specialty_only,corpus
41630445,non_specialty_only,corpus
41624622,non_specialty_only,corpus
41621228,non_specialty_only,corpus
41609210,non_specialty_only,corpus
41605505,non_specialty_only,corpus
41595633,non_specialty_only,corpus
41594334,non_specialty_only,corpus
41588030,non_specialty_only,corpus
41587250,non_specialty_only,corpus
41581326,non_specialty_only,corpus
41579557,non_specialty_only,corpus
41574558,non_specialty_only,corpus
41567499,non_specialty_only,corpus
41563136,non_specialty_only,corpus
41562124,non_specialty_only,corpus
41558310,non_specialty_only,corpus
41548988,non_specialty_only,corpus
41544780,non_specialty_only,corpus
41544502,non_specialty_only,corpus
41534867,non_specialty_only,corpus
41532990,non_specialty_only,corpus
41530389,non_specialty_only,corpus
41530223,non_specialty_only,corpus
41490767,non_specialty_only,corpus
41484458,non_specialty_only,corpus
41459741,non_specialty_only,corpus
41429053,non_specialty_only,corpus
41423685,non_specialty_only,corpus
41370219,non_specialty_only,corpus
41183492,non_specialty_only,corpus
41021929,non_specialty_only,corpus
40907050,non_specialty_only,corpus
40601462,non_specialty_only,corpus
40504714,non_specialty_only,corpus
40489276,non_specialty_only,corpus
27302506,secondary_publication_type,panel_a
26731898,secondary_publication_type,panel_a
26652979,secondary_publication_type,panel_a
26640347,secondary_publication_type,panel_a
26616209,secondary_publication_type,panel_a
26592351,secondary_publication_type,panel_a
26581149,secondary_publication_type,panel_a
26571818,secondary_publication_type,panel_a
26541128,secondary_publication_type,panel_a
26411949,secondary_publication_type,panel_a
26391573,secondary_publication_type,panel_a
26197791,secondary_publication_type,panel_a
26164603,secondary_publication_type,panel_a
26068757,secondary_publication_type,panel_a
25868623,secondary_publication_type,panel_a
25848923,secondary_publication_type,panel_a
25846445,secondary_publication_type,panel_a
25747341,secondary_publication_type,panel_a
25723599,secondary_publication_type,panel_a
25658477,secondary_publication_type,panel_a
27125126,secondary_publication_type,panel_a
26995978,secondary_publication_type,panel_a
25430530,secondary_publication_type,panel_a
28105470,secondary_publication_type,panel_a
28098934,secondary_publication_type,panel_a
28004981,secondary_publication_type,panel_a
27979318,secondary_publication_type,panel_a
27936886,secondary_publication_type,panel_a
27885836,secondary_publication_type,panel_a
27863190,secondary_publication_type,panel_a
27807748,secondary_publication_type,panel_a
27663257,secondary_publication_type,panel_a
27241666,secondary_publication_type,panel_a
27761297,secondary_publication_type,panel_a
27742114,secondary_publication_type,panel_a
27742112,secondary_publication_type,panel_a
27742105,secondary_publication_type,panel_a
27656117,secondary_publication_type,panel_a
27648166,secondary_publication_type,panel_a
27638103,secondary_publication_type,panel_a
27593252,secondary_publication_type,panel_a
27569440,secondary_publication_type,panel_a
27553465,secondary_publication_type,panel_a
27541161,secondary_publication_type,panel_a
27528421,secondary_publication_type,panel_a
29714922,secondary_publication_type,panel_a
27446888,secondary_publication_type,panel_a
27305342,secondary_publication_type,panel_a
27269645,secondary_publication_type,panel_a
27250817,secondary_publication_type,panel_a
27245137,secondary_publication_type,panel_a
27214660,secondary_publication_type,panel_a
27133005,secondary_publication_type,panel_a
27114900,secondary_publication_type,panel_a
27101207,secondary_publication_type,panel_a
27043951,secondary_publication_type,panel_a
30191034,secondary_publication_type,panel_a
27017136,secondary_publication_type,panel_a
26963114,secondary_publication_type,panel_a
26954046,secondary_publication_type,panel_a
26954044,secondary_publication_type,panel_a
26893136,secondary_publication_type,panel_a
26878802,secondary_publication_type,panel_a
28428495,secondary_publication_type,panel_a
28428494,secondary_publication_type,panel_a
26703805,secondary_publication_type,panel_a
29982757,secondary_publication_type,panel_a
29942396,secondary_publication_type,panel_a
29745591,secondary_publication_type,panel_a
29662557,secondary_publication_type,panel_a
29463985,secondary_publication_type,panel_a
29428074,secondary_publication_type,panel_a
29362150,secondary_publication_type,panel_a
29362138,secondary_publication_type,panel_a
29290259,secondary_publication_type,panel_a
29248294,secondary_publication_type,panel_a
29189329,secondary_publication_type,panel_a
29175982,secondary_publication_type,panel_a
29175265,secondary_publication_type,panel_a
29166151,secondary_publication_type,panel_a
29114182,secondary_publication_type,panel_a
29107353,secondary_publication_type,panel_a
29103474,secondary_publication_type,panel_a
29097379,secondary_publication_type,panel_a
29095543,secondary_publication_type,panel_a
30657374,secondary_publication_type,panel_a
29063550,secondary_publication_type,panel_a
29063549,secondary_publication_type,panel_a
29055897,secondary_publication_type,panel_a
29031836,secondary_publication_type,panel_a
28989109,secondary_publication_type,panel_a
28982791,secondary_publication_type,panel_a
28981352,secondary_publication_type,panel_a
28975929,secondary_publication_type,panel_a
28927305,secondary_publication_type,panel_a
28915902,secondary_publication_type,panel_a
28898194,secondary_publication_type,panel_a
28898189,secondary_publication_type,panel_a
28876221,secondary_publication_type,panel_a
28869399,secondary_publication_type,panel_a
28865968,secondary_publication_type,panel_a
28861708,secondary_publication_type,panel_a
28860219,secondary_publication_type,panel_a
28841802,secondary_publication_type,panel_a
28816643,secondary_publication_type,panel_a
28723286,secondary_publication_type,panel_a
28717412,secondary_publication_type,panel_a
28711211,secondary_publication_type,panel_a
28690126,secondary_publication_type,panel_a
28687979,secondary_publication_type,panel_a
28668428,secondary_publication_type,panel_a
28641699,secondary_publication_type,panel_a
28597119,secondary_publication_type,panel_a
28595812,secondary_publication_type,panel_a
28556293,secondary_publication_type,panel_a
28552131,secondary_publication_type,panel_a
28507240,secondary_publication_type,panel_a
28495010,secondary_publication_type,panel_a
28473865,secondary_publication_type,panel_a
28451825,secondary_publication_type,panel_a
28437602,secondary_publication_type,panel_a
28435432,secondary_publication_type,panel_a
28433591,secondary_publication_type,panel_a
28417933,secondary_publication_type,panel_a
28390536,secondary_publication_type,panel_a
28349351,secondary_publication_type,panel_a
28347448,secondary_publication_type,panel_a
28336974,secondary_publication_type,panel_a
28331828,secondary_publication_type,panel_a
28325452,secondary_publication_type,panel_a
28315069,secondary_publication_type,panel_a
28302330,secondary_publication_type,panel_a
28277832,secondary_publication_type,panel_a
28263047,secondary_publication_type,panel_a
28254095,secondary_publication_type,panel_a
28231582,secondary_publication_type,panel_a
28231035,secondary_publication_type,panel_a
28222333,secondary_publication_type,panel_a
28211015,secondary_publication_type,panel_a
28185647,secondary_publication_type,panel_a
28185635,secondary_publication_type,panel_a
28168275,secondary_publication_type,panel_a
28095021,secondary_publication_type,panel_a
28079714,secondary_publication_type,panel_a
28070777,secondary_publication_type,panel_a
27770161,secondary_publication_type,panel_a
30885330,secondary_publication_type,panel_a
30691672,secondary_publication_type,panel_a
30627231,secondary_publication_type,panel_a
30627019,secondary_publication_type,panel_a
30613284,secondary_publication_type,panel_a
30583338,secondary_publication_type,panel_a
30581287,secondary_publication_type,panel_a
30573283,secondary_publication_type,panel_a
30561277,secondary_publication_type,panel_a
30557052,secondary_publication_type,panel_a
30555254,secondary_publication_type,panel_a
30555113,secondary_publication_type,panel_a
30555018,secondary_publication_type,panel_a
30535638,secondary_publication_type,panel_a
30532667,secondary_publication_type,panel_a
30529598,secondary_publication_type,panel_a
30528289,secondary_publication_type,panel_a
30511939,secondary_publication_type,panel_a
30498877,secondary_publication_type,panel_a
30482597,secondary_publication_type,panel_a
30470933,secondary_publication_type,panel_a
30457487,secondary_publication_type,panel_a
30455615,secondary_publication_type,panel_a
30453459,secondary_publication_type,panel_a
30441889,secondary_publication_type,panel_a
30425367,secondary_publication_type,panel_a
30422761,secondary_publication_type,panel_a
30422715,secondary_publication_type,panel_a
30422711,secondary_publication_type,panel_a
30415174,secondary_publication_type,panel_a
30412421,secondary_publication_type,panel_a
30403523,secondary_publication_type,panel_a
30402486,secondary_publication_type,panel_a
30390383,secondary_publication_type,panel_a
33500999,secondary_publication_type,panel_a
30383900,secondary_publication_type,panel_a
30383454,secondary_publication_type,panel_a
30375934,secondary_publication_type,panel_a
30374837,secondary_publication_type,panel_a
30370508,secondary_publication_type,panel_a
30363524,secondary_publication_type,panel_a
30363462,secondary_publication_type,panel_a
30353870,secondary_publication_type,panel_a
30350177,secondary_publication_type,panel_a
30349367,secondary_publication_type,panel_a
30345104,secondary_publication_type,panel_a
30342246,secondary_publication_type,panel_a
30332296,secondary_publication_type,panel_a
30325279,secondary_publication_type,panel_a
30322481,secondary_publication_type,panel_a
30306471,secondary_publication_type,panel_a
30302536,secondary_publication_type,panel_a
30291656,secondary_publication_type,panel_a
30277444,secondary_publication_type,panel_a
30253380,secondary_publication_type,panel_a
30244720,secondary_publication_type,panel_a
30239461,secondary_publication_type,panel_a
30231314,secondary_publication_type,panel_a
30221801,secondary_publication_type,panel_a
30216858,secondary_publication_type,panel_a
30206495,secondary_publication_type,panel_a
30201975,secondary_publication_type,panel_a
30195423,secondary_publication_type,panel_a
30191856,secondary_publication_type,panel_a
30191732,secondary_publication_type,panel_a
30170872,secondary_publication_type,panel_a
30170101,secondary_publication_type,panel_a
30149621,secondary_publication_type,panel_a
30143386,secondary_publication_type,panel_a
30140854,secondary_publication_type,panel_a
30133035,secondary_publication_type,panel_a
30125150,secondary_publication_type,panel_a
30101396,secondary_publication_type,panel_a
30064704,secondary_publication_type,panel_a
30054677,secondary_publication_type,panel_a
30050803,secondary_publication_type,panel_a
30050769,secondary_publication_type,panel_a
30050767,secondary_publication_type,panel_a
30035099,secondary_publication_type,panel_a
30030916,secondary_publication_type,panel_a
29996708,secondary_publication_type,panel_a
29990622,secondary_publication_type,panel_a
29953863,secondary_publication_type,panel_a
29948048,secondary_publication_type,panel_a
29947266,secondary_publication_type,panel_a
29940810,secondary_publication_type,panel_a
29938959,secondary_publication_type,panel_a
29931476,secondary_publication_type,panel_a
29930464,secondary_publication_type,panel_a
29926343,secondary_publication_type,panel_a
29923622,secondary_publication_type,panel_a
29916118,secondary_publication_type,panel_a
29907338,secondary_publication_type,panel_a
29905355,secondary_publication_type,panel_a
29869919,secondary_publication_type,panel_a
29869488,secondary_publication_type,panel_a
29861410,secondary_publication_type,panel_a
29859766,secondary_publication_type,panel_a
29782246,secondary_publication_type,panel_a
29780633,secondary_publication_type,panel_a
29779918,secondary_publication_type,panel_a
29777175,secondary_publication_type,panel_a
29741258,secondary_publication_type,panel_a
29740749,secondary_publication_type,panel_a
29728471,secondary_publication_type,panel_a
29710158,secondary_publication_type,panel_a
29710156,secondary_publication_type,panel_a
29681996,secondary_publication_type,panel_a
29679847,secondary_publication_type,panel_a
29676964,secondary_publication_type,panel_a
29665706,secondary_publication_type,panel_a
29629241,secondary_publication_type,panel_a
29606315,secondary_publication_type,panel_a
29602827,secondary_publication_type,panel_a
29581794,secondary_publication_type,panel_a
29581134,secondary_publication_type,panel_a
29565644,secondary_publication_type,panel_a
29551544,secondary_publication_type,panel_a
29548050,secondary_publication_type,panel_a
29546427,secondary_publication_type,panel_a
29527259,secondary_publication_type,panel_a
29521555,secondary_publication_type,panel_a
29515689,secondary_publication_type,panel_a
29512057,secondary_publication_type,panel_a
29511385,secondary_publication_type,panel_a
29488085,secondary_publication_type,panel_a
29482755,secondary_publication_type,panel_a
29450843,secondary_publication_type,panel_a
29448807,secondary_publication_type,panel_a
29430891,secondary_publication_type,panel_a
29428081,secondary_publication_type,panel_a
29415726,secondary_publication_type,panel_a
29406411,secondary_publication_type,panel_a
29396680,secondary_publication_type,panel_a
29396665,secondary_publication_type,panel_a
29395627,secondary_publication_type,panel_a
29392271,secondary_publication_type,panel_a
29344753,secondary_publication_type,panel_a
29338461,secondary_publication_type,panel_a
29308604,secondary_publication_type,panel_a
29300023,secondary_publication_type,panel_a
29288495,secondary_publication_type,panel_a
29254765,secondary_publication_type,panel_a
29251666,secondary_publication_type,panel_a
29047033,secondary_publication_type,panel_a
29047032,secondary_publication_type,panel_a
28993897,secondary_publication_type,panel_a
33323204,secondary_publication_type,panel_a
33178962,secondary_publication_type,panel_a
32903956,secondary_publication_type,panel_a
32240410,secondary_publication_type,panel_a
32051885,secondary_publication_type,panel_a
32038482,secondary_publication_type,panel_a
32008521,secondary_publication_type,panel_a
31975660,secondary_publication_type,panel_a
31968981,secondary_publication_type,panel_a
31947460,secondary_publication_type,panel_a
31935669,secondary_publication_type,panel_a
31920608,secondary_publication_type,panel_a
31920394,secondary_publication_type,panel_a
31884065,secondary_publication_type,panel_a
31867839,secondary_publication_type,panel_a
31853670,secondary_publication_type,panel_a
31846401,secondary_publication_type,panel_a
31846141,secondary_publication_type,panel_a
31841881,secondary_publication_type,panel_a
31839719,secondary_publication_type,panel_a
31838469,secondary_publication_type,panel_a
31825291,secondary_publication_type,panel_a
31824952,secondary_publication_type,panel_a
31822001,secondary_publication_type,panel_a
31821734,secondary_publication_type,panel_a
31806145,secondary_publication_type,panel_a
31795520,secondary_publication_type,panel_a
31794258,secondary_publication_type,panel_a
31786740,secondary_publication_type,panel_a
31786457,secondary_publication_type,panel_a
31786416,secondary_publication_type,panel_a
31783910,secondary_publication_type,panel_a
31781779,secondary_publication_type,panel_a
31781215,secondary_publication_type,panel_a
33778682,secondary_publication_type,panel_a
31775163,secondary_publication_type,panel_a
31763739,secondary_publication_type,panel_a
31762330,secondary_publication_type,panel_a
31761063,secondary_publication_type,panel_a
31754741,secondary_publication_type,panel_a
31746088,secondary_publication_type,panel_a
31743049,secondary_publication_type,panel_a
31742940,secondary_publication_type,panel_a
31742424,secondary_publication_type,panel_a
31739125,secondary_publication_type,panel_a
31734639,secondary_publication_type,panel_a
31718990,secondary_publication_type,panel_a
31714845,secondary_publication_type,panel_a
31709811,secondary_publication_type,panel_a
31706882,secondary_publication_type,panel_a
31701240,secondary_publication_type,panel_a
31698575,secondary_publication_type,panel_a
31691082,secondary_publication_type,panel_a
31690962,secondary_publication_type,panel_a
31686295,secondary_publication_type,panel_a
31682155,secondary_publication_type,panel_a
31676215,secondary_publication_type,panel_a
31670714,secondary_publication_type,panel_a
31668521,secondary_publication_type,panel_a
31668208,secondary_publication_type,panel_a
31661863,secondary_publication_type,panel_a
31632914,secondary_publication_type,panel_a
31630733,secondary_publication_type,panel_a
31617741,secondary_publication_type,panel_a
31613783,secondary_publication_type,panel_a
31613661,secondary_publication_type,panel_a
31609739,secondary_publication_type,panel_a
31596184,secondary_publication_type,panel_a
31568702,secondary_publication_type,panel_a
31564290,secondary_publication_type,panel_a
31561782,secondary_publication_type,panel_a
31557758,secondary_publication_type,panel_a
31550830,secondary_publication_type,panel_a
31549948,secondary_publication_type,panel_a
31545114,secondary_publication_type,panel_a
31538516,secondary_publication_type,panel_a
31530047,secondary_publication_type,panel_a
31527581,secondary_publication_type,panel_a
31527580,secondary_publication_type,panel_a
31527578,secondary_publication_type,panel_a
31526301,secondary_publication_type,panel_a
31525547,secondary_publication_type,panel_a
31524576,secondary_publication_type,panel_a
31523292,secondary_publication_type,panel_a
31520206,secondary_publication_type,panel_a
31504809,secondary_publication_type,panel_a
31500784,secondary_publication_type,panel_a
31500324,secondary_publication_type,panel_a
31499119,secondary_publication_type,panel_a
31493727,secondary_publication_type,panel_a
31492411,secondary_publication_type,panel_a
31492410,secondary_publication_type,panel_a
31492406,secondary_publication_type,panel_a
31492404,secondary_publication_type,panel_a
31486244,secondary_publication_type,panel_a
31481588,secondary_publication_type,panel_a
31480470,secondary_publication_type,panel_a
31475111,secondary_publication_type,panel_a
31473947,secondary_publication_type,panel_a
31469811,secondary_publication_type,panel_a
31467184,secondary_publication_type,panel_a
31465119,secondary_publication_type,panel_a
31456318,secondary_publication_type,panel_a
31450799,secondary_publication_type,panel_a
31441270,secondary_publication_type,panel_a
31432278,secondary_publication_type,panel_a
31429375,secondary_publication_type,panel_a
31429070,secondary_publication_type,panel_a
31416559,secondary_publication_type,panel_a
31415986,secondary_publication_type,panel_a
31399699,secondary_publication_type,panel_a
31398274,secondary_publication_type,panel_a
31396720,secondary_publication_type,panel_a
31395951,secondary_publication_type,panel_a
31393347,secondary_publication_type,panel_a
31392526,secondary_publication_type,panel_a
31389744,secondary_publication_type,panel_a
31386555,secondary_publication_type,panel_a
31385753,secondary_publication_type,panel_a
31375599,secondary_publication_type,panel_a
31371027,secondary_publication_type,panel_a
31354718,secondary_publication_type,panel_a
31350843,secondary_publication_type,panel_a
31347042,secondary_publication_type,panel_a
31344655,secondary_publication_type,panel_a
31343790,secondary_publication_type,panel_a
31324726,secondary_publication_type,panel_a
31322128,secondary_publication_type,panel_a
31319964,secondary_publication_type,panel_a
31316312,secondary_publication_type,panel_a
31310629,secondary_publication_type,panel_a
31304860,secondary_publication_type,panel_a
31304388,secondary_publication_type,panel_a
31302204,secondary_publication_type,panel_a
31292700,secondary_publication_type,panel_a
31290034,secondary_publication_type,panel_a
31276267,secondary_publication_type,panel_a
31272605,secondary_publication_type,panel_a
31262686,secondary_publication_type,panel_a
31260900,secondary_publication_type,panel_a
31257740,secondary_publication_type,panel_a
31256359,secondary_publication_type,panel_a
31254110,secondary_publication_type,panel_a
31253948,secondary_publication_type,panel_a
31249401,secondary_publication_type,panel_a
31240403,secondary_publication_type,panel_a
31238024,secondary_publication_type,panel_a
31238022,secondary_publication_type,panel_a
31214791,secondary_publication_type,panel_a
31211633,secondary_publication_type,panel_a
31207930,secondary_publication_type,panel_a
31202567,secondary_publication_type,panel_a
31200026,secondary_publication_type,panel_a
31200024,secondary_publication_type,panel_a
31199919,secondary_publication_type,panel_a
31194172,secondary_publication_type,panel_a
31190176,secondary_publication_type,panel_a
31183031,secondary_publication_type,panel_a
31177872,secondary_publication_type,panel_a
31175628,secondary_publication_type,panel_a
31173851,secondary_publication_type,panel_a
31165039,secondary_publication_type,panel_a
31162058,secondary_publication_type,panel_a
31137184,secondary_publication_type,panel_a
31122918,secondary_publication_type,panel_a
31112393,secondary_publication_type,panel_a
31108243,secondary_publication_type,panel_a
31108201,secondary_publication_type,panel_a
31093830,secondary_publication_type,panel_a
31092914,secondary_publication_type,panel_a
31092857,secondary_publication_type,panel_a
31092384,secondary_publication_type,panel_a
33178924,secondary_publication_type,panel_a
31073717,secondary_publication_type,panel_a
31071473,secondary_publication_type,panel_a
31066627,secondary_publication_type,panel_a
31065738,secondary_publication_type,panel_a
31063138,secondary_publication_type,panel_a
31056968,secondary_publication_type,panel_a
31055615,secondary_publication_type,panel_a
31051023,secondary_publication_type,panel_a
31050953,secondary_publication_type,panel_a
31049614,secondary_publication_type,panel_a
31046984,secondary_publication_type,panel_a
31044723,secondary_publication_type,panel_a
31041822,secondary_publication_type,panel_a
31024088,secondary_publication_type,panel_a
31022050,secondary_publication_type,panel_a
31019547,secondary_publication_type,panel_a
30999781,secondary_publication_type,panel_a
30998812,secondary_publication_type,panel_a
30975654,secondary_publication_type,panel_a
30963275,secondary_publication_type,panel_a
30962976,secondary_publication_type,panel_a
30962169,secondary_publication_type,panel_a
30956739,secondary_publication_type,panel_a
30951265,secondary_publication_type,panel_a
30918424,secondary_publication_type,panel_a
30917296,secondary_publication_type,panel_a
30911090,secondary_publication_type,panel_a
30898381,secondary_publication_type,panel_a
30898263,secondary_publication_type,panel_a
30892742,secondary_publication_type,panel_a
30886414,secondary_publication_type,panel_a
30867832,secondary_publication_type,panel_a
30858931,secondary_publication_type,panel_a
30850092,secondary_publication_type,panel_a
30842810,secondary_publication_type,panel_a
30842055,secondary_publication_type,panel_a
30842054,secondary_publication_type,panel_a
30842053,secondary_publication_type,panel_a
30835185,secondary_publication_type,panel_a
30828395,secondary_publication_type,panel_a
30824170,secondary_publication_type,panel_a
30819133,secondary_publication_type,panel_a
30803815,secondary_publication_type,panel_a
30802233,secondary_publication_type,panel_a
30802231,secondary_publication_type,panel_a
30801718,secondary_publication_type,panel_a
30790172,secondary_publication_type,panel_a
30788488,secondary_publication_type,panel_a
30772062,secondary_publication_type,panel_a
30762223,secondary_publication_type,panel_a
30759893,secondary_publication_type,panel_a
30721962,secondary_publication_type,panel_a
30720861,secondary_publication_type,panel_a
30718986,secondary_publication_type,panel_a
30711529,secondary_publication_type,panel_a
30693407,secondary_publication_type,panel_a
30691375,secondary_publication_type,panel_a
30669406,secondary_publication_type,panel_a
30667539,secondary_publication_type,panel_a
30667332,secondary_publication_type,panel_a
30667309,secondary_publication_type,panel_a
30664063,secondary_publication_type,panel_a
30658453,secondary_publication_type,panel_a
30621101,secondary_publication_type,panel_a
30620934,secondary_publication_type,panel_a
30620678,secondary_publication_type,panel_a
30617530,secondary_publication_type,panel_a
30601029,secondary_publication_type,panel_a
30569194,secondary_publication_type,panel_a
30468663,secondary_publication_type,panel_a
30466906,secondary_publication_type,panel_a
30466904,secondary_publication_type,panel_a
30411216,secondary_publication_type,panel_a
30387041,secondary_publication_type,panel_a
30179263,secondary_publication_type,panel_a
30116873,secondary_publication_type,panel_a
29926137,secondary_publication_type,panel_a
29730736,secondary_publication_type,panel_a
29659698,secondary_publication_type,panel_a
34927817,secondary_publication_type,panel_a
34791466,secondary_publication_type,panel_a
34595462,secondary_publication_type,panel_a
34191197,secondary_publication_type,panel_a
34172248,secondary_publication_type,panel_a
33854922,secondary_publication_type,panel_a
33779661,secondary_publication_type,panel_a
33779655,secondary_publication_type,panel_a
33778752,secondary_publication_type,panel_a
33778721,secondary_publication_type,panel_a
33778710,secondary_publication_type,panel_a
33746649,secondary_publication_type,panel_a
33634025,secondary_publication_type,panel_a
33619442,secondary_publication_type,panel_a
33584676,secondary_publication_type,panel_a
33575207,secondary_publication_type,panel_a
33571780,secondary_publication_type,panel_a
33544803,secondary_publication_type,panel_a
33521637,secondary_publication_type,panel_a
33509373,secondary_publication_type,panel_a
33509372,secondary_publication_type,panel_a
33509371,secondary_publication_type,panel_a
33509370,secondary_publication_type,panel_a
33453648,secondary_publication_type,panel_a
33447598,secondary_publication_type,panel_a
33447580,secondary_publication_type,panel_a
33447574,secondary_publication_type,panel_a
33409151,secondary_publication_type,panel_a
33408594,secondary_publication_type,panel_a
33387814,secondary_publication_type,panel_a
33383370,secondary_publication_type,panel_a
33381440,secondary_publication_type,panel_a
33374181,secondary_publication_type,panel_a
33364422,secondary_publication_type,panel_a
33355488,secondary_publication_type,panel_a
33349519,secondary_publication_type,panel_a
33344334,secondary_publication_type,panel_a
33343509,secondary_publication_type,panel_a
33341906,secondary_publication_type,panel_a
33336723,secondary_publication_type,panel_a
33336439,secondary_publication_type,panel_a
33334574,secondary_publication_type,panel_a
33334572,secondary_publication_type,panel_a
33334556,secondary_publication_type,panel_a
33328118,secondary_publication_type,panel_a
33328112,secondary_publication_type,panel_a
33328111,secondary_publication_type,panel_a
33326953,secondary_publication_type,panel_a
33308879,secondary_publication_type,panel_a
33307463,secondary_publication_type,panel_a
33305073,secondary_publication_type,panel_a
33304203,secondary_publication_type,panel_a
33291266,secondary_publication_type,panel_a
33290844,secondary_publication_type,panel_a
33289841,secondary_publication_type,panel_a
33271285,secondary_publication_type,panel_a
33269528,secondary_publication_type,panel_a
33261057,secondary_publication_type,panel_a
33256107,secondary_publication_type,panel_a
33254082,secondary_publication_type,panel_a
33249359,secondary_publication_type,panel_a
33246265,secondary_publication_type,panel_a
33245914,secondary_publication_type,panel_a
33243896,secondary_publication_type,panel_a
33241040,secondary_publication_type,panel_a
33235893,secondary_publication_type,panel_a
33231262,secondary_publication_type,panel_a
33223024,secondary_publication_type,panel_a
33220829,secondary_publication_type,panel_a
33218590,secondary_publication_type,panel_a
33216651,secondary_publication_type,panel_a
33214163,secondary_publication_type,panel_a
33209708,secondary_publication_type,panel_a
33209648,secondary_publication_type,panel_a
33204028,secondary_publication_type,panel_a
33200642,secondary_publication_type,panel_a
33198332,secondary_publication_type,panel_a
33194775,secondary_publication_type,panel_a
33194649,secondary_publication_type,panel_a
33179582,secondary_publication_type,panel_a
33174120,secondary_publication_type,panel_a
33160208,secondary_publication_type,panel_a
33160001,secondary_publication_type,panel_a
33153242,secondary_publication_type,panel_a
33151391,secondary_publication_type,panel_a
33151360,secondary_publication_type,panel_a
33147583,secondary_publication_type,panel_a
33145087,secondary_publication_type,panel_a
33136182,secondary_publication_type,panel_a
33135268,secondary_publication_type,panel_a
33129113,secondary_publication_type,panel_a
33118182,secondary_publication_type,panel_a
33117695,secondary_publication_type,panel_a
33117678,secondary_publication_type,panel_a
33112685,secondary_publication_type,panel_a
33099219,secondary_publication_type,panel_a
33099089,secondary_publication_type,panel_a
33098123,secondary_publication_type,panel_a
33096473,secondary_publication_type,panel_a
33096167,secondary_publication_type,panel_a
33095312,secondary_publication_type,panel_a
33088156,secondary_publication_type,panel_a
33087296,secondary_publication_type,panel_a
33085029,secondary_publication_type,panel_a
33081656,secondary_publication_type,panel_a
33072322,secondary_publication_type,panel_a
33066312,secondary_publication_type,panel_a
33065195,secondary_publication_type,panel_a
33065188,secondary_publication_type,panel_a
33059822,secondary_publication_type,panel_a
33059556,secondary_publication_type,panel_a
33059554,secondary_publication_type,panel_a
33059553,secondary_publication_type,panel_a
33040845,secondary_publication_type,panel_a
33039425,secondary_publication_type,panel_a
33039005,secondary_publication_type,panel_a
33039001,secondary_publication_type,panel_a
33039000,secondary_publication_type,panel_a
33038999,secondary_publication_type,panel_a
33036490,secondary_publication_type,panel_a
33035135,secondary_publication_type,panel_a
33033653,secondary_publication_type,panel_a
33014858,secondary_publication_type,panel_a
33006425,secondary_publication_type,panel_a
32994889,secondary_publication_type,panel_a
32989411,secondary_publication_type,panel_a
32988971,secondary_publication_type,panel_a
32988674,secondary_publication_type,panel_a
32987616,secondary_publication_type,panel_a
32987202,secondary_publication_type,panel_a
32980727,secondary_publication_type,panel_a
32974358,secondary_publication_type,panel_a
32972006,secondary_publication_type,panel_a
32969248,secondary_publication_type,panel_a
32965172,secondary_publication_type,panel_a
32962762,secondary_publication_type,panel_a
32960663,secondary_publication_type,panel_a
32957868,secondary_publication_type,panel_a
32952853,secondary_publication_type,panel_a
32946321,secondary_publication_type,panel_a
32946272,secondary_publication_type,panel_a
32941736,secondary_publication_type,panel_a
32941600,secondary_publication_type,panel_a
32941257,secondary_publication_type,panel_a
32940967,secondary_publication_type,panel_a
32940764,secondary_publication_type,panel_a
32934610,secondary_publication_type,panel_a
32934103,secondary_publication_type,panel_a
32931808,secondary_publication_type,panel_a
32926972,secondary_publication_type,panel_a
32926637,secondary_publication_type,panel_a
32921953,secondary_publication_type,panel_a
32920005,secondary_publication_type,panel_a
32917666,secondary_publication_type,panel_a
32910193,secondary_publication_type,panel_a
32905566,secondary_publication_type,panel_a
32905456,secondary_publication_type,panel_a
32903496,secondary_publication_type,panel_a
32897163,secondary_publication_type,panel_a
32892631,secondary_publication_type,panel_a
32881725,secondary_publication_type,panel_a
32876837,secondary_publication_type,panel_a
32873486,secondary_publication_type,panel_a
32865001,secondary_publication_type,panel_a
32864782,secondary_publication_type,panel_a
32862251,secondary_publication_type,panel_a
32861611,secondary_publication_type,panel_a
32860389,secondary_publication_type,panel_a
32859543,secondary_publication_type,panel_a
32859468,secondary_publication_type,panel_a
32848684,secondary_publication_type,panel_a
32848206,secondary_publication_type,panel_a
32846986,secondary_publication_type,panel_a
32845216,secondary_publication_type,panel_a
32844349,secondary_publication_type,panel_a
32844348,secondary_publication_type,panel_a
32843739,secondary_publication_type,panel_a
32827878,secondary_publication_type,panel_a
32827126,secondary_publication_type,panel_a
32823323,secondary_publication_type,panel_a
32823284,secondary_publication_type,panel_a
32822545,secondary_publication_type,panel_a
32821953,secondary_publication_type,panel_a
32818626,secondary_publication_type,panel_a
32817112,secondary_publication_type,panel_a
32815705,secondary_publication_type,panel_a
32809857,secondary_publication_type,panel_a
32809167,secondary_publication_type,panel_a
32805498,secondary_publication_type,panel_a
32804260,secondary_publication_type,panel_a
32803154,secondary_publication_type,panel_a
32800777,secondary_publication_type,panel_a
32800055,secondary_publication_type,panel_a
32798440,secondary_publication_type,panel_a
32792129,secondary_publication_type,panel_a
32783560,secondary_publication_type,panel_a
32779173,secondary_publication_type,panel_a
32777930,secondary_publication_type,panel_a
32776259,secondary_publication_type,panel_a
32770563,secondary_publication_type,panel_a
32768009,secondary_publication_type,panel_a
32764429,secondary_publication_type,panel_a
32760624,secondary_publication_type,panel_a
32758393,secondary_publication_type,panel_a
32742958,secondary_publication_type,panel_a
32740044,secondary_publication_type,panel_a
35122048,secondary_publication_type,panel_a
32735852,secondary_publication_type,panel_a
32735493,secondary_publication_type,panel_a
32735452,secondary_publication_type,panel_a
32731598,secondary_publication_type,panel_a
32730831,secondary_publication_type,panel_a
32729271,secondary_publication_type,panel_a
32728877,secondary_publication_type,panel_a
32722718,secondary_publication_type,panel_a
32720165,secondary_publication_type,panel_a
32710990,secondary_publication_type,panel_a
32710315,secondary_publication_type,panel_a
32701718,secondary_publication_type,panel_a
32697964,secondary_publication_type,panel_a
32694246,secondary_publication_type,panel_a
32693792,secondary_publication_type,panel_a
32686297,secondary_publication_type,panel_a
32680652,secondary_publication_type,panel_a
32676906,secondary_publication_type,panel_a
32676436,secondary_publication_type,panel_a
32674040,secondary_publication_type,panel_a
32670710,secondary_publication_type,panel_a
32660755,secondary_publication_type,panel_a
32647917,secondary_publication_type,panel_a
32642254,secondary_publication_type,panel_a
32638446,secondary_publication_type,panel_a
32637250,secondary_publication_type,panel_a
32634555,secondary_publication_type,panel_a
32633615,secondary_publication_type,panel_a
32632555,secondary_publication_type,panel_a
32626513,secondary_publication_type,panel_a
32624161,secondary_publication_type,panel_a
32620678,secondary_publication_type,panel_a
32615232,secondary_publication_type,panel_a
32611494,secondary_publication_type,panel_a
32611217,secondary_publication_type,panel_a
32607629,secondary_publication_type,panel_a
32602745,secondary_publication_type,panel_a
32601582,secondary_publication_type,panel_a
32600638,secondary_publication_type,panel_a
32600636,secondary_publication_type,panel_a
32600635,secondary_publication_type,panel_a
32600633,secondary_publication_type,panel_a
32600632,secondary_publication_type,panel_a
32596957,secondary_publication_type,panel_a
32594748,secondary_publication_type,panel_a
32594407,secondary_publication_type,panel_a
32594406,secondary_publication_type,panel_a
32592241,secondary_publication_type,panel_a
32590033,secondary_publication_type,panel_a
32589980,secondary_publication_type,panel_a
32586180,secondary_publication_type,panel_a
32586167,secondary_publication_type,panel_a
32579764,secondary_publication_type,panel_a
32577925,secondary_publication_type,panel_a
32571959,secondary_publication_type,panel_a
32571581,secondary_publication_type,panel_a
32568165,secondary_publication_type,panel_a
32566938,secondary_publication_type,panel_a
32563015,secondary_publication_type,panel_a
32542936,secondary_publication_type,panel_a
32542702,secondary_publication_type,panel_a
32531722,secondary_publication_type,panel_a
32531273,secondary_publication_type,panel_a
32524780,secondary_publication_type,panel_a
32522530,secondary_publication_type,panel_a
32519151,secondary_publication_type,panel_a
32517801,secondary_publication_type,panel_a
32515148,secondary_publication_type,panel_a
32514496,secondary_publication_type,panel_a
32512516,secondary_publication_type,panel_a
32510603,secondary_publication_type,panel_a
32510287,secondary_publication_type,panel_a
32508998,secondary_publication_type,panel_a
32501772,secondary_publication_type,panel_a
32497604,secondary_publication_type,panel_a
32495038,secondary_publication_type,panel_a
32487887,secondary_publication_type,panel_a
32486314,secondary_publication_type,panel_a
32481542,secondary_publication_type,panel_a
32479253,secondary_publication_type,panel_a
32472274,secondary_publication_type,panel_a
32468105,secondary_publication_type,panel_a
32467997,secondary_publication_type,panel_a
32467397,secondary_publication_type,panel_a
32452945,secondary_publication_type,panel_a
32449232,secondary_publication_type,panel_a
32447997,secondary_publication_type,panel_a
32446214,secondary_publication_type,panel_a
32443708,secondary_publication_type,panel_a
32430588,secondary_publication_type,panel_a
32418336,secondary_publication_type,panel_a
32414836,secondary_publication_type,panel_a
32410356,secondary_publication_type,panel_a
32409894,secondary_publication_type,panel_a
32404272,secondary_publication_type,panel_a
32403240,secondary_publication_type,panel_a
32402015,secondary_publication_type,panel_a
32401156,secondary_publication_type,panel_a
32399528,secondary_publication_type,panel_a
32397702,secondary_publication_type,panel_a
32394415,secondary_publication_type,panel_a
32394162,secondary_publication_type,panel_a
32394100,secondary_publication_type,panel_a
35757235,secondary_publication_type,panel_a
32382473,secondary_publication_type,panel_a
32374625,secondary_publication_type,panel_a
32371013,secondary_publication_type,panel_a
32367456,secondary_publication_type,panel_a
32361808,secondary_publication_type,panel_a
32359105,secondary_publication_type,panel_a
32357923,secondary_publication_type,panel_a
32355640,secondary_publication_type,panel_a
36238631,secondary_publication_type,panel_a
32351445,secondary_publication_type,panel_a
32351354,secondary_publication_type,panel_a
32347167,secondary_publication_type,panel_a
32346919,secondary_publication_type,panel_a
32334372,secondary_publication_type,panel_a
32333824,secondary_publication_type,panel_a
32329274,secondary_publication_type,panel_a
32319859,secondary_publication_type,panel_a
32318845,secondary_publication_type,panel_a
32303382,secondary_publication_type,panel_a
32300474,secondary_publication_type,panel_a
32296952,secondary_publication_type,panel_a
32296901,secondary_publication_type,panel_a
32293114,secondary_publication_type,panel_a
32292223,secondary_publication_type,panel_a
32286713,secondary_publication_type,panel_a
32279902,secondary_publication_type,panel_a
32278786,secondary_publication_type,panel_a
32278653,secondary_publication_type,panel_a
32277744,secondary_publication_type,panel_a
32277248,secondary_publication_type,panel_a
32275845,secondary_publication_type,panel_a
32271288,secondary_publication_type,panel_a
32268531,secondary_publication_type,panel_a
32266144,secondary_publication_type,panel_a
32265157,secondary_publication_type,panel_a
32258124,secondary_publication_type,panel_a
32255527,secondary_publication_type,panel_a
32255526,secondary_publication_type,panel_a
32255249,secondary_publication_type,panel_a
32250226,secondary_publication_type,panel_a
32250086,secondary_publication_type,panel_a
32249351,secondary_publication_type,panel_a
32248583,secondary_publication_type,panel_a
32248259,secondary_publication_type,panel_a
32247963,secondary_publication_type,panel_a
32247689,secondary_publication_type,panel_a
32241645,secondary_publication_type,panel_a
32239834,secondary_publication_type,panel_a
32239350,secondary_publication_type,panel_a
32230871,secondary_publication_type,panel_a
32227184,secondary_publication_type,panel_a
32224980,secondary_publication_type,panel_a
32217357,secondary_publication_type,panel_a
32215611,secondary_publication_type,panel_a
32205534,secondary_publication_type,panel_a
32193887,secondary_publication_type,panel_a
32193643,secondary_publication_type,panel_a
32192942,secondary_publication_type,panel_a
32191935,secondary_publication_type,panel_a
32190946,secondary_publication_type,panel_a
32190936,secondary_publication_type,panel_a
32186458,secondary_publication_type,panel_a
32183685,secondary_publication_type,panel_a
32180032,secondary_publication_type,panel_a
32162711,secondary_publication_type,panel_a
32157259,secondary_publication_type,panel_a
32154967,secondary_publication_type,panel_a
32154958,secondary_publication_type,panel_a
32150991,secondary_publication_type,panel_a
32135127,secondary_publication_type,panel_a
32134206,secondary_publication_type,panel_a
32133724,secondary_publication_type,panel_a
32133275,secondary_publication_type,panel_a
32128929,secondary_publication_type,panel_a
32124415,secondary_publication_type,panel_a
32119092,secondary_publication_type,panel_a
32116995,secondary_publication_type,panel_a
32112907,secondary_publication_type,panel_a
32112505,secondary_publication_type,panel_a
32107997,secondary_publication_type,panel_a
32101448,secondary_publication_type,panel_a
32099093,secondary_publication_type,panel_a
32090243,secondary_publication_type,panel_a
32086157,secondary_publication_type,panel_a
32077596,secondary_publication_type,panel_a
32074333,secondary_publication_type,panel_a
32073539,secondary_publication_type,panel_a
32067364,secondary_publication_type,panel_a
32060715,secondary_publication_type,panel_a
32057098,secondary_publication_type,panel_a
32055009,secondary_publication_type,panel_a
32052750,secondary_publication_type,panel_a
32044919,secondary_publication_type,panel_a
32041105,secondary_publication_type,panel_a
32040647,secondary_publication_type,panel_a
32040260,secondary_publication_type,panel_a
32034573,secondary_publication_type,panel_a
32030665,secondary_publication_type,panel_a
32030664,secondary_publication_type,panel_a
32030663,secondary_publication_type,panel_a
32008919,secondary_publication_type,panel_a
32007208,secondary_publication_type,panel_a
31997591,secondary_publication_type,panel_a
31997045,secondary_publication_type,panel_a
31991451,secondary_publication_type,panel_a
31991449,secondary_publication_type,panel_a
31991420,secondary_publication_type,panel_a
31989890,secondary_publication_type,panel_a
31989390,secondary_publication_type,panel_a
31981214,secondary_publication_type,panel_a
31978538,secondary_publication_type,panel_a
31965813,secondary_publication_type,panel_a
31965207,secondary_publication_type,panel_a
31955006,secondary_publication_type,panel_a
31953243,secondary_publication_type,panel_a
31951873,secondary_publication_type,panel_a
31951322,secondary_publication_type,panel_a
31937924,secondary_publication_type,panel_a
31924170,secondary_publication_type,panel_a
31919545,secondary_publication_type,panel_a
31915129,secondary_publication_type,panel_a
31908112,secondary_publication_type,panel_a
31907710,secondary_publication_type,panel_a
31900432,secondary_publication_type,panel_a
31898014,secondary_publication_type,panel_a
31846526,secondary_publication_type,panel_a
31828726,secondary_publication_type,panel_a
31818385,secondary_publication_type,panel_a
31815727,secondary_publication_type,panel_a
31811325,secondary_publication_type,panel_a
31802148,secondary_publication_type,panel_a
31754738,secondary_publication_type,panel_a
31725000,secondary_publication_type,panel_a
31707435,secondary_publication_type,panel_a
31637430,secondary_publication_type,panel_a
31506815,secondary_publication_type,panel_a
31437274,secondary_publication_type,panel_a
35911847,secondary_publication_type,panel_a
35692858,secondary_publication_type,panel_a
35559866,secondary_publication_type,panel_a
35523530,secondary_publication_type,panel_a
35340697,secondary_publication_type,panel_a
35116717,secondary_publication_type,panel_a
35116562,secondary_publication_type,panel_a
35111666,secondary_publication_type,panel_a
35070971,secondary_publication_type,panel_a
35070384,secondary_publication_type,panel_a
35070383,secondary_publication_type,panel_a
35070379,secondary_publication_type,panel_a
35069406,secondary_publication_type,panel_a
35048032,secondary_publication_type,panel_a
35004335,secondary_publication_type,panel_a
35004312,secondary_publication_type,panel_a
34998513,secondary_publication_type,panel_a
34988446,secondary_publication_type,panel_a
34987940,secondary_publication_type,panel_a
34980479,secondary_publication_type,panel_a
34975094,secondary_publication_type,panel_a
34970309,secondary_publication_type,panel_a
34969514,secondary_publication_type,panel_a
34962010,secondary_publication_type,panel_a
34959100,secondary_publication_type,panel_a
34957642,secondary_publication_type,panel_a
34951000,secondary_publication_type,panel_a
34950575,secondary_publication_type,panel_a
34949015,secondary_publication_type,panel_a
34948075,secondary_publication_type,panel_a
34945749,secondary_publication_type,panel_a
34944917,secondary_publication_type,panel_a
34944887,secondary_publication_type,panel_a
34943534,secondary_publication_type,panel_a
34936374,secondary_publication_type,panel_a
34936152,secondary_publication_type,panel_a
34935406,secondary_publication_type,panel_a
34935234,secondary_publication_type,panel_a
34935061,secondary_publication_type,panel_a
34931294,secondary_publication_type,panel_a
34926051,secondary_publication_type,panel_a
34925606,secondary_publication_type,panel_a
34925537,secondary_publication_type,panel_a
34919184,secondary_publication_type,panel_a
34917168,secondary_publication_type,panel_a
34916244,secondary_publication_type,panel_a
34915058,secondary_publication_type,panel_a
34906408,secondary_publication_type,panel_a
34904877,secondary_publication_type,panel_a
34902259,secondary_publication_type,panel_a
34900711,secondary_publication_type,panel_a
34900525,secondary_publication_type,panel_a
34900142,secondary_publication_type,panel_a
34894336,secondary_publication_type,panel_a
34889968,secondary_publication_type,panel_a
34888194,secondary_publication_type,panel_a
34887152,secondary_publication_type,panel_a
34885225,secondary_publication_type,panel_a
34885135,secondary_publication_type,panel_a
37492179,secondary_publication_type,panel_a
34879247,secondary_publication_type,panel_a
34877870,secondary_publication_type,panel_a
34876924,secondary_publication_type,panel_a
34876921,secondary_publication_type,panel_a
34874454,secondary_publication_type,panel_a
34872592,secondary_publication_type,panel_a
34869010,secondary_publication_type,panel_a
34868516,secondary_publication_type,panel_a
34865190,secondary_publication_type,panel_a
34864426,secondary_publication_type,panel_a
34861582,secondary_publication_type,panel_a
34860562,secondary_publication_type,panel_a
34860316,secondary_publication_type,panel_a
34853638,secondary_publication_type,panel_a
34852935,secondary_publication_type,panel_a
34851547,secondary_publication_type,panel_a
34841694,secondary_publication_type,panel_a
34840696,secondary_publication_type,panel_a
34839524,secondary_publication_type,panel_a
34839380,secondary_publication_type,panel_a
34834531,secondary_publication_type,panel_a
34834445,secondary_publication_type,panel_a
34831018,secondary_publication_type,panel_a
34830865,secondary_publication_type,panel_a
34829310,secondary_publication_type,panel_a
34828357,secondary_publication_type,panel_a
34827077,secondary_publication_type,panel_a
34826772,secondary_publication_type,panel_a
34825946,secondary_publication_type,panel_a
34825932,secondary_publication_type,panel_a
34818643,secondary_publication_type,panel_a
34815456,secondary_publication_type,panel_a
34812670,secondary_publication_type,panel_a
34810047,secondary_publication_type,panel_a
34808072,secondary_publication_type,panel_a
34801699,secondary_publication_type,panel_a
34799256,secondary_publication_type,panel_a
34797688,secondary_publication_type,panel_a
34797174,secondary_publication_type,panel_a
34795887,secondary_publication_type,panel_a
34792025,secondary_publication_type,panel_a
34791536,secondary_publication_type,panel_a
34790581,secondary_publication_type,panel_a
34787854,secondary_publication_type,panel_a
34782120,secondary_publication_type,panel_a
34779884,secondary_publication_type,panel_a
34771708,secondary_publication_type,panel_a
34771523,secondary_publication_type,panel_a
34768681,secondary_publication_type,panel_a
34763965,secondary_publication_type,panel_a
34762720,secondary_publication_type,panel_a
34762214,secondary_publication_type,panel_a
34760142,secondary_publication_type,panel_a
34754327,secondary_publication_type,panel_a
34754064,secondary_publication_type,panel_a
34745511,secondary_publication_type,panel_a
34745503,secondary_publication_type,panel_a
34740528,secondary_publication_type,panel_a
34735819,secondary_publication_type,panel_a
34735647,secondary_publication_type,panel_a
34733612,secondary_publication_type,panel_a
34731343,secondary_publication_type,panel_a
34728044,secondary_publication_type,panel_a
34725697,secondary_publication_type,panel_a
34722549,secondary_publication_type,panel_a
34721825,secondary_publication_type,panel_a
34721822,secondary_publication_type,panel_a
34721657,secondary_publication_type,panel_a
34716456,secondary_publication_type,panel_a
34704213,secondary_publication_type,panel_a
34693502,secondary_publication_type,panel_a
34693454,secondary_publication_type,panel_a
34689871,secondary_publication_type,panel_a
34679527,secondary_publication_type,panel_a
34679494,secondary_publication_type,panel_a
34671449,secondary_publication_type,panel_a
34671421,secondary_publication_type,panel_a
34671399,secondary_publication_type,panel_a
34666872,secondary_publication_type,panel_a
34665034,secondary_publication_type,panel_a
34664088,secondary_publication_type,panel_a
34663944,secondary_publication_type,panel_a
34663898,secondary_publication_type,panel_a
34661156,secondary_publication_type,panel_a
34660280,secondary_publication_type,panel_a
34659451,secondary_publication_type,panel_a
34656014,secondary_publication_type,panel_a
34650476,secondary_publication_type,panel_a
34649914,secondary_publication_type,panel_a
34648981,secondary_publication_type,panel_a
34648656,secondary_publication_type,panel_a
34646317,secondary_publication_type,panel_a
34638229,secondary_publication_type,panel_a
34638226,secondary_publication_type,panel_a
34637568,secondary_publication_type,panel_a
34633438,secondary_publication_type,panel_a
34632862,secondary_publication_type,panel_a
34630626,secondary_publication_type,panel_a
34629796,secondary_publication_type,panel_a
34629152,secondary_publication_type,panel_a
34624649,secondary_publication_type,panel_a
34623343,secondary_publication_type,panel_a
34616673,secondary_publication_type,panel_a
34614045,secondary_publication_type,panel_a
34611303,secondary_publication_type,panel_a
34608409,secondary_publication_type,panel_a
34605945,secondary_publication_type,panel_a
34603998,secondary_publication_type,panel_a
34603997,secondary_publication_type,panel_a
34600486,secondary_publication_type,panel_a
34597215,secondary_publication_type,panel_a
34595234,secondary_publication_type,panel_a
34592027,secondary_publication_type,panel_a
34591980,secondary_publication_type,panel_a
34586899,secondary_publication_type,panel_a
34579788,secondary_publication_type,panel_a
34576134,secondary_publication_type,panel_a
34574060,secondary_publication_type,panel_a
34573893,secondary_publication_type,panel_a
34573868,secondary_publication_type,panel_a
34573865,secondary_publication_type,panel_a
34572771,secondary_publication_type,panel_a
34570448,secondary_publication_type,panel_a
34568816,secondary_publication_type,panel_a
34567971,secondary_publication_type,panel_a
34565412,secondary_publication_type,panel_a
34565338,secondary_publication_type,panel_a
34564116,secondary_publication_type,panel_a
34563797,secondary_publication_type,panel_a
34561323,secondary_publication_type,panel_a
34556501,secondary_publication_type,panel_a
34552043,secondary_publication_type,panel_a
34548230,secondary_publication_type,panel_a
34546125,secondary_publication_type,panel_a
34539136,secondary_publication_type,panel_a
34539134,secondary_publication_type,panel_a
34538094,secondary_publication_type,panel_a
34537131,secondary_publication_type,panel_a
34536962,secondary_publication_type,panel_a
34532866,secondary_publication_type,panel_a
34513286,secondary_publication_type,panel_a
34513082,secondary_publication_type,panel_a
34509059,secondary_publication_type,panel_a
34501485,secondary_publication_type,panel_a
34493445,secondary_publication_type,panel_a
34491135,secondary_publication_type,panel_a
34491133,secondary_publication_type,panel_a
41367035,secondary_publication_type,panel_a
34481705,secondary_publication_type,panel_a
34481035,secondary_publication_type,panel_a
34480674,secondary_publication_type,panel_a
34477274,secondary_publication_type,panel_a
34471961,secondary_publication_type,panel_a
34470740,secondary_publication_type,panel_a
34467424,secondary_publication_type,panel_a
34461501,secondary_publication_type,panel_a
34460633,secondary_publication_type,panel_a
34460618,secondary_publication_type,panel_a
34460516,secondary_publication_type,panel_a
34452581,secondary_publication_type,panel_a
34449037,secondary_publication_type,panel_a
34448318,secondary_publication_type,panel_a
34447527,secondary_publication_type,panel_a
34442188,secondary_publication_type,panel_a
34441338,secondary_publication_type,panel_a
34441308,secondary_publication_type,panel_a
34439307,secondary_publication_type,panel_a
34422657,secondary_publication_type,panel_a
34422648,secondary_publication_type,panel_a
34417437,secondary_publication_type,panel_a
34410314,secondary_publication_type,panel_a
34402924,secondary_publication_type,panel_a
34393083,secondary_publication_type,panel_a
34392105,secondary_publication_type,panel_a
34391053,secondary_publication_type,panel_a
34390014,secondary_publication_type,panel_a
34389243,secondary_publication_type,panel_a
34386897,secondary_publication_type,panel_a
34386519,secondary_publication_type,panel_a
34377988,secondary_publication_type,panel_a
34375901,secondary_publication_type,panel_a
34373429,secondary_publication_type,panel_a
34367938,secondary_publication_type,panel_a
34367540,secondary_publication_type,panel_a
34367508,secondary_publication_type,panel_a
34366612,secondary_publication_type,panel_a
34359563,secondary_publication_type,panel_a
34357472,secondary_publication_type,panel_a
34353733,secondary_publication_type,panel_a
34347989,secondary_publication_type,panel_a
34342138,secondary_publication_type,panel_a
34341753,secondary_publication_type,panel_a
34337291,secondary_publication_type,panel_a
34337066,secondary_publication_type,panel_a
34336691,secondary_publication_type,panel_a
34336643,secondary_publication_type,panel_a
34335978,secondary_publication_type,panel_a
34331845,secondary_publication_type,panel_a
34329575,secondary_publication_type,panel_a
34328279,secondary_publication_type,panel_a
34321845,secondary_publication_type,panel_a
34319536,secondary_publication_type,panel_a
34319290,secondary_publication_type,panel_a
34312805,secondary_publication_type,panel_a
34311415,secondary_publication_type,panel_a
34309893,secondary_publication_type,panel_a
34307123,secondary_publication_type,panel_a
34303540,secondary_publication_type,panel_a
34302297,secondary_publication_type,panel_a
34298822,secondary_publication_type,panel_a
34298803,secondary_publication_type,panel_a
34298733,secondary_publication_type,panel_a
34297507,secondary_publication_type,panel_a
34297499,secondary_publication_type,panel_a
34295824,secondary_publication_type,panel_a
34293621,secondary_publication_type,panel_a
34292365,secondary_publication_type,panel_a
34289983,secondary_publication_type,panel_a
34288501,secondary_publication_type,panel_a
34286592,secondary_publication_type,panel_a
34284970,secondary_publication_type,panel_a
34284331,secondary_publication_type,panel_a
34282762,secondary_publication_type,panel_a
34281580,secondary_publication_type,panel_a
34277664,secondary_publication_type,panel_a
34275550,secondary_publication_type,panel_a
34270486,secondary_publication_type,panel_a
34268438,secondary_publication_type,panel_a
34268436,secondary_publication_type,panel_a
34268435,secondary_publication_type,panel_a
34268433,secondary_publication_type,panel_a
34263573,secondary_publication_type,panel_a
34259912,secondary_publication_type,panel_a
34258283,secondary_publication_type,panel_a
34258279,secondary_publication_type,panel_a
34257363,secondary_publication_type,panel_a
34255646,secondary_publication_type,panel_a
34251481,secondary_publication_type,panel_a
34249239,secondary_publication_type,panel_a
34244694,secondary_publication_type,panel_a
34243929,secondary_publication_type,panel_a
34233456,secondary_publication_type,panel_a
34228319,secondary_publication_type,panel_a
34227888,secondary_publication_type,panel_a
34221999,secondary_publication_type,panel_a
34214007,secondary_publication_type,panel_a
34213702,secondary_publication_type,panel_a
34205572,secondary_publication_type,panel_a
34204319,secondary_publication_type,panel_a
34202321,secondary_publication_type,panel_a
34199444,secondary_publication_type,panel_a
34199151,secondary_publication_type,panel_a
34196797,secondary_publication_type,panel_a
34189068,secondary_publication_type,panel_a
34183201,secondary_publication_type,panel_a
34172593,secondary_publication_type,panel_a
34169367,secondary_publication_type,panel_a
34168406,secondary_publication_type,panel_a
34164913,secondary_publication_type,panel_a
34164287,secondary_publication_type,panel_a
34164285,secondary_publication_type,panel_a
34164283,secondary_publication_type,panel_a
34164281,secondary_publication_type,panel_a
34158913,secondary_publication_type,panel_a
34155790,secondary_publication_type,panel_a
34149051,secondary_publication_type,panel_a
34148014,secondary_publication_type,panel_a
34142614,secondary_publication_type,panel_a
34140299,secondary_publication_type,panel_a
34137725,secondary_publication_type,panel_a
34135556,secondary_publication_type,panel_a
34135140,secondary_publication_type,panel_a
34131751,secondary_publication_type,panel_a
34129842,secondary_publication_type,panel_a
34123825,secondary_publication_type,panel_a
34120887,secondary_publication_type,panel_a
34120885,secondary_publication_type,panel_a
34119265,secondary_publication_type,panel_a
34117103,secondary_publication_type,panel_a
39080886,secondary_publication_type,panel_a
34114421,secondary_publication_type,panel_a
34111961,secondary_publication_type,panel_a
34111953,secondary_publication_type,panel_a
34109578,secondary_publication_type,panel_a
34103987,secondary_publication_type,panel_a
34101842,secondary_publication_type,panel_a
34092975,secondary_publication_type,panel_a
34092440,secondary_publication_type,panel_a
34073627,secondary_publication_type,panel_a
34073309,secondary_publication_type,panel_a
34071202,secondary_publication_type,panel_a
34069887,secondary_publication_type,panel_a
34069367,secondary_publication_type,panel_a
34063937,secondary_publication_type,panel_a
34056793,secondary_publication_type,panel_a
34052920,secondary_publication_type,panel_a
34052390,secondary_publication_type,panel_a
34050577,secondary_publication_type,panel_a
34050573,secondary_publication_type,panel_a
34049687,secondary_publication_type,panel_a
34047826,secondary_publication_type,panel_a
34046969,secondary_publication_type,panel_a
34025068,secondary_publication_type,panel_a
34024323,secondary_publication_type,panel_a
34023831,secondary_publication_type,panel_a
34023696,secondary_publication_type,panel_a
34022660,secondary_publication_type,panel_a
34021654,secondary_publication_type,panel_a
34020642,secondary_publication_type,panel_a
34019128,secondary_publication_type,panel_a
34013447,secondary_publication_type,panel_a
34009541,secondary_publication_type,panel_a
34009176,secondary_publication_type,panel_a
33998173,secondary_publication_type,panel_a
33996613,secondary_publication_type,panel_a
33994170,secondary_publication_type,panel_a
33992856,secondary_publication_type,panel_a
33990804,secondary_publication_type,panel_a
33989042,secondary_publication_type,panel_a
33989030,secondary_publication_type,panel_a
33987993,secondary_publication_type,panel_a
33986900,secondary_publication_type,panel_a
33979715,secondary_publication_type,panel_a
33973902,secondary_publication_type,panel_a
33973553,secondary_publication_type,panel_a
33973305,secondary_publication_type,panel_a
33971322,secondary_publication_type,panel_a
33966709,secondary_publication_type,panel_a
33965983,secondary_publication_type,panel_a
33965977,secondary_publication_type,panel_a
33965341,secondary_publication_type,panel_a
33963232,secondary_publication_type,panel_a
33962253,secondary_publication_type,panel_a
33960708,secondary_publication_type,panel_a
33958734,secondary_publication_type,panel_a
33957006,secondary_publication_type,panel_a
33954894,secondary_publication_type,panel_a
33951590,secondary_publication_type,panel_a
33940676,secondary_publication_type,panel_a
33937530,secondary_publication_type,panel_a
33934096,secondary_publication_type,panel_a
33933626,secondary_publication_type,panel_a
33933557,secondary_publication_type,panel_a
33926688,secondary_publication_type,panel_a
33926679,secondary_publication_type,panel_a
33922483,secondary_publication_type,panel_a
33920423,secondary_publication_type,panel_a
33919342,secondary_publication_type,panel_a
33917241,secondary_publication_type,panel_a
33917035,secondary_publication_type,panel_a
33915813,secondary_publication_type,panel_a
33915779,secondary_publication_type,panel_a
33915289,secondary_publication_type,panel_a
33914614,secondary_publication_type,panel_a
33913492,secondary_publication_type,panel_a
33913299,secondary_publication_type,panel_a
33903926,secondary_publication_type,panel_a
33902889,secondary_publication_type,panel_a
33901993,secondary_publication_type,panel_a
33901609,secondary_publication_type,panel_a
33900434,secondary_publication_type,panel_a
33895120,secondary_publication_type,panel_a
33882560,secondary_publication_type,panel_a
33882246,secondary_publication_type,panel_a
33882244,secondary_publication_type,panel_a
33880950,secondary_publication_type,panel_a
33880651,secondary_publication_type,panel_a
33866191,secondary_publication_type,panel_a
33860829,secondary_publication_type,panel_a
33855974,secondary_publication_type,panel_a
33854972,secondary_publication_type,panel_a
33851243,secondary_publication_type,panel_a
33849021,secondary_publication_type,panel_a
33842640,secondary_publication_type,panel_a
33835220,secondary_publication_type,panel_a
33832141,secondary_publication_type,panel_a
33829686,secondary_publication_type,panel_a
33829683,secondary_publication_type,panel_a
33828217,secondary_publication_type,panel_a
33826716,secondary_publication_type,panel_a
33824924,secondary_publication_type,panel_a
33823566,secondary_publication_type,panel_a
33813780,secondary_publication_type,panel_a
33811540,secondary_publication_type,panel_a
33811170,secondary_publication_type,panel_a
33811169,secondary_publication_type,panel_a
33806513,secondary_publication_type,panel_a
33806195,secondary_publication_type,panel_a
33804350,secondary_publication_type,panel_a
33802699,secondary_publication_type,panel_a
33802446,secondary_publication_type,panel_a
33797938,secondary_publication_type,panel_a
33796079,secondary_publication_type,panel_a
33792552,secondary_publication_type,panel_a
33788589,secondary_publication_type,panel_a
33786653,secondary_publication_type,panel_a
33782358,secondary_publication_type,panel_a
33781498,secondary_publication_type,panel_a
33780701,secondary_publication_type,panel_a
33779342,secondary_publication_type,panel_a
33778488,secondary_publication_type,panel_a
33773964,secondary_publication_type,panel_a
33772487,secondary_publication_type,panel_a
33765601,secondary_publication_type,panel_a
33763187,secondary_publication_type,panel_a
33759582,secondary_publication_type,panel_a
33758997,secondary_publication_type,panel_a
33751733,secondary_publication_type,panel_a
33748877,secondary_publication_type,panel_a
33731170,secondary_publication_type,panel_a
33718054,secondary_publication_type,panel_a
33718053,secondary_publication_type,panel_a
33713499,secondary_publication_type,panel_a
33711582,secondary_publication_type,panel_a
33710363,secondary_publication_type,panel_a
33693966,secondary_publication_type,panel_a
33691025,secondary_publication_type,panel_a
33689472,secondary_publication_type,panel_a
33689202,secondary_publication_type,panel_a
33688072,secondary_publication_type,panel_a
33685585,secondary_publication_type,panel_a
33684574,secondary_publication_type,panel_a
33681110,secondary_publication_type,panel_a
33675433,secondary_publication_type,panel_a
33673229,secondary_publication_type,panel_a
33672827,secondary_publication_type,panel_a
33672608,secondary_publication_type,panel_a
33672085,secondary_publication_type,panel_a
33669531,secondary_publication_type,panel_a
33666859,secondary_publication_type,panel_a
33659037,secondary_publication_type,panel_a
33650905,secondary_publication_type,panel_a
33650129,secondary_publication_type,panel_a
33649882,secondary_publication_type,panel_a
33644756,secondary_publication_type,panel_a
33643386,secondary_publication_type,panel_a
33642201,secondary_publication_type,panel_a
33642096,secondary_publication_type,panel_a
33631497,secondary_publication_type,panel_a
33631297,secondary_publication_type,panel_a
33621977,secondary_publication_type,panel_a
33619165,secondary_publication_type,panel_a
33617302,secondary_publication_type,panel_a
33617300,secondary_publication_type,panel_a
33613927,secondary_publication_type,panel_a
33611706,secondary_publication_type,panel_a
33606404,secondary_publication_type,panel_a
33605783,secondary_publication_type,panel_a
33604689,secondary_publication_type,panel_a
33599882,secondary_publication_type,panel_a
33598100,secondary_publication_type,panel_a
33594642,secondary_publication_type,panel_a
33591028,secondary_publication_type,panel_a
33588228,secondary_publication_type,panel_a
33586764,secondary_publication_type,panel_a
33581832,secondary_publication_type,panel_a
33581189,secondary_publication_type,panel_a
33578891,secondary_publication_type,panel_a
33576118,secondary_publication_type,panel_a
33571718,secondary_publication_type,panel_a
33569931,secondary_publication_type,panel_a
33561505,secondary_publication_type,panel_a
33561297,secondary_publication_type,panel_a
33554416,secondary_publication_type,panel_a
33550513,secondary_publication_type,panel_a
33545946,secondary_publication_type,panel_a
33545300,secondary_publication_type,panel_a
33544168,secondary_publication_type,panel_a
33541387,secondary_publication_type,panel_a
33541006,secondary_publication_type,panel_a
33540655,secondary_publication_type,panel_a
33537912,secondary_publication_type,panel_a
33535828,secondary_publication_type,panel_a
33535569,secondary_publication_type,panel_a
33535260,secondary_publication_type,panel_a
33532911,secondary_publication_type,panel_a
33532134,secondary_publication_type,panel_a
33530491,secondary_publication_type,panel_a
33520879,secondary_publication_type,panel_a
33513392,secondary_publication_type,panel_a
33507318,secondary_publication_type,panel_a
33498680,secondary_publication_type,panel_a
33495866,secondary_publication_type,panel_a
33494449,secondary_publication_type,panel_a
33494280,secondary_publication_type,panel_a
33476062,secondary_publication_type,panel_a
33449174,secondary_publication_type,panel_a
33448905,secondary_publication_type,panel_a
33431509,secondary_publication_type,panel_a
33429143,secondary_publication_type,panel_a
33426151,secondary_publication_type,panel_a
33423651,secondary_publication_type,panel_a
33421167,secondary_publication_type,panel_a
33411093,secondary_publication_type,panel_a
33408053,secondary_publication_type,panel_a
33402061,secondary_publication_type,panel_a
33399251,secondary_publication_type,panel_a
33397241,secondary_publication_type,panel_a
33387095,secondary_publication_type,panel_a
38624757,secondary_publication_type,panel_a
36237466,secondary_publication_type,panel_a
33371857,secondary_publication_type,panel_a
33354741,secondary_publication_type,panel_a
33346871,secondary_publication_type,panel_a
33339012,secondary_publication_type,panel_a
33334911,secondary_publication_type,panel_a
33334293,secondary_publication_type,panel_a
33289435,secondary_publication_type,panel_a
33222996,secondary_publication_type,panel_a
33216724,secondary_publication_type,panel_a
33201298,secondary_publication_type,panel_a
33075135,secondary_publication_type,panel_a
33059363,secondary_publication_type,panel_a
33001011,secondary_publication_type,panel_a
32945970,secondary_publication_type,panel_a
32932380,secondary_publication_type,panel_a
32894573,secondary_publication_type,panel_a
32804368,secondary_publication_type,panel_a
32589068,secondary_publication_type,panel_a
32586255,secondary_publication_type,panel_a
31925492,secondary_publication_type,panel_a
37492665,secondary_publication_type,panel_a
37325493,secondary_publication_type,panel_a
36798691,secondary_publication_type,panel_a
36792270,secondary_publication_type,panel_a
36739164,secondary_publication_type,panel_a
36728734,secondary_publication_type,panel_a
36713503,secondary_publication_type,panel_a
36686757,secondary_publication_type,panel_a
36685496,secondary_publication_type,panel_a
36684162,secondary_publication_type,panel_a
36654817,secondary_publication_type,panel_a
36654741,secondary_publication_type,panel_a
36632320,secondary_publication_type,panel_a
36629813,secondary_publication_type,panel_a
36620843,secondary_publication_type,panel_a
36620183,secondary_publication_type,panel_a
36616659,secondary_publication_type,panel_a
36612164,secondary_publication_type,panel_a
36612061,secondary_publication_type,panel_a
36612037,secondary_publication_type,panel_a
36611402,secondary_publication_type,panel_a
36611392,secondary_publication_type,panel_a
36611350,secondary_publication_type,panel_a
36605438,secondary_publication_type,panel_a
36605112,secondary_publication_type,panel_a
36601020,secondary_publication_type,panel_a
36596060,secondary_publication_type,panel_a
36590152,secondary_publication_type,panel_a
36588487,secondary_publication_type,panel_a
36585732,secondary_publication_type,panel_a
36584536,secondary_publication_type,panel_a
36577538,secondary_publication_type,panel_a
36576657,secondary_publication_type,panel_a
36575291,secondary_publication_type,panel_a
36569180,secondary_publication_type,panel_a
36568242,secondary_publication_type,panel_a
36568171,secondary_publication_type,panel_a
36567204,secondary_publication_type,panel_a
36566582,secondary_publication_type,panel_a
36563698,secondary_publication_type,panel_a
36563539,secondary_publication_type,panel_a
36563186,secondary_publication_type,panel_a
36561500,secondary_publication_type,panel_a
36557496,secondary_publication_type,panel_a
36556356,secondary_publication_type,panel_a
36556243,secondary_publication_type,panel_a
36556092,secondary_publication_type,panel_a
36555749,secondary_publication_type,panel_a
36553919,secondary_publication_type,panel_a
36553071,secondary_publication_type,panel_a
36553041,secondary_publication_type,panel_a
36553009,secondary_publication_type,panel_a
36552907,secondary_publication_type,panel_a
36551961,secondary_publication_type,panel_a
36551716,secondary_publication_type,panel_a
36551702,secondary_publication_type,panel_a
36551606,secondary_publication_type,panel_a
36551143,secondary_publication_type,panel_a
36548533,secondary_publication_type,panel_a
36543118,secondary_publication_type,panel_a
36542107,secondary_publication_type,panel_a
36537899,secondary_publication_type,panel_a
36533112,secondary_publication_type,panel_a
36531019,secondary_publication_type,panel_a
36527376,secondary_publication_type,panel_a
36525703,secondary_publication_type,panel_a
36522191,secondary_publication_type,panel_a
36518318,secondary_publication_type,panel_a
36517398,secondary_publication_type,panel_a
36515576,secondary_publication_type,panel_a
36514233,secondary_publication_type,panel_a
36514231,secondary_publication_type,panel_a
36514230,secondary_publication_type,panel_a
36513593,secondary_publication_type,panel_a
36512875,secondary_publication_type,panel_a
36511812,secondary_publication_type,panel_a
36510435,secondary_publication_type,panel_a
36510415,secondary_publication_type,panel_a
36505856,secondary_publication_type,panel_a
36505815,secondary_publication_type,panel_a
36505165,secondary_publication_type,panel_a
36503979,secondary_publication_type,panel_a
36503631,secondary_publication_type,panel_a
36503205,secondary_publication_type,panel_a
36503204,secondary_publication_type,panel_a
36502457,secondary_publication_type,panel_a
36501951,secondary_publication_type,panel_a
36497265,secondary_publication_type,panel_a
36482915,secondary_publication_type,panel_a
36482215,secondary_publication_type,panel_a
36481480,secondary_publication_type,panel_a
36479087,secondary_publication_type,panel_a
36476372,secondary_publication_type,panel_a
36473414,secondary_publication_type,panel_a
36472538,secondary_publication_type,panel_a
36465360,secondary_publication_type,panel_a
39036310,secondary_publication_type,panel_a
36459898,secondary_publication_type,panel_a
36456180,secondary_publication_type,panel_a
36455333,secondary_publication_type,panel_a
36448531,secondary_publication_type,panel_a
36443594,secondary_publication_type,panel_a
36442778,secondary_publication_type,panel_a
36438050,secondary_publication_type,panel_a
36431313,secondary_publication_type,panel_a
36428701,secondary_publication_type,panel_a
36428686,secondary_publication_type,panel_a
36428662,secondary_publication_type,panel_a
36428624,secondary_publication_type,panel_a
36426565,secondary_publication_type,panel_a
36423783,secondary_publication_type,panel_a
36421802,secondary_publication_type,panel_a
36421343,secondary_publication_type,panel_a
36417142,secondary_publication_type,panel_a
36416936,secondary_publication_type,panel_a
36412691,secondary_publication_type,panel_a
36411153,secondary_publication_type,panel_a
36405592,secondary_publication_type,panel_a
36405385,secondary_publication_type,panel_a
36397143,secondary_publication_type,panel_a
36395438,secondary_publication_type,panel_a
36385583,secondary_publication_type,panel_a
36381716,secondary_publication_type,panel_a
36378037,secondary_publication_type,panel_a
36375751,secondary_publication_type,panel_a
36373133,secondary_publication_type,panel_a
36371678,secondary_publication_type,panel_a
36371128,secondary_publication_type,panel_a
36367539,secondary_publication_type,panel_a
36362596,secondary_publication_type,panel_a
36362190,secondary_publication_type,panel_a
36361573,secondary_publication_type,panel_a
36359564,secondary_publication_type,panel_a
36359485,secondary_publication_type,panel_a
36358815,secondary_publication_type,panel_a
36358800,secondary_publication_type,panel_a
36358753,secondary_publication_type,panel_a
36358695,secondary_publication_type,panel_a
36358683,secondary_publication_type,panel_a
38550952,secondary_publication_type,panel_a
36354259,secondary_publication_type,panel_a
36354256,secondary_publication_type,panel_a
36350524,secondary_publication_type,panel_a
36350457,secondary_publication_type,panel_a
36350116,secondary_publication_type,panel_a
36344989,secondary_publication_type,panel_a
36344325,secondary_publication_type,panel_a
36342705,secondary_publication_type,panel_a
36338676,secondary_publication_type,panel_a
36330174,secondary_publication_type,panel_a
36328667,secondary_publication_type,panel_a
36326606,secondary_publication_type,panel_a
36313696,secondary_publication_type,panel_a
36308849,secondary_publication_type,panel_a
36307554,secondary_publication_type,panel_a
36305901,secondary_publication_type,panel_a
36304086,secondary_publication_type,panel_a
36302858,secondary_publication_type,panel_a
36301931,secondary_publication_type,panel_a
36300608,secondary_publication_type,panel_a
36300146,secondary_publication_type,panel_a
36299828,secondary_publication_type,panel_a
36299467,secondary_publication_type,panel_a
36294928,secondary_publication_type,panel_a
36292124,secondary_publication_type,panel_a
36292015,secondary_publication_type,panel_a
36291865,secondary_publication_type,panel_a
36290819,secondary_publication_type,panel_a
36287628,secondary_publication_type,panel_a
36287050,secondary_publication_type,panel_a
36284932,secondary_publication_type,panel_a
36282539,secondary_publication_type,panel_a
36282482,secondary_publication_type,panel_a
36282312,secondary_publication_type,panel_a
36276650,secondary_publication_type,panel_a
36272931,secondary_publication_type,panel_a
36267814,secondary_publication_type,panel_a
36263203,secondary_publication_type,panel_a
36260211,secondary_publication_type,panel_a
36260064,secondary_publication_type,panel_a
36258648,secondary_publication_type,panel_a
36253189,secondary_publication_type,panel_a
36249889,secondary_publication_type,panel_a
36249056,secondary_publication_type,panel_a
36246986,secondary_publication_type,panel_a
36244050,secondary_publication_type,panel_a
36242643,secondary_publication_type,panel_a
36241568,secondary_publication_type,panel_a
36238647,secondary_publication_type,panel_a
36237807,secondary_publication_type,panel_a
36233828,secondary_publication_type,panel_a
36228594,secondary_publication_type,panel_a
36227357,secondary_publication_type,panel_a
36226269,secondary_publication_type,panel_a
36220072,secondary_publication_type,panel_a
36219989,secondary_publication_type,panel_a
36211288,secondary_publication_type,panel_a
38416954,secondary_publication_type,panel_a
36208098,secondary_publication_type,panel_a
36202446,secondary_publication_type,panel_a
36202442,secondary_publication_type,panel_a
36202436,secondary_publication_type,panel_a
36202435,secondary_publication_type,panel_a
36197822,secondary_publication_type,panel_a
36197054,secondary_publication_type,panel_a
36197051,secondary_publication_type,panel_a
36196410,secondary_publication_type,panel_a
36187924,secondary_publication_type,panel_a
36183180,secondary_publication_type,panel_a
36183010,secondary_publication_type,panel_a
36182633,secondary_publication_type,panel_a
36180071,secondary_publication_type,panel_a
36175393,secondary_publication_type,panel_a
36171813,secondary_publication_type,panel_a
36170852,secondary_publication_type,panel_a
36169185,secondary_publication_type,panel_a
36167628,secondary_publication_type,panel_a
36165348,secondary_publication_type,panel_a
36161512,secondary_publication_type,panel_a
36160762,secondary_publication_type,panel_a
36158280,secondary_publication_type,panel_a
36158262,secondary_publication_type,panel_a
36157539,secondary_publication_type,panel_a
36156972,secondary_publication_type,panel_a
36155744,secondary_publication_type,panel_a
36151043,secondary_publication_type,panel_a
36150963,secondary_publication_type,panel_a
36148974,secondary_publication_type,panel_a
36147664,secondary_publication_type,panel_a
36140526,secondary_publication_type,panel_a
36138135,secondary_publication_type,panel_a
36135082,secondary_publication_type,panel_a
36127225,secondary_publication_type,panel_a
36126452,secondary_publication_type,panel_a
36126356,secondary_publication_type,panel_a
36119479,secondary_publication_type,panel_a
36108474,secondary_publication_type,panel_a
36105888,secondary_publication_type,panel_a
36105824,secondary_publication_type,panel_a
36105427,secondary_publication_type,panel_a
36105425,secondary_publication_type,panel_a
36105423,secondary_publication_type,panel_a
36103745,secondary_publication_type,panel_a
36100781,secondary_publication_type,panel_a
36098644,secondary_publication_type,panel_a
36098343,secondary_publication_type,panel_a
36096039,secondary_publication_type,panel_a
36093869,secondary_publication_type,panel_a
36072437,secondary_publication_type,panel_a
36067968,secondary_publication_type,panel_a
36066370,secondary_publication_type,panel_a
36065572,secondary_publication_type,panel_a
36062962,secondary_publication_type,panel_a
36060648,secondary_publication_type,panel_a
36059702,secondary_publication_type,panel_a
36059645,secondary_publication_type,panel_a
36059618,secondary_publication_type,panel_a
36051936,secondary_publication_type,panel_a
36051922,secondary_publication_type,panel_a
36048585,secondary_publication_type,panel_a
36046454,secondary_publication_type,panel_a
36046444,secondary_publication_type,panel_a
36046057,secondary_publication_type,panel_a
36046054,secondary_publication_type,panel_a
36043614,secondary_publication_type,panel_a
36043611,secondary_publication_type,panel_a
36042989,secondary_publication_type,panel_a
36042648,secondary_publication_type,panel_a
36039482,secondary_publication_type,panel_a
36035346,secondary_publication_type,panel_a
36035341,secondary_publication_type,panel_a
36035291,secondary_publication_type,panel_a
36035290,secondary_publication_type,panel_a
36033583,secondary_publication_type,panel_a
36033565,secondary_publication_type,panel_a
36031496,secondary_publication_type,panel_a
36018355,secondary_publication_type,panel_a
36013293,secondary_publication_type,panel_a
36013194,secondary_publication_type,panel_a
36012657,secondary_publication_type,panel_a
36011168,secondary_publication_type,panel_a
36011048,secondary_publication_type,panel_a
36010905,secondary_publication_type,panel_a
36010891,secondary_publication_type,panel_a
36010861,secondary_publication_type,panel_a
36010850,secondary_publication_type,panel_a
36010200,secondary_publication_type,panel_a
36009026,secondary_publication_type,panel_a
36005187,secondary_publication_type,panel_a
36003514,secondary_publication_type,panel_a
36000869,secondary_publication_type,panel_a
35998809,secondary_publication_type,panel_a
35998421,secondary_publication_type,panel_a
35993550,secondary_publication_type,panel_a
35993330,secondary_publication_type,panel_a
35993045,secondary_publication_type,panel_a
35993044,secondary_publication_type,panel_a
35990664,secondary_publication_type,panel_a
35989400,secondary_publication_type,panel_a
35986593,secondary_publication_type,panel_a
35986563,secondary_publication_type,panel_a
35982952,secondary_publication_type,panel_a
35965569,secondary_publication_type,panel_a
35965548,secondary_publication_type,panel_a
35965542,secondary_publication_type,panel_a
35965430,secondary_publication_type,panel_a
35958763,secondary_publication_type,panel_a
35954496,secondary_publication_type,panel_a
35954443,secondary_publication_type,panel_a
35954435,secondary_publication_type,panel_a
35954370,secondary_publication_type,panel_a
35951286,secondary_publication_type,panel_a
35944500,secondary_publication_type,panel_a
35941874,secondary_publication_type,panel_a
35936360,secondary_publication_type,panel_a
35931404,secondary_publication_type,panel_a
35928919,secondary_publication_type,panel_a
35928918,secondary_publication_type,panel_a
35928860,secondary_publication_type,panel_a
35925143,secondary_publication_type,panel_a
35925142,secondary_publication_type,panel_a
35922018,secondary_publication_type,panel_a
35919991,secondary_publication_type,panel_a
35919500,secondary_publication_type,panel_a
35914978,secondary_publication_type,panel_a
35914383,secondary_publication_type,panel_a
35913626,secondary_publication_type,panel_a
35913381,secondary_publication_type,panel_a
35912249,secondary_publication_type,panel_a
35910490,secondary_publication_type,panel_a
35909482,secondary_publication_type,panel_a
35909480,secondary_publication_type,panel_a
35909389,secondary_publication_type,panel_a
40636414,secondary_publication_type,panel_a
35909214,secondary_publication_type,panel_a
35908102,secondary_publication_type,panel_a
35907198,secondary_publication_type,panel_a
35903917,secondary_publication_type,panel_a
35898684,secondary_publication_type,panel_a
35898680,secondary_publication_type,panel_a
35896912,secondary_publication_type,panel_a
35895118,secondary_publication_type,panel_a
35893083,secondary_publication_type,panel_a
35892487,secondary_publication_type,panel_a
35892459,secondary_publication_type,panel_a
35888036,secondary_publication_type,panel_a
35884593,secondary_publication_type,panel_a
35884577,secondary_publication_type,panel_a
35884559,secondary_publication_type,panel_a
35884530,secondary_publication_type,panel_a
35884503,secondary_publication_type,panel_a
35884462,secondary_publication_type,panel_a
35884418,secondary_publication_type,panel_a
35882634,secondary_publication_type,panel_a
35880168,secondary_publication_type,panel_a
35879817,secondary_publication_type,panel_a
35879151,secondary_publication_type,panel_a
35878613,secondary_publication_type,panel_a
35876797,secondary_publication_type,panel_a
35875739,secondary_publication_type,panel_a
35867841,secondary_publication_type,panel_a
35867236,secondary_publication_type,panel_a
35859667,secondary_publication_type,panel_a
35852574,secondary_publication_type,panel_a
35852144,secondary_publication_type,panel_a
35847882,secondary_publication_type,panel_a
35832854,secondary_publication_type,panel_a
35832843,secondary_publication_type,panel_a
35832550,secondary_publication_type,panel_a
35832457,secondary_publication_type,panel_a
35832299,secondary_publication_type,panel_a
35832207,secondary_publication_type,panel_a
35819329,secondary_publication_type,panel_a
35816550,secondary_publication_type,panel_a
35814914,secondary_publication_type,panel_a
35814577,secondary_publication_type,panel_a
35809970,secondary_publication_type,panel_a
35809211,secondary_publication_type,panel_a
35809090,secondary_publication_type,panel_a
35806859,secondary_publication_type,panel_a
35805059,secondary_publication_type,panel_a
35804988,secondary_publication_type,panel_a
35804834,secondary_publication_type,panel_a
35803776,secondary_publication_type,panel_a
35800216,secondary_publication_type,panel_a
35798904,secondary_publication_type,panel_a
35793875,secondary_publication_type,panel_a
35793389,secondary_publication_type,panel_a
35792413,secondary_publication_type,panel_a
35789489,secondary_publication_type,panel_a
35787208,secondary_publication_type,panel_a
35785212,secondary_publication_type,panel_a
35783579,secondary_publication_type,panel_a
35781181,secondary_publication_type,panel_a
35780454,secondary_publication_type,panel_a
35778673,secondary_publication_type,panel_a
35772379,secondary_publication_type,panel_a
35771379,secondary_publication_type,panel_a
35770936,secondary_publication_type,panel_a
35770126,secondary_publication_type,panel_a
35769667,secondary_publication_type,panel_a
35767056,secondary_publication_type,panel_a
35764908,secondary_publication_type,panel_a
35761336,secondary_publication_type,panel_a
35761160,secondary_publication_type,panel_a
35757482,secondary_publication_type,panel_a
35751462,secondary_publication_type,panel_a
35751182,secondary_publication_type,panel_a
35751030,secondary_publication_type,panel_a
35750402,secondary_publication_type,panel_a
35743766,secondary_publication_type,panel_a
35742947,secondary_publication_type,panel_a
35741300,secondary_publication_type,panel_a
35741161,secondary_publication_type,panel_a
35740526,secondary_publication_type,panel_a
35738915,secondary_publication_type,panel_a
35735595,secondary_publication_type,panel_a
35732783,secondary_publication_type,panel_a
35732149,secondary_publication_type,panel_a
35726190,secondary_publication_type,panel_a
35721882,secondary_publication_type,panel_a
35717368,secondary_publication_type,panel_a
35717201,secondary_publication_type,panel_a
35715706,secondary_publication_type,panel_a
35715704,secondary_publication_type,panel_a
35712485,secondary_publication_type,panel_a
35711517,secondary_publication_type,panel_a
35703218,secondary_publication_type,panel_a
35701671,secondary_publication_type,panel_a
35693015,secondary_publication_type,panel_a
35692589,secondary_publication_type,panel_a
35691714,secondary_publication_type,panel_a
35690271,secondary_publication_type,panel_a
35687700,secondary_publication_type,panel_a
35687667,secondary_publication_type,panel_a
35685861,secondary_publication_type,panel_a
35681603,secondary_publication_type,panel_a
35681585,secondary_publication_type,panel_a
35681570,secondary_publication_type,panel_a
35678418,secondary_publication_type,panel_a
35676951,secondary_publication_type,panel_a
35676751,secondary_publication_type,panel_a
35676420,secondary_publication_type,panel_a
35675255,secondary_publication_type,panel_a
35674355,secondary_publication_type,panel_a
35671432,secondary_publication_type,panel_a
35667155,secondary_publication_type,panel_a
35664770,secondary_publication_type,panel_a
35662443,secondary_publication_type,panel_a
35662369,secondary_publication_type,panel_a
35662054,secondary_publication_type,panel_a
35661474,secondary_publication_type,panel_a
35661199,secondary_publication_type,panel_a
35657016,secondary_publication_type,panel_a
35655521,secondary_publication_type,panel_a
35653327,secondary_publication_type,panel_a
35652378,secondary_publication_type,panel_a
35651308,secondary_publication_type,panel_a
35650276,secondary_publication_type,panel_a
35647991,secondary_publication_type,panel_a
35645982,secondary_publication_type,panel_a
35642760,secondary_publication_type,panel_a
35641346,secondary_publication_type,panel_a
35641339,secondary_publication_type,panel_a
35639125,secondary_publication_type,panel_a
35637947,secondary_publication_type,panel_a
35636978,secondary_publication_type,panel_a
35635736,secondary_publication_type,panel_a
35634352,secondary_publication_type,panel_a
35634081,secondary_publication_type,panel_a
35626220,secondary_publication_type,panel_a
35626142,secondary_publication_type,panel_a
35626048,secondary_publication_type,panel_a
35623118,secondary_publication_type,panel_a
35621177,secondary_publication_type,panel_a
35613905,secondary_publication_type,panel_a
35612065,secondary_publication_type,panel_a
35608448,secondary_publication_type,panel_a
35599360,secondary_publication_type,panel_a
35599171,secondary_publication_type,panel_a
35589255,secondary_publication_type,panel_a
35589249,secondary_publication_type,panel_a
35587827,secondary_publication_type,panel_a
35581928,secondary_publication_type,panel_a
35579955,secondary_publication_type,panel_a
35576518,secondary_publication_type,panel_a
35576517,secondary_publication_type,panel_a
35575434,secondary_publication_type,panel_a
35572730,secondary_publication_type,panel_a
35566723,secondary_publication_type,panel_a
35565216,secondary_publication_type,panel_a
35553003,secondary_publication_type,panel_a
35551012,secondary_publication_type,panel_a
35548473,secondary_publication_type,panel_a
35543333,secondary_publication_type,panel_a
35536132,secondary_publication_type,panel_a
35534392,secondary_publication_type,panel_a
35531111,secondary_publication_type,panel_a
35529346,secondary_publication_type,panel_a
35528341,secondary_publication_type,panel_a
35528242,secondary_publication_type,panel_a
35525631,secondary_publication_type,panel_a
37492685,secondary_publication_type,panel_a
35509623,secondary_publication_type,panel_a
35509425,secondary_publication_type,panel_a
35506648,secondary_publication_type,panel_a
35506581,secondary_publication_type,panel_a
35505115,secondary_publication_type,panel_a
35486171,secondary_publication_type,panel_a
35485851,secondary_publication_type,panel_a
35478847,secondary_publication_type,panel_a
35469751,secondary_publication_type,panel_a
35463303,secondary_publication_type,panel_a
35463008,secondary_publication_type,panel_a
35459957,secondary_publication_type,panel_a
35455906,secondary_publication_type,panel_a
35455077,secondary_publication_type,panel_a
35455043,secondary_publication_type,panel_a
35454904,secondary_publication_type,panel_a
35454767,secondary_publication_type,panel_a
35453992,secondary_publication_type,panel_a
35453977,secondary_publication_type,panel_a
35453892,secondary_publication_type,panel_a
35453885,secondary_publication_type,panel_a
35453870,secondary_publication_type,panel_a
35453847,secondary_publication_type,panel_a
35453841,secondary_publication_type,panel_a
35447948,secondary_publication_type,panel_a
35443570,secondary_publication_type,panel_a
35438326,secondary_publication_type,panel_a
35434978,secondary_publication_type,panel_a
35432588,secondary_publication_type,panel_a
35430976,secondary_publication_type,panel_a
35430037,secondary_publication_type,panel_a
35429321,secondary_publication_type,panel_a
35428360,secondary_publication_type,panel_a
35421855,secondary_publication_type,panel_a
35410801,secondary_publication_type,panel_a
35406460,secondary_publication_type,panel_a
35406429,secondary_publication_type,panel_a
35406426,secondary_publication_type,panel_a
35392497,secondary_publication_type,panel_a
35390650,secondary_publication_type,panel_a
35387251,secondary_publication_type,panel_a
35385145,secondary_publication_type,panel_a
35384124,secondary_publication_type,panel_a
35383487,secondary_publication_type,panel_a
35378943,secondary_publication_type,panel_a
35373360,secondary_publication_type,panel_a
35371989,secondary_publication_type,panel_a
35371287,secondary_publication_type,panel_a
35369354,secondary_publication_type,panel_a
35366583,secondary_publication_type,panel_a
35366088,secondary_publication_type,panel_a
35365318,secondary_publication_type,panel_a
35364684,secondary_publication_type,panel_a
35361577,secondary_publication_type,panel_a
35360550,secondary_publication_type,panel_a
35359414,secondary_publication_type,panel_a
35359360,secondary_publication_type,panel_a
35356214,secondary_publication_type,panel_a
35356213,secondary_publication_type,panel_a
35348765,secondary_publication_type,panel_a
35347462,secondary_publication_type,panel_a
35347386,secondary_publication_type,panel_a
35347371,secondary_publication_type,panel_a
35345333,secondary_publication_type,panel_a
35344132,secondary_publication_type,panel_a
35343010,secondary_publication_type,panel_a
35342954,secondary_publication_type,panel_a
35340900,secondary_publication_type,panel_a
35339339,secondary_publication_type,panel_a
35339259,secondary_publication_type,panel_a
35330479,secondary_publication_type,panel_a
35330402,secondary_publication_type,panel_a
35330068,secondary_publication_type,panel_a
35326674,secondary_publication_type,panel_a
35326526,secondary_publication_type,panel_a
35326521,secondary_publication_type,panel_a
35325881,secondary_publication_type,panel_a
35325372,secondary_publication_type,panel_a
35323660,secondary_publication_type,panel_a
35317424,secondary_publication_type,panel_a
35316928,secondary_publication_type,panel_a
35316364,secondary_publication_type,panel_a
35310182,secondary_publication_type,panel_a
35303556,secondary_publication_type,panel_a
35301238,secondary_publication_type,panel_a
35300774,secondary_publication_type,panel_a
35294642,secondary_publication_type,panel_a
35291050,secondary_publication_type,panel_a
35290910,secondary_publication_type,panel_a
35286139,secondary_publication_type,panel_a
35281945,secondary_publication_type,panel_a
35281604,secondary_publication_type,panel_a
35280776,secondary_publication_type,panel_a
35278122,secondary_publication_type,panel_a
35277758,secondary_publication_type,panel_a
35276686,secondary_publication_type,panel_a
35275898,secondary_publication_type,panel_a
35275101,secondary_publication_type,panel_a
35274903,secondary_publication_type,panel_a
35271115,secondary_publication_type,panel_a
35269607,secondary_publication_type,panel_a
35267657,secondary_publication_type,panel_a
35267650,secondary_publication_type,panel_a
35267505,secondary_publication_type,panel_a
35265830,secondary_publication_type,panel_a
40636134,secondary_publication_type,panel_a
35261910,secondary_publication_type,panel_a
35256301,secondary_publication_type,panel_a
35253286,secondary_publication_type,panel_a
35251962,secondary_publication_type,panel_a
35251566,secondary_publication_type,panel_a
35249100,secondary_publication_type,panel_a
35248459,secondary_publication_type,panel_a
35244965,secondary_publication_type,panel_a
35243281,secondary_publication_type,panel_a
35242687,secondary_publication_type,panel_a
35242181,secondary_publication_type,panel_a
35237090,secondary_publication_type,panel_a
35236598,secondary_publication_type,panel_a
35233862,secondary_publication_type,panel_a
35232304,secondary_publication_type,panel_a
35230188,secondary_publication_type,panel_a
35228489,secondary_publication_type,panel_a
35228172,secondary_publication_type,panel_a
35226140,secondary_publication_type,panel_a
35222894,secondary_publication_type,panel_a
35222880,secondary_publication_type,panel_a
35218112,secondary_publication_type,panel_a
35216855,secondary_publication_type,panel_a
35214183,secondary_publication_type,panel_a
35213357,secondary_publication_type,panel_a
35213083,secondary_publication_type,panel_a
35213075,secondary_publication_type,panel_a
35212785,secondary_publication_type,panel_a
35211929,secondary_publication_type,panel_a
35208385,secondary_publication_type,panel_a
35207763,secondary_publication_type,panel_a
35205805,secondary_publication_type,panel_a
35204561,secondary_publication_type,panel_a
35204400,secondary_publication_type,panel_a
35204388,secondary_publication_type,panel_a
35204380,secondary_publication_type,panel_a
35203493,secondary_publication_type,panel_a
35202206,secondary_publication_type,panel_a
35200747,secondary_publication_type,panel_a
35199070,secondary_publication_type,panel_a
35195746,secondary_publication_type,panel_a
35193813,secondary_publication_type,panel_a
35188693,secondary_publication_type,panel_a
35186739,secondary_publication_type,panel_a
35186156,secondary_publication_type,panel_a
35184757,secondary_publication_type,panel_a
35181470,secondary_publication_type,panel_a
35180709,secondary_publication_type,panel_a
35179398,secondary_publication_type,panel_a
35174194,secondary_publication_type,panel_a
35174084,secondary_publication_type,panel_a
35172558,secondary_publication_type,panel_a
35162902,secondary_publication_type,panel_a
35160069,secondary_publication_type,panel_a
35159060,secondary_publication_type,panel_a
35158932,secondary_publication_type,panel_a
35158921,secondary_publication_type,panel_a
35158836,secondary_publication_type,panel_a
35155240,secondary_publication_type,panel_a
35154619,secondary_publication_type,panel_a
35144387,secondary_publication_type,panel_a
35144039,secondary_publication_type,panel_a
35141002,secondary_publication_type,panel_a
35140903,secondary_publication_type,panel_a
35140829,secondary_publication_type,panel_a
35140773,secondary_publication_type,panel_a
35138551,secondary_publication_type,panel_a
35137543,secondary_publication_type,panel_a
35133201,secondary_publication_type,panel_a
35131608,secondary_publication_type,panel_a
35129845,secondary_publication_type,panel_a
35125822,secondary_publication_type,panel_a
35124733,secondary_publication_type,panel_a
35119914,secondary_publication_type,panel_a
35116098,secondary_publication_type,panel_a
35104005,secondary_publication_type,panel_a
35102468,secondary_publication_type,panel_a
35101700,secondary_publication_type,panel_a
35096134,secondary_publication_type,panel_a
35096129,secondary_publication_type,panel_a
35090695,secondary_publication_type,panel_a
35086891,secondary_publication_type,panel_a
35083890,secondary_publication_type,panel_a
35073937,secondary_publication_type,panel_a
35073203,secondary_publication_type,panel_a
35070232,secondary_publication_type,panel_a
35067424,secondary_publication_type,panel_a
35065909,secondary_publication_type,panel_a
35065872,secondary_publication_type,panel_a
35062144,secondary_publication_type,panel_a
35054823,secondary_publication_type,panel_a
35053594,secondary_publication_type,panel_a
35053531,secondary_publication_type,panel_a
35053474,secondary_publication_type,panel_a
35048135,secondary_publication_type,panel_a
35047154,secondary_publication_type,panel_a
35047149,secondary_publication_type,panel_a
35047057,secondary_publication_type,panel_a
35042151,secondary_publication_type,panel_a
35040680,secondary_publication_type,panel_a
35040678,secondary_publication_type,panel_a
35040408,secondary_publication_type,panel_a
35039756,secondary_publication_type,panel_a
35038383,secondary_publication_type,panel_a
35035524,secondary_publication_type,panel_a
35031945,secondary_publication_type,panel_a
35028877,secondary_publication_type,panel_a
35028122,secondary_publication_type,panel_a
35027940,secondary_publication_type,panel_a
35027759,secondary_publication_type,panel_a
35027373,secondary_publication_type,panel_a
35020109,secondary_publication_type,panel_a
35018799,secondary_publication_type,panel_a
35018795,secondary_publication_type,panel_a
35016100,secondary_publication_type,panel_a
35001159,secondary_publication_type,panel_a
34999476,secondary_publication_type,panel_a
34996666,secondary_publication_type,panel_a
34981578,secondary_publication_type,panel_a
34973230,secondary_publication_type,panel_a
37082946,secondary_publication_type,panel_a
34954758,secondary_publication_type,panel_a
34939849,secondary_publication_type,panel_a
34911430,secondary_publication_type,panel_a
34907957,secondary_publication_type,panel_a
34862558,secondary_publication_type,panel_a
34862553,secondary_publication_type,panel_a
34862538,secondary_publication_type,panel_a
34856911,secondary_publication_type,panel_a
34811607,secondary_publication_type,panel_a
34809872,secondary_publication_type,panel_a
34809871,secondary_publication_type,panel_a
34809866,secondary_publication_type,panel_a
34809864,secondary_publication_type,panel_a
34809863,secondary_publication_type,panel_a
34802583,secondary_publication_type,panel_a
34798981,secondary_publication_type,panel_a
34751162,secondary_publication_type,panel_a
34695189,secondary_publication_type,panel_a
34591085,secondary_publication_type,panel_a
34561990,secondary_publication_type,panel_a
34456187,secondary_publication_type,panel_a
34121074,secondary_publication_type,panel_a
33845727,secondary_publication_type,panel_a
33655872,secondary_publication_type,panel_a
39171128,secondary_publication_type,panel_a
39027146,secondary_publication_type,panel_a
38912238,secondary_publication_type,panel_a
38816086,secondary_publication_type,panel_a
38751479,secondary_publication_type,panel_a
38669754,secondary_publication_type,panel_a
38416959,secondary_publication_type,panel_a
38416903,secondary_publication_type,panel_a
38410233,secondary_publication_type,panel_a
38382422,secondary_publication_type,panel_a
38352179,secondary_publication_type,panel_a
38297925,secondary_publication_type,panel_a
38249158,secondary_publication_type,panel_a
38238281,secondary_publication_type,panel_a
38234405,secondary_publication_type,panel_a
38204603,secondary_publication_type,panel_a
38202233,secondary_publication_type,panel_a
38202179,secondary_publication_type,panel_a
38201621,secondary_publication_type,panel_a
38201557,secondary_publication_type,panel_a
38201408,secondary_publication_type,panel_a
38201387,secondary_publication_type,panel_a
38192969,secondary_publication_type,panel_a
38180137,secondary_publication_type,panel_a
38179406,secondary_publication_type,panel_a
38164195,secondary_publication_type,panel_a
38160135,secondary_publication_type,panel_a
38157879,secondary_publication_type,panel_a
38156176,secondary_publication_type,panel_a
38156064,secondary_publication_type,panel_a
38151383,secondary_publication_type,panel_a
38149231,secondary_publication_type,panel_a
38146775,secondary_publication_type,panel_a
38144945,secondary_publication_type,panel_a
38137868,secondary_publication_type,panel_a
38137738,secondary_publication_type,panel_a
38136405,secondary_publication_type,panel_a
38136373,secondary_publication_type,panel_a
38136026,secondary_publication_type,panel_a
38132192,secondary_publication_type,panel_a
38129269,secondary_publication_type,panel_a
38125949,secondary_publication_type,panel_a
38125925,secondary_publication_type,panel_a
38123690,secondary_publication_type,panel_a
38117341,secondary_publication_type,panel_a
38116845,secondary_publication_type,panel_a
38115810,secondary_publication_type,panel_a
38113080,secondary_publication_type,panel_a
38111330,secondary_publication_type,panel_a
38105500,secondary_publication_type,panel_a
38103924,secondary_publication_type,panel_a
38103513,secondary_publication_type,panel_a
38102956,secondary_publication_type,panel_a
38102918,secondary_publication_type,panel_a
38094613,secondary_publication_type,panel_a
38089749,secondary_publication_type,panel_a
38089005,secondary_publication_type,panel_a
38085134,secondary_publication_type,panel_a
38084492,secondary_publication_type,panel_a
38084173,secondary_publication_type,panel_a
38076050,secondary_publication_type,panel_a
38068536,secondary_publication_type,panel_a
38067404,secondary_publication_type,panel_a
38067395,secondary_publication_type,panel_a
38065024,secondary_publication_type,panel_a
38063957,secondary_publication_type,panel_a
38062853,secondary_publication_type,panel_a
38062291,secondary_publication_type,panel_a
38059496,secondary_publication_type,panel_a
38058345,secondary_publication_type,panel_a
38056346,secondary_publication_type,panel_a
38056135,secondary_publication_type,panel_a
38054965,secondary_publication_type,panel_a
38053616,secondary_publication_type,panel_a
38053419,secondary_publication_type,panel_a
38043379,secondary_publication_type,panel_a
38041785,secondary_publication_type,panel_a
38040124,secondary_publication_type,panel_a
39944000,secondary_publication_type,panel_a
38033529,secondary_publication_type,panel_a
38032181,secondary_publication_type,panel_a
38024014,secondary_publication_type,panel_a
38023130,secondary_publication_type,panel_a
38021155,secondary_publication_type,panel_a
38020501,secondary_publication_type,panel_a
38016690,secondary_publication_type,panel_a
38016689,secondary_publication_type,panel_a
38016063,secondary_publication_type,panel_a
38014445,secondary_publication_type,panel_a
38013345,secondary_publication_type,panel_a
38013233,secondary_publication_type,panel_a
38011781,secondary_publication_type,panel_a
38010387,secondary_publication_type,panel_a
38009373,secondary_publication_type,panel_a
38009119,secondary_publication_type,panel_a
38003905,secondary_publication_type,panel_a
38002646,secondary_publication_type,panel_a
38002413,secondary_publication_type,panel_a
38001875,secondary_publication_type,panel_a
38001728,secondary_publication_type,panel_a
38001356,secondary_publication_type,panel_a
37999736,secondary_publication_type,panel_a
37998619,secondary_publication_type,panel_a
37995996,secondary_publication_type,panel_a
37995707,secondary_publication_type,panel_a
37993845,secondary_publication_type,panel_a
39712977,secondary_publication_type,panel_a
37990050,secondary_publication_type,panel_a
37987344,secondary_publication_type,panel_a
37982502,secondary_publication_type,panel_a
37982353,secondary_publication_type,panel_a
37981627,secondary_publication_type,panel_a
37977054,secondary_publication_type,panel_a
37976760,secondary_publication_type,panel_a
37976086,secondary_publication_type,panel_a
37975316,secondary_publication_type,panel_a
37974516,secondary_publication_type,panel_a
37973244,secondary_publication_type,panel_a
37973236,secondary_publication_type,panel_a
37973024,secondary_publication_type,panel_a
37972509,secondary_publication_type,panel_a
37972216,secondary_publication_type,panel_a
37971682,secondary_publication_type,panel_a
37970960,secondary_publication_type,panel_a
37969632,secondary_publication_type,panel_a
37967585,secondary_publication_type,panel_a
37965284,secondary_publication_type,panel_a
37959310,secondary_publication_type,panel_a
37959287,secondary_publication_type,panel_a
37958461,secondary_publication_type,panel_a
37958452,secondary_publication_type,panel_a
37958411,secondary_publication_type,panel_a
37958390,secondary_publication_type,panel_a
37958267,secondary_publication_type,panel_a
37955670,secondary_publication_type,panel_a
37954104,secondary_publication_type,panel_a
37949155,secondary_publication_type,panel_a
37948681,secondary_publication_type,panel_a
37947865,secondary_publication_type,panel_a
37946595,secondary_publication_type,panel_a
37946091,secondary_publication_type,panel_a
37945937,secondary_publication_type,panel_a
37945102,secondary_publication_type,panel_a
37945099,secondary_publication_type,panel_a
37945098,secondary_publication_type,panel_a
37945095,secondary_publication_type,panel_a
37944934,secondary_publication_type,panel_a
37936604,secondary_publication_type,panel_a
37936016,secondary_publication_type,panel_a
37935406,secondary_publication_type,panel_a
37934247,secondary_publication_type,panel_a
37934098,secondary_publication_type,panel_a
37930415,secondary_publication_type,panel_a
37928897,secondary_publication_type,panel_a
37927373,secondary_publication_type,panel_a
37926780,secondary_publication_type,panel_a
37926067,secondary_publication_type,panel_a
37925349,secondary_publication_type,panel_a
37925343,secondary_publication_type,panel_a
37924769,secondary_publication_type,panel_a
37923836,secondary_publication_type,panel_a
37918328,secondary_publication_type,panel_a
37916605,secondary_publication_type,panel_a
37916171,secondary_publication_type,panel_a
37915046,secondary_publication_type,panel_a
37914883,secondary_publication_type,panel_a
37914431,secondary_publication_type,panel_a
37909882,secondary_publication_type,panel_a
37907246,secondary_publication_type,panel_a
37905681,secondary_publication_type,panel_a
37900395,secondary_publication_type,panel_a
37899806,secondary_publication_type,panel_a
37899794,secondary_publication_type,panel_a
37898437,secondary_publication_type,panel_a
37895409,secondary_publication_type,panel_a
37895393,secondary_publication_type,panel_a
37894447,secondary_publication_type,panel_a
37894285,secondary_publication_type,panel_a
37891064,secondary_publication_type,panel_a
37889265,secondary_publication_type,panel_a
37887627,secondary_publication_type,panel_a
37884877,secondary_publication_type,panel_a
37880044,secondary_publication_type,panel_a
37879443,secondary_publication_type,panel_a
37879305,secondary_publication_type,panel_a
37877601,secondary_publication_type,panel_a
37875656,secondary_publication_type,panel_a
37873927,secondary_publication_type,panel_a
37867018,secondary_publication_type,panel_a
37863559,secondary_publication_type,panel_a
37863557,secondary_publication_type,panel_a
37863075,secondary_publication_type,panel_a
37862104,secondary_publication_type,panel_a
37859746,secondary_publication_type,panel_a
37858478,secondary_publication_type,panel_a
37855976,secondary_publication_type,panel_a
37855435,secondary_publication_type,panel_a
37847134,secondary_publication_type,panel_a
37844882,secondary_publication_type,panel_a
37841693,secondary_publication_type,panel_a
37838524,secondary_publication_type,panel_a
37835875,secondary_publication_type,panel_a
37835821,secondary_publication_type,panel_a
37835808,secondary_publication_type,panel_a
37835797,secondary_publication_type,panel_a
37835584,secondary_publication_type,panel_a
37835371,secondary_publication_type,panel_a
37832751,secondary_publication_type,panel_a
37831207,secondary_publication_type,panel_a
37827087,secondary_publication_type,panel_a
37820522,secondary_publication_type,panel_a
37818933,secondary_publication_type,panel_a
37818764,secondary_publication_type,panel_a
37817511,secondary_publication_type,panel_a
37815447,secondary_publication_type,panel_a
37814320,secondary_publication_type,panel_a
37812062,secondary_publication_type,panel_a
37806795,secondary_publication_type,panel_a
37806742,secondary_publication_type,panel_a
37806735,secondary_publication_type,panel_a
37805624,secondary_publication_type,panel_a
37804007,secondary_publication_type,panel_a
37802753,secondary_publication_type,panel_a
37802058,secondary_publication_type,panel_a
37802057,secondary_publication_type,panel_a
37801997,secondary_publication_type,panel_a
37800594,secondary_publication_type,panel_a
37800441,secondary_publication_type,panel_a
37799725,secondary_publication_type,panel_a
37798482,secondary_publication_type,panel_a
37796946,secondary_publication_type,panel_a
37796413,secondary_publication_type,panel_a
37795439,secondary_publication_type,panel_a
37795010,secondary_publication_type,panel_a
37794609,secondary_publication_type,panel_a
37787598,secondary_publication_type,panel_a
37784122,secondary_publication_type,panel_a
37783612,secondary_publication_type,panel_a
37782339,secondary_publication_type,panel_a
37771434,secondary_publication_type,panel_a
37770765,secondary_publication_type,panel_a
37770204,secondary_publication_type,panel_a
37768550,secondary_publication_type,panel_a
37763661,secondary_publication_type,panel_a
37763157,secondary_publication_type,panel_a
37761373,secondary_publication_type,panel_a
37761243,secondary_publication_type,panel_a
37760633,secondary_publication_type,panel_a
37760487,secondary_publication_type,panel_a
37760399,secondary_publication_type,panel_a
37759727,secondary_publication_type,panel_a
37755575,secondary_publication_type,panel_a
37753089,secondary_publication_type,panel_a
37752032,secondary_publication_type,panel_a
37749301,secondary_publication_type,panel_a
37748706,secondary_publication_type,panel_a
37747904,secondary_publication_type,panel_a
37747582,secondary_publication_type,panel_a
37746301,secondary_publication_type,panel_a
37743663,secondary_publication_type,panel_a
37741646,secondary_publication_type,panel_a
37741641,secondary_publication_type,panel_a
37740838,secondary_publication_type,panel_a
37740088,secondary_publication_type,panel_a
37740085,secondary_publication_type,panel_a
37740083,secondary_publication_type,panel_a
37738580,secondary_publication_type,panel_a
37734434,secondary_publication_type,panel_a
37728315,secondary_publication_type,panel_a
37727910,secondary_publication_type,panel_a
37727213,secondary_publication_type,panel_a
37724962,secondary_publication_type,panel_a
37724784,secondary_publication_type,panel_a
37722385,secondary_publication_type,panel_a
37720531,secondary_publication_type,panel_a
37719016,secondary_publication_type,panel_a
37719013,secondary_publication_type,panel_a
37717526,secondary_publication_type,panel_a
37715137,secondary_publication_type,panel_a
37714731,secondary_publication_type,panel_a
37714669,secondary_publication_type,panel_a
37714633,secondary_publication_type,panel_a
37712893,secondary_publication_type,panel_a
37708283,secondary_publication_type,panel_a
37704183,secondary_publication_type,panel_a
37702885,secondary_publication_type,panel_a
37700082,secondary_publication_type,panel_a
37698684,secondary_publication_type,panel_a
37696178,secondary_publication_type,panel_a
37693924,secondary_publication_type,panel_a
37693051,secondary_publication_type,panel_a
37691329,secondary_publication_type,panel_a
37690352,secondary_publication_type,panel_a
37689089,secondary_publication_type,panel_a
37686665,secondary_publication_type,panel_a
37686619,secondary_publication_type,panel_a
37685350,secondary_publication_type,panel_a
37685281,secondary_publication_type,panel_a
37685265,secondary_publication_type,panel_a
37684407,secondary_publication_type,panel_a
37684306,secondary_publication_type,panel_a
37684183,secondary_publication_type,panel_a
37684182,secondary_publication_type,panel_a
37679175,secondary_publication_type,panel_a
37676382,secondary_publication_type,panel_a
37675040,secondary_publication_type,panel_a
37667143,secondary_publication_type,panel_a
37666944,secondary_publication_type,panel_a
37666535,secondary_publication_type,panel_a
37664701,secondary_publication_type,panel_a
37664330,secondary_publication_type,panel_a
37658895,secondary_publication_type,panel_a
37656661,secondary_publication_type,panel_a
37656245,secondary_publication_type,panel_a
37655432,secondary_publication_type,panel_a
37653025,secondary_publication_type,panel_a
37652765,secondary_publication_type,panel_a
37652005,secondary_publication_type,panel_a
37650971,secondary_publication_type,panel_a
37647155,secondary_publication_type,panel_a
37645667,secondary_publication_type,panel_a
37642360,secondary_publication_type,panel_a
37639187,secondary_publication_type,panel_a
37638845,secondary_publication_type,panel_a
37637044,secondary_publication_type,panel_a
37637035,secondary_publication_type,panel_a
37635491,secondary_publication_type,panel_a
37632823,secondary_publication_type,panel_a
37632562,secondary_publication_type,panel_a
37629397,secondary_publication_type,panel_a
37629288,secondary_publication_type,panel_a
37627935,secondary_publication_type,panel_a
37627882,secondary_publication_type,panel_a
37627876,secondary_publication_type,panel_a
37627783,secondary_publication_type,panel_a
37627190,secondary_publication_type,panel_a
37627071,secondary_publication_type,panel_a
37626240,secondary_publication_type,panel_a
37623681,secondary_publication_type,panel_a
37623469,secondary_publication_type,panel_a
37614529,secondary_publication_type,panel_a
37614499,secondary_publication_type,panel_a
37608900,secondary_publication_type,panel_a
37608772,secondary_publication_type,panel_a
37608213,secondary_publication_type,panel_a
37596343,secondary_publication_type,panel_a
37596138,secondary_publication_type,panel_a
37595518,secondary_publication_type,panel_a
37594552,secondary_publication_type,panel_a
37589377,secondary_publication_type,panel_a
37588088,secondary_publication_type,panel_a
37586959,secondary_publication_type,panel_a
37586146,secondary_publication_type,panel_a
37581350,secondary_publication_type,panel_a
37580852,secondary_publication_type,panel_a
37580849,secondary_publication_type,panel_a
37578324,secondary_publication_type,panel_a
37578322,secondary_publication_type,panel_a
37577305,secondary_publication_type,panel_a
37577298,secondary_publication_type,panel_a
37576885,secondary_publication_type,panel_a
37576700,secondary_publication_type,panel_a
37573581,secondary_publication_type,panel_a
37568955,secondary_publication_type,panel_a
37568954,secondary_publication_type,panel_a
37568797,secondary_publication_type,panel_a
37568660,secondary_publication_type,panel_a
37568655,secondary_publication_type,panel_a
37568606,secondary_publication_type,panel_a
37568585,secondary_publication_type,panel_a
37565088,secondary_publication_type,panel_a
37564726,secondary_publication_type,panel_a
37563286,secondary_publication_type,panel_a
37562218,secondary_publication_type,panel_a
37560257,secondary_publication_type,panel_a
37556898,secondary_publication_type,panel_a
37556603,secondary_publication_type,panel_a
37554645,secondary_publication_type,panel_a
37553129,secondary_publication_type,panel_a
37551703,secondary_publication_type,panel_a
37551554,secondary_publication_type,panel_a
37550878,secondary_publication_type,panel_a
37548514,secondary_publication_type,panel_a
37548229,secondary_publication_type,panel_a
37546423,secondary_publication_type,panel_a
37545645,secondary_publication_type,panel_a
37541268,secondary_publication_type,panel_a
37541183,secondary_publication_type,panel_a
37540322,secondary_publication_type,panel_a
37538112,secondary_publication_type,panel_a
37534540,secondary_publication_type,panel_a
37531951,secondary_publication_type,panel_a
37531213,secondary_publication_type,panel_a
37530402,secondary_publication_type,panel_a
37530397,secondary_publication_type,panel_a
37529843,secondary_publication_type,panel_a
37526865,secondary_publication_type,panel_a
37526546,secondary_publication_type,panel_a
37526543,secondary_publication_type,panel_a
37523001,secondary_publication_type,panel_a
37519801,secondary_publication_type,panel_a
37517325,secondary_publication_type,panel_a
37516592,secondary_publication_type,panel_a
37512773,secondary_publication_type,panel_a
37511936,secondary_publication_type,panel_a
37511192,secondary_publication_type,panel_a
37510204,secondary_publication_type,panel_a
37510183,secondary_publication_type,panel_a
37510160,secondary_publication_type,panel_a
37510154,secondary_publication_type,panel_a
37509272,secondary_publication_type,panel_a
37509204,secondary_publication_type,panel_a
37505105,secondary_publication_type,panel_a
37501333,secondary_publication_type,panel_a
37500964,secondary_publication_type,panel_a
37499847,secondary_publication_type,panel_a
40027282,secondary_publication_type,panel_a
37498830,secondary_publication_type,panel_a
37494804,secondary_publication_type,panel_a
37493248,secondary_publication_type,panel_a
37492388,secondary_publication_type,panel_a
37488621,secondary_publication_type,panel_a
37487906,secondary_publication_type,panel_a
37482489,secondary_publication_type,panel_a
37481344,secondary_publication_type,panel_a
37480939,secondary_publication_type,panel_a
37477782,secondary_publication_type,panel_a
37473825,secondary_publication_type,panel_a
37471671,secondary_publication_type,panel_a
37470973,secondary_publication_type,panel_a
37466860,secondary_publication_type,panel_a
37460991,secondary_publication_type,panel_a
37460635,secondary_publication_type,panel_a
37459457,secondary_publication_type,panel_a
37459283,secondary_publication_type,panel_a
37456051,secondary_publication_type,panel_a
37455833,secondary_publication_type,panel_a
37455823,secondary_publication_type,panel_a
37454557,secondary_publication_type,panel_a
37451515,secondary_publication_type,panel_a
37448557,secondary_publication_type,panel_a
37445243,secondary_publication_type,panel_a
37444535,secondary_publication_type,panel_a
37444503,secondary_publication_type,panel_a
37444376,secondary_publication_type,panel_a
37443692,secondary_publication_type,panel_a
37443687,secondary_publication_type,panel_a
37443568,secondary_publication_type,panel_a
37443547,secondary_publication_type,panel_a
37439933,secondary_publication_type,panel_a
37434097,secondary_publication_type,panel_a
37432493,secondary_publication_type,panel_a
37432086,secondary_publication_type,panel_a
37410060,secondary_publication_type,panel_a
37402951,secondary_publication_type,panel_a
37397344,secondary_publication_type,panel_a
37395982,secondary_publication_type,panel_a
37395888,secondary_publication_type,panel_a
37394789,secondary_publication_type,panel_a
37392598,secondary_publication_type,panel_a
37391622,secondary_publication_type,panel_a
37390801,secondary_publication_type,panel_a
37389595,secondary_publication_type,panel_a
37389003,secondary_publication_type,panel_a
37388583,secondary_publication_type,panel_a
37388225,secondary_publication_type,panel_a
37386745,secondary_publication_type,panel_a
37385850,secondary_publication_type,panel_a
37380569,secondary_publication_type,panel_a
37374150,secondary_publication_type,panel_a
37371706,secondary_publication_type,panel_a
37370940,secondary_publication_type,panel_a
37370936,secondary_publication_type,panel_a
37370909,secondary_publication_type,panel_a
37370869,secondary_publication_type,panel_a
37370748,secondary_publication_type,panel_a
37368543,secondary_publication_type,panel_a
37365266,secondary_publication_type,panel_a
37358403,secondary_publication_type,panel_a
37357263,secondary_publication_type,panel_a
37357026,secondary_publication_type,panel_a
40206631,secondary_publication_type,panel_a
37353996,secondary_publication_type,panel_a
37350952,secondary_publication_type,panel_a
37349190,secondary_publication_type,panel_a
37347090,secondary_publication_type,panel_a
37346067,secondary_publication_type,panel_a
37345172,secondary_publication_type,panel_a
37343323,secondary_publication_type,panel_a
37338561,secondary_publication_type,panel_a
37338358,secondary_publication_type,panel_a
37336693,secondary_publication_type,panel_a
37331780,secondary_publication_type,panel_a
37331571,secondary_publication_type,panel_a
37330305,secondary_publication_type,panel_a
37329621,secondary_publication_type,panel_a
37326780,secondary_publication_type,panel_a
37324072,secondary_publication_type,panel_a
37324009,secondary_publication_type,panel_a
37323175,secondary_publication_type,panel_a
37315382,secondary_publication_type,panel_a
37314068,secondary_publication_type,panel_a
37311806,secondary_publication_type,panel_a
37310248,secondary_publication_type,panel_a
37308956,secondary_publication_type,panel_a
37306402,secondary_publication_type,panel_a
37302934,secondary_publication_type,panel_a
37302519,secondary_publication_type,panel_a
37301097,secondary_publication_type,panel_a
37299852,secondary_publication_type,panel_a
37297953,secondary_publication_type,panel_a
37297735,secondary_publication_type,panel_a
37296826,secondary_publication_type,panel_a
37296271,secondary_publication_type,panel_a
37295904,secondary_publication_type,panel_a
37294959,secondary_publication_type,panel_a
37294455,secondary_publication_type,panel_a
37294453,secondary_publication_type,panel_a
37291378,secondary_publication_type,panel_a
37290687,secondary_publication_type,panel_a
37288505,secondary_publication_type,panel_a
37287036,secondary_publication_type,panel_a
37284172,secondary_publication_type,panel_a
37283110,secondary_publication_type,panel_a
37282580,secondary_publication_type,panel_a
37280374,secondary_publication_type,panel_a
37279303,secondary_publication_type,panel_a
37278924,secondary_publication_type,panel_a
37278831,secondary_publication_type,panel_a
37275303,secondary_publication_type,panel_a
37274803,secondary_publication_type,panel_a
37274561,secondary_publication_type,panel_a
37274276,secondary_publication_type,panel_a
37264500,secondary_publication_type,panel_a
37264316,secondary_publication_type,panel_a
37258875,secondary_publication_type,panel_a
37251934,secondary_publication_type,panel_a
37245934,secondary_publication_type,panel_a
37245886,secondary_publication_type,panel_a
37245883,secondary_publication_type,panel_a
37245882,secondary_publication_type,panel_a
37245881,secondary_publication_type,panel_a
37245681,secondary_publication_type,panel_a
37245342,secondary_publication_type,panel_a
37244628,secondary_publication_type,panel_a
37244587,secondary_publication_type,panel_a
37243994,secondary_publication_type,panel_a
37240643,secondary_publication_type,panel_a
37239775,secondary_publication_type,panel_a
37238283,secondary_publication_type,panel_a
37236811,secondary_publication_type,panel_a
37234780,secondary_publication_type,panel_a
37233743,secondary_publication_type,panel_a
37233647,secondary_publication_type,panel_a
37233206,secondary_publication_type,panel_a
37232830,secondary_publication_type,panel_a
37232799,secondary_publication_type,panel_a
37226190,secondary_publication_type,panel_a
37219621,secondary_publication_type,panel_a
37219445,secondary_publication_type,panel_a
37219442,secondary_publication_type,panel_a
37218935,secondary_publication_type,panel_a
37211292,secondary_publication_type,panel_a
37210124,secondary_publication_type,panel_a
37205309,secondary_publication_type,panel_a
37204102,secondary_publication_type,panel_a
37202805,secondary_publication_type,panel_a
37202642,secondary_publication_type,panel_a
37201475,secondary_publication_type,panel_a
37197415,secondary_publication_type,panel_a
37195305,secondary_publication_type,panel_a
37190328,secondary_publication_type,panel_a
37189835,secondary_publication_type,panel_a
37189155,secondary_publication_type,panel_a
37189014,secondary_publication_type,panel_a
37188987,secondary_publication_type,panel_a
37188192,secondary_publication_type,panel_a
37185992,secondary_publication_type,panel_a
37183076,secondary_publication_type,panel_a
37181821,secondary_publication_type,panel_a
37181405,secondary_publication_type,panel_a
37179225,secondary_publication_type,panel_a
37178270,secondary_publication_type,panel_a
37175054,secondary_publication_type,panel_a
37174954,secondary_publication_type,panel_a
37174039,secondary_publication_type,panel_a
37174012,secondary_publication_type,panel_a
37173958,secondary_publication_type,panel_a
37173876,secondary_publication_type,panel_a
37173578,secondary_publication_type,panel_a
37171755,secondary_publication_type,panel_a
37171491,secondary_publication_type,panel_a
37170662,secondary_publication_type,panel_a
37169435,secondary_publication_type,panel_a
37165923,secondary_publication_type,panel_a
37165916,secondary_publication_type,panel_a
37165151,secondary_publication_type,panel_a
37159874,secondary_publication_type,panel_a
37155130,secondary_publication_type,panel_a
37154415,secondary_publication_type,panel_a
37150779,secondary_publication_type,panel_a
37142824,secondary_publication_type,panel_a
37142345,secondary_publication_type,panel_a
37141238,secondary_publication_type,panel_a
37129485,secondary_publication_type,panel_a
37124532,secondary_publication_type,panel_a
37124523,secondary_publication_type,panel_a
37121880,secondary_publication_type,panel_a
37120403,secondary_publication_type,panel_a
37116818,secondary_publication_type,panel_a
37115511,secondary_publication_type,panel_a
37114657,secondary_publication_type,panel_a
37113061,secondary_publication_type,panel_a
37111363,secondary_publication_type,panel_a
37109630,secondary_publication_type,panel_a
37108377,secondary_publication_type,panel_a
37101417,secondary_publication_type,panel_a
37097296,secondary_publication_type,panel_a
37097139,secondary_publication_type,panel_a
37097138,secondary_publication_type,panel_a
37094971,secondary_publication_type,panel_a
37092219,secondary_publication_type,panel_a
37091458,secondary_publication_type,panel_a
37091180,secondary_publication_type,panel_a
37087139,secondary_publication_type,panel_a
37083159,secondary_publication_type,panel_a
37081983,secondary_publication_type,panel_a
37081866,secondary_publication_type,panel_a
37078100,secondary_publication_type,panel_a
37077698,secondary_publication_type,panel_a
37077177,secondary_publication_type,panel_a
37073898,secondary_publication_type,panel_a
37069426,secondary_publication_type,panel_a
37067005,secondary_publication_type,panel_a
37064257,secondary_publication_type,panel_a
37061456,secondary_publication_type,panel_a
37060240,secondary_publication_type,panel_a
37056347,secondary_publication_type,panel_a
37056158,secondary_publication_type,panel_a
37055885,secondary_publication_type,panel_a
37054656,secondary_publication_type,panel_a
37052873,secondary_publication_type,panel_a
37050766,secondary_publication_type,panel_a
37046845,secondary_publication_type,panel_a
37046773,secondary_publication_type,panel_a
37046700,secondary_publication_type,panel_a
37040474,secondary_publication_type,panel_a
37039710,secondary_publication_type,panel_a
37039689,secondary_publication_type,panel_a
37037418,secondary_publication_type,panel_a
37037358,secondary_publication_type,panel_a
37035194,secondary_publication_type,panel_a
37033348,secondary_publication_type,panel_a
37030483,secondary_publication_type,panel_a
37029285,secondary_publication_type,panel_a
37024522,secondary_publication_type,panel_a
37019303,secondary_publication_type,panel_a
37016034,secondary_publication_type,panel_a
37007970,secondary_publication_type,panel_a
37004221,secondary_publication_type,panel_a
37001563,secondary_publication_type,panel_a
37000507,secondary_publication_type,panel_a
37000340,secondary_publication_type,panel_a
36998424,secondary_publication_type,panel_a
36996383,secondary_publication_type,panel_a
36991494,secondary_publication_type,panel_a
36986729,secondary_publication_type,panel_a
36980790,secondary_publication_type,panel_a
36980722,secondary_publication_type,panel_a
36980436,secondary_publication_type,panel_a
36976528,secondary_publication_type,panel_a
36971899,secondary_publication_type,panel_a
36965187,secondary_publication_type,panel_a
36960754,secondary_publication_type,panel_a
36959810,secondary_publication_type,panel_a
36959790,secondary_publication_type,panel_a
36948664,secondary_publication_type,panel_a
36947283,secondary_publication_type,panel_a
36945063,secondary_publication_type,panel_a
36939778,secondary_publication_type,panel_a
36936913,secondary_publication_type,panel_a
36933953,secondary_publication_type,panel_a
36933074,secondary_publication_type,panel_a
36933049,secondary_publication_type,panel_a
36930147,secondary_publication_type,panel_a
36927442,secondary_publication_type,panel_a
36919468,secondary_publication_type,panel_a
36919223,secondary_publication_type,panel_a
36918479,secondary_publication_type,panel_a
36916724,secondary_publication_type,panel_a
36912262,secondary_publication_type,panel_a
36911692,secondary_publication_type,panel_a
36907387,secondary_publication_type,panel_a
36906112,secondary_publication_type,panel_a
36905928,secondary_publication_type,panel_a
36900751,secondary_publication_type,panel_a
36900338,secondary_publication_type,panel_a
36900136,secondary_publication_type,panel_a
36900079,secondary_publication_type,panel_a
36890029,secondary_publication_type,panel_a
36876730,secondary_publication_type,panel_a
36874083,secondary_publication_type,panel_a
38625364,secondary_publication_type,panel_a
36870800,secondary_publication_type,panel_a
36870241,secondary_publication_type,panel_a
36867973,secondary_publication_type,panel_a
36867239,secondary_publication_type,panel_a
36866773,secondary_publication_type,panel_a
36866239,secondary_publication_type,panel_a
36862499,secondary_publication_type,panel_a
36858729,secondary_publication_type,panel_a
36849435,secondary_publication_type,panel_a
36847112,secondary_publication_type,panel_a
39355054,secondary_publication_type,panel_a
36836877,secondary_publication_type,panel_a
36836460,secondary_publication_type,panel_a
36835977,secondary_publication_type,panel_a
36835908,secondary_publication_type,panel_a
36834563,secondary_publication_type,panel_a
36832294,secondary_publication_type,panel_a
36832254,secondary_publication_type,panel_a
36832171,secondary_publication_type,panel_a
36832150,secondary_publication_type,panel_a
36832113,secondary_publication_type,panel_a
36832073,secondary_publication_type,panel_a
36831662,secondary_publication_type,panel_a
36831627,secondary_publication_type,panel_a
36830900,secondary_publication_type,panel_a
36829492,secondary_publication_type,panel_a
36827068,secondary_publication_type,panel_a
36824140,secondary_publication_type,panel_a
36822661,secondary_publication_type,panel_a
36822377,secondary_publication_type,panel_a
36820890,secondary_publication_type,panel_a
36819250,secondary_publication_type,panel_a
36813293,secondary_publication_type,panel_a
36809425,secondary_publication_type,panel_a
36808595,secondary_publication_type,panel_a
36803978,secondary_publication_type,panel_a
36803003,secondary_publication_type,panel_a
36801447,secondary_publication_type,panel_a
36801189,secondary_publication_type,panel_a
36800539,secondary_publication_type,panel_a
36799722,secondary_publication_type,panel_a
36799417,secondary_publication_type,panel_a
36794254,secondary_publication_type,panel_a
36792078,secondary_publication_type,panel_a
36792074,secondary_publication_type,panel_a
36790908,secondary_publication_type,panel_a
36790570,secondary_publication_type,panel_a
36786570,secondary_publication_type,panel_a
36785839,secondary_publication_type,panel_a
36782274,secondary_publication_type,panel_a
36774835,secondary_publication_type,panel_a
36773967,secondary_publication_type,panel_a
36773599,secondary_publication_type,panel_a
36769616,secondary_publication_type,panel_a
36765900,secondary_publication_type,panel_a
36765794,secondary_publication_type,panel_a
36765671,secondary_publication_type,panel_a
36762872,secondary_publication_type,panel_a
36761698,secondary_publication_type,panel_a
36760835,secondary_publication_type,panel_a
36756121,secondary_publication_type,panel_a
36749494,secondary_publication_type,panel_a
36749493,secondary_publication_type,panel_a
36749371,secondary_publication_type,panel_a
36749218,secondary_publication_type,panel_a
36749212,secondary_publication_type,panel_a
36744580,secondary_publication_type,panel_a
38487199,secondary_publication_type,panel_a
36739356,secondary_publication_type,panel_a
40636408,secondary_publication_type,panel_a
36733405,secondary_publication_type,panel_a
36732944,secondary_publication_type,panel_a
36722762,secondary_publication_type,panel_a
36721672,secondary_publication_type,panel_a
36705775,secondary_publication_type,panel_a
36703586,secondary_publication_type,panel_a
36702211,secondary_publication_type,panel_a
36700396,secondary_publication_type,panel_a
36697024,secondary_publication_type,panel_a
36694318,secondary_publication_type,panel_a
36689150,secondary_publication_type,panel_a
36689077,secondary_publication_type,panel_a
36688023,secondary_publication_type,panel_a
36683711,secondary_publication_type,panel_a
36681876,secondary_publication_type,panel_a
36675367,secondary_publication_type,panel_a
36675348,secondary_publication_type,panel_a
36673112,secondary_publication_type,panel_a
36673038,secondary_publication_type,panel_a
36672494,secondary_publication_type,panel_a
36672417,secondary_publication_type,panel_a
36672304,secondary_publication_type,panel_a
36672301,secondary_publication_type,panel_a
36672286,secondary_publication_type,panel_a
36661354,secondary_publication_type,panel_a
36661197,secondary_publication_type,panel_a
36657945,secondary_publication_type,panel_a
36655705,secondary_publication_type,panel_a
36653517,secondary_publication_type,panel_a
36651306,secondary_publication_type,panel_a
36648615,secondary_publication_type,panel_a
36646021,secondary_publication_type,panel_a
36641292,secondary_publication_type,panel_a
36639335,secondary_publication_type,panel_a
36639175,secondary_publication_type,panel_a
36633800,secondary_publication_type,panel_a
36632567,secondary_publication_type,panel_a
36630983,secondary_publication_type,panel_a
36629884,secondary_publication_type,panel_a
36625489,secondary_publication_type,panel_a
36612297,secondary_publication_type,panel_a
36611453,secondary_publication_type,panel_a
36610935,secondary_publication_type,panel_a
36607830,secondary_publication_type,panel_a
36604325,secondary_publication_type,panel_a
36604099,secondary_publication_type,panel_a
36599081,secondary_publication_type,panel_a
36594840,secondary_publication_type,panel_a
38572457,secondary_publication_type,panel_a
36517196,secondary_publication_type,panel_a
36482271,secondary_publication_type,panel_a
36443968,secondary_publication_type,panel_a
36424829,secondary_publication_type,panel_a
36042117,secondary_publication_type,panel_a
35737636,secondary_publication_type,panel_a
35689760,secondary_publication_type,panel_a
35392788,secondary_publication_type,panel_a
35313419,secondary_publication_type,panel_a
41221464,secondary_publication_type,panel_a
41200664,secondary_publication_type,panel_a
40783927,secondary_publication_type,panel_a
40704006,secondary_publication_type,panel_a
40703991,secondary_publication_type,panel_a
40603567,secondary_publication_type,panel_a
40443543,secondary_publication_type,panel_a
40412835,secondary_publication_type,panel_a
40297115,secondary_publication_type,panel_a
40201726,secondary_publication_type,panel_a
40182614,secondary_publication_type,panel_a
40162103,secondary_publication_type,panel_a
40094037,secondary_publication_type,panel_a
40021237,secondary_publication_type,panel_a
39990854,secondary_publication_type,panel_a
39990836,secondary_publication_type,panel_a
39950167,secondary_publication_type,panel_a
39944586,secondary_publication_type,panel_a
39926099,secondary_publication_type,panel_a
39926091,secondary_publication_type,panel_a
39926075,secondary_publication_type,panel_a
39926065,secondary_publication_type,panel_a
39913511,secondary_publication_type,panel_a
39868377,secondary_publication_type,panel_a
39858416,secondary_publication_type,panel_a
39852315,secondary_publication_type,panel_a
39851787,secondary_publication_type,panel_a
39850402,secondary_publication_type,panel_a
39850392,secondary_publication_type,panel_a
39840208,secondary_publication_type,panel_a
39839785,secondary_publication_type,panel_a
39838987,secondary_publication_type,panel_a
39834943,secondary_publication_type,panel_a
39828387,secondary_publication_type,panel_a
39827065,secondary_publication_type,panel_a
39804577,secondary_publication_type,panel_a
39803662,secondary_publication_type,panel_a
39802971,secondary_publication_type,panel_a
39796698,secondary_publication_type,panel_a
39796653,secondary_publication_type,panel_a
39795593,secondary_publication_type,panel_a
39781205,secondary_publication_type,panel_a
39777602,secondary_publication_type,panel_a
39768061,secondary_publication_type,panel_a
39766186,secondary_publication_type,panel_a
39766167,secondary_publication_type,panel_a
39766095,secondary_publication_type,panel_a
39764458,secondary_publication_type,panel_a
39748708,secondary_publication_type,panel_a
39744526,secondary_publication_type,panel_a
39743477,secondary_publication_type,panel_a
39742800,secondary_publication_type,panel_a
39742798,secondary_publication_type,panel_a
39741746,secondary_publication_type,panel_a
39739041,secondary_publication_type,panel_a
39738571,secondary_publication_type,panel_a
39735056,secondary_publication_type,panel_a
39725735,secondary_publication_type,panel_a
39724231,secondary_publication_type,panel_a
39720966,secondary_publication_type,panel_a
39719474,secondary_publication_type,panel_a
39708260,secondary_publication_type,panel_a
39705625,secondary_publication_type,panel_a
39703759,secondary_publication_type,panel_a
39702630,secondary_publication_type,panel_a
39702409,secondary_publication_type,panel_a
39701880,secondary_publication_type,panel_a
39700663,secondary_publication_type,panel_a
39698558,secondary_publication_type,panel_a
39698012,secondary_publication_type,panel_a
39696503,secondary_publication_type,panel_a
39694737,secondary_publication_type,panel_a
39692996,secondary_publication_type,panel_a
39690281,secondary_publication_type,panel_a
39687145,secondary_publication_type,panel_a
39686586,secondary_publication_type,panel_a
39682649,secondary_publication_type,panel_a
39682285,secondary_publication_type,panel_a
39682107,secondary_publication_type,panel_a
39681008,secondary_publication_type,panel_a
39678870,secondary_publication_type,panel_a
39678498,secondary_publication_type,panel_a
39674756,secondary_publication_type,panel_a
39673071,secondary_publication_type,panel_a
39672755,secondary_publication_type,panel_a
39669560,secondary_publication_type,panel_a
39668161,secondary_publication_type,panel_a
39665958,secondary_publication_type,panel_a
39664230,secondary_publication_type,panel_a
39660823,secondary_publication_type,panel_a
39660185,secondary_publication_type,panel_a
39660034,secondary_publication_type,panel_a
39659791,secondary_publication_type,panel_a
39655852,secondary_publication_type,panel_a
39648239,secondary_publication_type,panel_a
39648097,secondary_publication_type,panel_a
39644273,secondary_publication_type,panel_a
39643515,secondary_publication_type,panel_a
39643472,secondary_publication_type,panel_a
39643464,secondary_publication_type,panel_a
39643051,secondary_publication_type,panel_a
39640122,secondary_publication_type,panel_a
39639925,secondary_publication_type,panel_a
39636893,secondary_publication_type,panel_a
39634963,secondary_publication_type,panel_a
39631740,secondary_publication_type,panel_a
39629887,secondary_publication_type,panel_a
39627928,secondary_publication_type,panel_a
39625963,secondary_publication_type,panel_a
39622569,secondary_publication_type,panel_a
39622222,secondary_publication_type,panel_a
39622122,secondary_publication_type,panel_a
39621118,secondary_publication_type,panel_a
39618625,secondary_publication_type,panel_a
39616879,secondary_publication_type,panel_a
39616372,secondary_publication_type,panel_a
39616091,secondary_publication_type,panel_a
39614346,secondary_publication_type,panel_a
39613636,secondary_publication_type,panel_a
39603364,secondary_publication_type,panel_a
39602098,secondary_publication_type,panel_a
39600475,secondary_publication_type,panel_a
39598249,secondary_publication_type,panel_a
39595051,secondary_publication_type,panel_a
39594242,secondary_publication_type,panel_a
39590942,secondary_publication_type,panel_a
39587051,secondary_publication_type,panel_a
39586898,secondary_publication_type,panel_a
39582879,secondary_publication_type,panel_a
39582533,secondary_publication_type,panel_a
39580037,secondary_publication_type,panel_a
39579981,secondary_publication_type,panel_a
39579663,secondary_publication_type,panel_a
39578321,secondary_publication_type,panel_a
39578172,secondary_publication_type,panel_a
39575423,secondary_publication_type,panel_a
39571560,secondary_publication_type,panel_a
39570018,secondary_publication_type,panel_a
39568787,secondary_publication_type,panel_a
39564069,secondary_publication_type,panel_a
39562432,secondary_publication_type,panel_a
39562260,secondary_publication_type,panel_a
39560558,secondary_publication_type,panel_a
39559386,secondary_publication_type,panel_a
39558950,secondary_publication_type,panel_a
39558397,secondary_publication_type,panel_a
39556691,secondary_publication_type,panel_a
39553101,secondary_publication_type,panel_a
39552500,secondary_publication_type,panel_a
39551652,secondary_publication_type,panel_a
39547976,secondary_publication_type,panel_a
39547916,secondary_publication_type,panel_a
39547898,secondary_publication_type,panel_a
39545978,secondary_publication_type,panel_a
39544481,secondary_publication_type,panel_a
39544479,secondary_publication_type,panel_a
39542696,secondary_publication_type,panel_a
39537823,secondary_publication_type,panel_a
39529836,secondary_publication_type,panel_a
39535476,secondary_publication_type,panel_a
39534551,secondary_publication_type,panel_a
39530659,secondary_publication_type,panel_a
39529480,secondary_publication_type,panel_a
39527265,secondary_publication_type,panel_a
39523274,secondary_publication_type,panel_a
39523273,secondary_publication_type,panel_a
39523272,secondary_publication_type,panel_a
39523269,secondary_publication_type,panel_a
39523268,secondary_publication_type,panel_a
39523267,secondary_publication_type,panel_a
39523263,secondary_publication_type,panel_a
39523259,secondary_publication_type,panel_a
39522103,secondary_publication_type,panel_a
39518322,secondary_publication_type,panel_a
39518140,secondary_publication_type,panel_a
39518120,secondary_publication_type,panel_a
39518063,secondary_publication_type,panel_a
39518036,secondary_publication_type,panel_a
39515964,secondary_publication_type,panel_a
39505676,secondary_publication_type,panel_a
39503845,secondary_publication_type,panel_a
39503190,secondary_publication_type,panel_a
39493332,secondary_publication_type,panel_a
39490225,secondary_publication_type,panel_a
39489430,secondary_publication_type,panel_a
39484029,secondary_publication_type,panel_a
39483333,secondary_publication_type,panel_a
39483315,secondary_publication_type,panel_a
39482925,secondary_publication_type,panel_a
39481846,secondary_publication_type,panel_a
39477722,secondary_publication_type,panel_a
39477506,secondary_publication_type,panel_a
39477505,secondary_publication_type,panel_a
39475034,secondary_publication_type,panel_a
39474591,secondary_publication_type,panel_a
39467913,secondary_publication_type,panel_a
39467891,secondary_publication_type,panel_a
39467779,secondary_publication_type,panel_a
39464716,secondary_publication_type,panel_a
39463566,secondary_publication_type,panel_a
39462678,secondary_publication_type,panel_a
39462677,secondary_publication_type,panel_a
39459482,secondary_publication_type,panel_a
39459360,secondary_publication_type,panel_a
39456604,secondary_publication_type,panel_a
39456563,secondary_publication_type,panel_a
39455291,secondary_publication_type,panel_a
39455194,secondary_publication_type,panel_a
42064392,secondary_publication_type,panel_a
39451602,secondary_publication_type,panel_a
39450109,secondary_publication_type,panel_a
39449897,secondary_publication_type,panel_a
39448273,secondary_publication_type,panel_a
39447096,secondary_publication_type,panel_a
39444654,secondary_publication_type,panel_a
39444272,secondary_publication_type,panel_a
39442802,secondary_publication_type,panel_a
39440678,secondary_publication_type,panel_a
39437753,secondary_publication_type,panel_a
39435690,secondary_publication_type,panel_a
39435342,secondary_publication_type,panel_a
39435052,secondary_publication_type,panel_a
39434042,secondary_publication_type,panel_a
39432664,secondary_publication_type,panel_a
39430391,secondary_publication_type,panel_a
39420819,secondary_publication_type,panel_a
39414594,secondary_publication_type,panel_a
39414421,secondary_publication_type,panel_a
39413940,secondary_publication_type,panel_a
39411915,secondary_publication_type,panel_a
39410530,secondary_publication_type,panel_a
39409989,secondary_publication_type,panel_a
39409906,secondary_publication_type,panel_a
39407770,secondary_publication_type,panel_a
39406605,secondary_publication_type,panel_a
39406602,secondary_publication_type,panel_a
39406222,secondary_publication_type,panel_a
39403286,secondary_publication_type,panel_a
39401682,secondary_publication_type,panel_a
39400739,secondary_publication_type,panel_a
39397129,secondary_publication_type,panel_a
39395899,secondary_publication_type,panel_a
39393997,secondary_publication_type,panel_a
39393216,secondary_publication_type,panel_a
39392061,secondary_publication_type,panel_a
39391057,secondary_publication_type,panel_a
39385935,secondary_publication_type,panel_a
39383642,secondary_publication_type,panel_a
39382639,secondary_publication_type,panel_a
39381043,secondary_publication_type,panel_a
39381037,secondary_publication_type,panel_a
39380589,secondary_publication_type,panel_a
39380013,secondary_publication_type,panel_a
39379239,secondary_publication_type,panel_a
39375809,secondary_publication_type,panel_a
39374312,secondary_publication_type,panel_a
39371931,secondary_publication_type,panel_a
39369107,secondary_publication_type,panel_a
39367786,secondary_publication_type,panel_a
39365615,secondary_publication_type,panel_a
39361110,secondary_publication_type,panel_a
39353797,secondary_publication_type,panel_a
39356481,secondary_publication_type,panel_a
39356439,secondary_publication_type,panel_a
39354728,secondary_publication_type,panel_a
39354109,secondary_publication_type,panel_a
39352072,secondary_publication_type,panel_a
39351425,secondary_publication_type,panel_a
39350098,secondary_publication_type,panel_a
39349785,secondary_publication_type,panel_a
39335784,secondary_publication_type,panel_a
39335767,secondary_publication_type,panel_a
39335670,secondary_publication_type,panel_a
39330753,secondary_publication_type,panel_a
39329997,secondary_publication_type,panel_a
39327010,secondary_publication_type,panel_a
39326887,secondary_publication_type,panel_a
39325781,secondary_publication_type,panel_a
39325194,secondary_publication_type,panel_a
39322406,secondary_publication_type,panel_a
39322260,secondary_publication_type,panel_a
42038134,secondary_publication_type,panel_a
39320577,secondary_publication_type,panel_a
39318257,secondary_publication_type,panel_a
39314609,secondary_publication_type,panel_a
39312896,secondary_publication_type,panel_a
39312294,secondary_publication_type,panel_a
39312102,secondary_publication_type,panel_a
39311932,secondary_publication_type,panel_a
39309415,secondary_publication_type,panel_a
39308594,secondary_publication_type,panel_a
39307651,secondary_publication_type,panel_a
39304962,secondary_publication_type,panel_a
39301494,secondary_publication_type,panel_a
39301168,secondary_publication_type,panel_a
39300939,secondary_publication_type,panel_a
39297908,secondary_publication_type,panel_a
39294311,secondary_publication_type,panel_a
39293988,secondary_publication_type,panel_a
39293798,secondary_publication_type,panel_a
39293402,secondary_publication_type,panel_a
39291427,secondary_publication_type,panel_a
39290245,secondary_publication_type,panel_a
39288288,secondary_publication_type,panel_a
39287924,secondary_publication_type,panel_a
39287872,secondary_publication_type,panel_a
39287526,secondary_publication_type,panel_a
39286759,secondary_publication_type,panel_a
39286268,secondary_publication_type,panel_a
39285146,secondary_publication_type,panel_a
39281484,secondary_publication_type,panel_a
39281127,secondary_publication_type,panel_a
39281123,secondary_publication_type,panel_a
39277586,secondary_publication_type,panel_a
39276704,secondary_publication_type,panel_a
39267561,secondary_publication_type,panel_a
39267420,secondary_publication_type,panel_a
39272969,secondary_publication_type,panel_a
39272846,secondary_publication_type,panel_a
39272809,secondary_publication_type,panel_a
39272675,secondary_publication_type,panel_a
39271284,secondary_publication_type,panel_a
39271278,secondary_publication_type,panel_a
39271276,secondary_publication_type,panel_a
39271261,secondary_publication_type,panel_a
39271260,secondary_publication_type,panel_a
39268200,secondary_publication_type,panel_a
39263563,secondary_publication_type,panel_a
39262065,secondary_publication_type,panel_a
39261231,secondary_publication_type,panel_a
42064394,secondary_publication_type,panel_a
39259925,secondary_publication_type,panel_a
39259021,secondary_publication_type,panel_a
39258759,secondary_publication_type,panel_a
39256895,secondary_publication_type,panel_a
39254454,secondary_publication_type,panel_a
39254403,secondary_publication_type,panel_a
39254229,secondary_publication_type,panel_a
39252824,secondary_publication_type,panel_a
39252521,secondary_publication_type,panel_a
39248274,secondary_publication_type,panel_a
39247002,secondary_publication_type,panel_a
39244858,secondary_publication_type,panel_a
39243496,secondary_publication_type,panel_a
39242086,secondary_publication_type,panel_a
39241305,secondary_publication_type,panel_a
39238640,secondary_publication_type,panel_a
39236787,secondary_publication_type,panel_a
39236061,secondary_publication_type,panel_a
39233936,secondary_publication_type,panel_a
39233894,secondary_publication_type,panel_a
39232974,secondary_publication_type,panel_a
39227277,secondary_publication_type,panel_a
39224209,secondary_publication_type,panel_a
39223336,secondary_publication_type,panel_a
39223026,secondary_publication_type,panel_a
39218614,secondary_publication_type,panel_a
39217209,secondary_publication_type,panel_a
39217049,secondary_publication_type,panel_a
39213210,secondary_publication_type,panel_a
39212687,secondary_publication_type,panel_a
39210586,secondary_publication_type,panel_a
39209644,secondary_publication_type,panel_a
39208360,secondary_publication_type,panel_a
39206604,secondary_publication_type,panel_a
39202322,secondary_publication_type,panel_a
39200959,secondary_publication_type,panel_a
39200342,secondary_publication_type,panel_a
39200141,secondary_publication_type,panel_a
39199622,secondary_publication_type,panel_a
39198085,secondary_publication_type,panel_a
39195294,secondary_publication_type,panel_a
39193459,secondary_publication_type,panel_a
39191631,secondary_publication_type,panel_a
39190622,secondary_publication_type,panel_a
39190175,secondary_publication_type,panel_a
39188685,secondary_publication_type,panel_a
39188582,secondary_publication_type,panel_a
39186182,secondary_publication_type,panel_a
39186000,secondary_publication_type,panel_a
39183137,secondary_publication_type,panel_a
39179652,secondary_publication_type,panel_a
39179248,secondary_publication_type,panel_a
39177617,secondary_publication_type,panel_a
39174361,secondary_publication_type,panel_a
39169166,secondary_publication_type,panel_a
39160306,secondary_publication_type,panel_a
39159949,secondary_publication_type,panel_a
39151838,secondary_publication_type,panel_a
39148139,secondary_publication_type,panel_a
39144060,secondary_publication_type,panel_a
39143665,secondary_publication_type,panel_a
39139289,secondary_publication_type,panel_a
39138806,secondary_publication_type,panel_a
41648652,secondary_publication_type,panel_a
39134866,secondary_publication_type,panel_a
39129138,secondary_publication_type,panel_a
39129137,secondary_publication_type,panel_a
39129080,secondary_publication_type,panel_a
39125481,secondary_publication_type,panel_a
39123438,secondary_publication_type,panel_a
39123427,secondary_publication_type,panel_a
39123392,secondary_publication_type,panel_a
39119093,secondary_publication_type,panel_a
39118787,secondary_publication_type,panel_a
39117267,secondary_publication_type,panel_a
39114749,secondary_publication_type,panel_a
39114200,secondary_publication_type,panel_a
39113129,secondary_publication_type,panel_a
39111200,secondary_publication_type,panel_a
39110196,secondary_publication_type,panel_a
39105953,secondary_publication_type,panel_a
39105746,secondary_publication_type,panel_a
39105745,secondary_publication_type,panel_a
39105644,secondary_publication_type,panel_a
39104626,secondary_publication_type,panel_a
39103206,secondary_publication_type,panel_a
39099907,secondary_publication_type,panel_a
39097509,secondary_publication_type,panel_a
39096946,secondary_publication_type,panel_a
41675540,secondary_publication_type,panel_a
39092371,secondary_publication_type,panel_a
39090234,secondary_publication_type,panel_a
39089749,secondary_publication_type,panel_a
39085640,secondary_publication_type,panel_a
39082845,secondary_publication_type,panel_a
39082840,secondary_publication_type,panel_a
39081158,secondary_publication_type,panel_a
39079201,secondary_publication_type,panel_a
39074952,secondary_publication_type,panel_a
39066145,secondary_publication_type,panel_a
39064037,secondary_publication_type,panel_a
39061614,secondary_publication_type,panel_a
39060885,secondary_publication_type,panel_a
39058366,secondary_publication_type,panel_a
39058299,secondary_publication_type,panel_a
39054633,secondary_publication_type,panel_a
39054210,secondary_publication_type,panel_a
39053633,secondary_publication_type,panel_a
39053289,secondary_publication_type,panel_a
39053133,secondary_publication_type,panel_a
39051534,secondary_publication_type,panel_a
39046516,secondary_publication_type,panel_a
39046415,secondary_publication_type,panel_a
39044885,secondary_publication_type,panel_a
39043042,secondary_publication_type,panel_a
39041935,secondary_publication_type,panel_a
39041628,secondary_publication_type,panel_a
39040452,secondary_publication_type,panel_a
39040448,secondary_publication_type,panel_a
39035833,secondary_publication_type,panel_a
39033391,secondary_publication_type,panel_a
39032957,secondary_publication_type,panel_a
39032244,secondary_publication_type,panel_a
39032010,secondary_publication_type,panel_a
39031344,secondary_publication_type,panel_a
39029807,secondary_publication_type,panel_a
39026971,secondary_publication_type,panel_a
39026109,secondary_publication_type,panel_a
39026059,secondary_publication_type,panel_a
39025746,secondary_publication_type,panel_a
39022282,secondary_publication_type,panel_a
39018646,secondary_publication_type,panel_a
39017760,secondary_publication_type,panel_a
39017031,secondary_publication_type,panel_a
39014086,secondary_publication_type,panel_a
39012416,secondary_publication_type,panel_a
39009914,secondary_publication_type,panel_a
39007948,secondary_publication_type,panel_a
39007224,secondary_publication_type,panel_a
39003625,secondary_publication_type,panel_a
39003124,secondary_publication_type,panel_a
39001527,secondary_publication_type,panel_a
39001321,secondary_publication_type,panel_a
39001283,secondary_publication_type,panel_a
38999473,secondary_publication_type,panel_a
38997571,secondary_publication_type,panel_a
38996662,secondary_publication_type,panel_a
38994317,secondary_publication_type,panel_a
38993603,secondary_publication_type,panel_a
38992848,secondary_publication_type,panel_a
38989809,secondary_publication_type,panel_a
38986953,secondary_publication_type,panel_a
38985185,secondary_publication_type,panel_a
38983364,secondary_publication_type,panel_a
38981435,secondary_publication_type,panel_a
38980626,secondary_publication_type,panel_a
38980407,secondary_publication_type,panel_a
38974238,secondary_publication_type,panel_a
38973163,secondary_publication_type,panel_a
38972953,secondary_publication_type,panel_a
38970818,secondary_publication_type,panel_a
38970050,secondary_publication_type,panel_a
38968499,secondary_publication_type,panel_a
38967067,secondary_publication_type,panel_a
38966975,secondary_publication_type,panel_a
38965093,secondary_publication_type,panel_a
38964244,secondary_publication_type,panel_a
38962585,secondary_publication_type,panel_a
38961718,secondary_publication_type,panel_a
38959786,secondary_publication_type,panel_a
38958849,secondary_publication_type,panel_a
38957322,secondary_publication_type,panel_a
38954561,secondary_publication_type,panel_a
38954077,secondary_publication_type,panel_a
38945979,secondary_publication_type,panel_a
38944639,secondary_publication_type,panel_a
38944629,secondary_publication_type,panel_a
38944542,secondary_publication_type,panel_a
38942638,secondary_publication_type,panel_a
38942459,secondary_publication_type,panel_a
38940911,secondary_publication_type,panel_a
38939246,secondary_publication_type,panel_a
38937295,secondary_publication_type,panel_a
38937115,secondary_publication_type,panel_a
38935817,secondary_publication_type,panel_a
38935233,secondary_publication_type,panel_a
38932757,secondary_publication_type,panel_a
38929989,secondary_publication_type,panel_a
38929710,secondary_publication_type,panel_a
38927416,secondary_publication_type,panel_a
38924227,secondary_publication_type,panel_a
38923826,secondary_publication_type,panel_a
38923789,secondary_publication_type,panel_a
38923550,secondary_publication_type,panel_a
38922912,secondary_publication_type,panel_a
38918124,secondary_publication_type,panel_a
38914767,secondary_publication_type,panel_a
38910787,secondary_publication_type,panel_a
38910065,secondary_publication_type,panel_a
38910064,secondary_publication_type,panel_a
38910057,secondary_publication_type,panel_a
38909860,secondary_publication_type,panel_a
38907128,secondary_publication_type,panel_a
38905878,secondary_publication_type,panel_a
38905802,secondary_publication_type,panel_a
38905572,secondary_publication_type,panel_a
38903707,secondary_publication_type,panel_a
38902420,secondary_publication_type,panel_a
38900327,secondary_publication_type,panel_a
38899720,secondary_publication_type,panel_a
38898733,secondary_publication_type,panel_a
38898175,secondary_publication_type,panel_a
38898144,secondary_publication_type,panel_a
38895928,secondary_publication_type,panel_a
38894608,secondary_publication_type,panel_a
38893224,secondary_publication_type,panel_a
38893102,secondary_publication_type,panel_a
38891220,secondary_publication_type,panel_a
38887230,secondary_publication_type,panel_a
38885951,secondary_publication_type,panel_a
38885905,secondary_publication_type,panel_a
38885231,secondary_publication_type,panel_a
38881914,secondary_publication_type,panel_a
38881114,secondary_publication_type,panel_a
38881051,secondary_publication_type,panel_a
38879400,secondary_publication_type,panel_a
38877356,secondary_publication_type,panel_a
38876122,secondary_publication_type,panel_a
38875938,secondary_publication_type,panel_a
38873358,secondary_publication_type,panel_a
38872212,secondary_publication_type,panel_a
38871125,secondary_publication_type,panel_a
38868590,secondary_publication_type,panel_a
38867688,secondary_publication_type,panel_a
38867143,secondary_publication_type,panel_a
38865982,secondary_publication_type,panel_a
38865546,secondary_publication_type,panel_a
38864704,secondary_publication_type,panel_a
38858209,secondary_publication_type,panel_a
38856921,secondary_publication_type,panel_a
38855809,secondary_publication_type,panel_a
38854714,secondary_publication_type,panel_a
38853221,secondary_publication_type,panel_a
38853080,secondary_publication_type,panel_a
38852314,secondary_publication_type,panel_a
38851935,secondary_publication_type,panel_a
38851317,secondary_publication_type,panel_a
38851079,secondary_publication_type,panel_a
38848695,secondary_publication_type,panel_a
38847848,secondary_publication_type,panel_a
38845306,secondary_publication_type,panel_a
38845296,secondary_publication_type,panel_a
38844359,secondary_publication_type,panel_a
38842285,secondary_publication_type,panel_a
38841160,secondary_publication_type,panel_a
38840600,secondary_publication_type,panel_a
38840331,secondary_publication_type,panel_a
42064399,secondary_publication_type,panel_a
38838235,secondary_publication_type,panel_a
38836602,secondary_publication_type,panel_a
38832882,secondary_publication_type,panel_a
38825609,secondary_publication_type,panel_a
38824087,secondary_publication_type,panel_a
38822894,secondary_publication_type,panel_a
38821240,secondary_publication_type,panel_a
38821101,secondary_publication_type,panel_a
38820936,secondary_publication_type,panel_a
38820391,secondary_publication_type,panel_a
38814810,secondary_publication_type,panel_a
38812383,secondary_publication_type,panel_a
38811389,secondary_publication_type,panel_a
38809123,secondary_publication_type,panel_a
38807833,secondary_publication_type,panel_a
38807455,secondary_publication_type,panel_a
38807336,secondary_publication_type,panel_a
38807191,secondary_publication_type,panel_a
38806730,secondary_publication_type,panel_a
38806113,secondary_publication_type,panel_a
38805049,secondary_publication_type,panel_a
38797626,secondary_publication_type,panel_a
38794920,secondary_publication_type,panel_a
38794919,secondary_publication_type,panel_a
38792005,secondary_publication_type,panel_a
38791983,secondary_publication_type,panel_a
38791977,secondary_publication_type,panel_a
38791958,secondary_publication_type,panel_a
38791888,secondary_publication_type,panel_a
38791871,secondary_publication_type,panel_a
38791095,secondary_publication_type,panel_a
38790370,secondary_publication_type,panel_a
38790318,secondary_publication_type,panel_a
38790300,secondary_publication_type,panel_a
38788610,secondary_publication_type,panel_a
38787015,secondary_publication_type,panel_a
38787014,secondary_publication_type,panel_a
38784380,secondary_publication_type,panel_a
38783970,secondary_publication_type,panel_a
38782779,secondary_publication_type,panel_a
38781919,secondary_publication_type,panel_a
38780105,secondary_publication_type,panel_a
38780094,secondary_publication_type,panel_a
38779417,secondary_publication_type,panel_a
38779098,secondary_publication_type,panel_a
38779095,secondary_publication_type,panel_a
38778642,secondary_publication_type,panel_a
38777902,secondary_publication_type,panel_a
38777705,secondary_publication_type,panel_a
38777544,secondary_publication_type,panel_a
38777538,secondary_publication_type,panel_a
38776803,secondary_publication_type,panel_a
38772802,secondary_publication_type,panel_a
38770445,secondary_publication_type,panel_a
38769791,secondary_publication_type,panel_a
38769022,secondary_publication_type,panel_a
38762643,secondary_publication_type,panel_a
38762472,secondary_publication_type,panel_a
38761272,secondary_publication_type,panel_a
38761260,secondary_publication_type,panel_a
38757446,secondary_publication_type,panel_a
38755439,secondary_publication_type,panel_a
38752669,secondary_publication_type,panel_a
38748730,secondary_publication_type,panel_a
38748507,secondary_publication_type,panel_a
38748374,secondary_publication_type,panel_a
38748373,secondary_publication_type,panel_a
38747570,secondary_publication_type,panel_a
38744703,secondary_publication_type,panel_a
38742352,secondary_publication_type,panel_a
38740709,secondary_publication_type,panel_a
38738494,secondary_publication_type,panel_a
38737735,secondary_publication_type,panel_a
38736544,secondary_publication_type,panel_a
38735157,secondary_publication_type,panel_a
38734145,secondary_publication_type,panel_a
38733421,secondary_publication_type,panel_a
38731128,secondary_publication_type,panel_a
38730730,secondary_publication_type,panel_a
38730638,secondary_publication_type,panel_a
38730550,secondary_publication_type,panel_a
38729337,secondary_publication_type,panel_a
38728812,secondary_publication_type,panel_a
38727841,secondary_publication_type,panel_a
38725633,secondary_publication_type,panel_a
38725247,secondary_publication_type,panel_a
38723232,secondary_publication_type,panel_a
38719103,secondary_publication_type,panel_a
38718876,secondary_publication_type,panel_a
38718224,secondary_publication_type,panel_a
38717290,secondary_publication_type,panel_a
38717286,secondary_publication_type,panel_a
38716075,secondary_publication_type,panel_a
38712658,secondary_publication_type,panel_a
38712427,secondary_publication_type,panel_a
38712425,secondary_publication_type,panel_a
38712418,secondary_publication_type,panel_a
38712412,secondary_publication_type,panel_a
38712408,secondary_publication_type,panel_a
38712406,secondary_publication_type,panel_a
38711852,secondary_publication_type,panel_a
38711781,secondary_publication_type,panel_a
38711711,secondary_publication_type,panel_a
38706590,secondary_publication_type,panel_a
38705743,secondary_publication_type,panel_a
38704783,secondary_publication_type,panel_a
38704287,secondary_publication_type,panel_a
38703435,secondary_publication_type,panel_a
38701131,secondary_publication_type,panel_a
38699652,secondary_publication_type,panel_a
38699592,secondary_publication_type,panel_a
38697818,secondary_publication_type,panel_a
38697000,secondary_publication_type,panel_a
38691945,secondary_publication_type,panel_a
38691914,secondary_publication_type,panel_a
38689150,secondary_publication_type,panel_a
38686726,secondary_publication_type,panel_a
38685346,secondary_publication_type,panel_a
38683770,secondary_publication_type,panel_a
38683153,secondary_publication_type,panel_a
38679750,secondary_publication_type,panel_a
38672725,secondary_publication_type,panel_a
38670918,secondary_publication_type,panel_a
38668401,secondary_publication_type,panel_a
38667493,secondary_publication_type,panel_a
38667477,secondary_publication_type,panel_a
38666933,secondary_publication_type,panel_a
38666775,secondary_publication_type,panel_a
38665752,secondary_publication_type,panel_a
38664142,secondary_publication_type,panel_a
38663911,secondary_publication_type,panel_a
38663471,secondary_publication_type,panel_a
38663433,secondary_publication_type,panel_a
38662938,secondary_publication_type,panel_a
38662265,secondary_publication_type,panel_a
38662101,secondary_publication_type,panel_a
38658286,secondary_publication_type,panel_a
38657439,secondary_publication_type,panel_a
38656711,secondary_publication_type,panel_a
38655907,secondary_publication_type,panel_a
38652130,secondary_publication_type,panel_a
38649972,secondary_publication_type,panel_a
38647016,secondary_publication_type,panel_a
38644241,secondary_publication_type,panel_a
38640824,secondary_publication_type,panel_a
38637186,secondary_publication_type,panel_a
38635935,secondary_publication_type,panel_a
38634050,secondary_publication_type,panel_a
38633291,secondary_publication_type,panel_a
38631932,secondary_publication_type,panel_a
38630147,secondary_publication_type,panel_a
38627537,secondary_publication_type,panel_a
38626512,secondary_publication_type,panel_a
38625613,secondary_publication_type,panel_a
38625543,secondary_publication_type,panel_a
38619651,secondary_publication_type,panel_a
38614870,secondary_publication_type,panel_a
38614826,secondary_publication_type,panel_a
38614250,secondary_publication_type,panel_a
38612283,secondary_publication_type,panel_a
38611650,secondary_publication_type,panel_a
38611102,secondary_publication_type,panel_a
38611042,secondary_publication_type,panel_a
38609326,secondary_publication_type,panel_a
38607510,secondary_publication_type,panel_a
38606831,secondary_publication_type,panel_a
38606802,secondary_publication_type,panel_a
38606226,secondary_publication_type,panel_a
38605339,secondary_publication_type,panel_a
38601286,secondary_publication_type,panel_a
38599797,secondary_publication_type,panel_a
38595936,secondary_publication_type,panel_a
38594947,secondary_publication_type,panel_a
38593808,secondary_publication_type,panel_a
38591975,secondary_publication_type,panel_a
38591909,secondary_publication_type,panel_a
38584016,secondary_publication_type,panel_a
38581618,secondary_publication_type,panel_a
38581127,secondary_publication_type,panel_a
38581113,secondary_publication_type,panel_a
38578207,secondary_publication_type,panel_a
38577325,secondary_publication_type,panel_a
38575457,secondary_publication_type,panel_a
38571686,secondary_publication_type,panel_a
38571502,secondary_publication_type,panel_a
38571474,secondary_publication_type,panel_a
38569516,secondary_publication_type,panel_a
38568156,secondary_publication_type,panel_a
38568094,secondary_publication_type,panel_a
38567157,secondary_publication_type,panel_a
40703691,secondary_publication_type,panel_a
38555183,secondary_publication_type,panel_a
38554659,secondary_publication_type,panel_a
38553633,secondary_publication_type,panel_a
38548581,secondary_publication_type,panel_a
38548303,secondary_publication_type,panel_a
38548062,secondary_publication_type,panel_a
38547656,secondary_publication_type,panel_a
38545053,secondary_publication_type,panel_a
38544015,secondary_publication_type,panel_a
38541029,secondary_publication_type,panel_a
38539568,secondary_publication_type,panel_a
38539540,secondary_publication_type,panel_a
38539517,secondary_publication_type,panel_a
38539435,secondary_publication_type,panel_a
38539231,secondary_publication_type,panel_a
38538505,secondary_publication_type,panel_a
38536643,secondary_publication_type,panel_a
38534510,secondary_publication_type,panel_a
38534491,secondary_publication_type,panel_a
38530559,secondary_publication_type,panel_a
38529430,secondary_publication_type,panel_a
38524869,secondary_publication_type,panel_a
38522882,secondary_publication_type,panel_a
38521965,secondary_publication_type,panel_a
38520649,secondary_publication_type,panel_a
38517775,secondary_publication_type,panel_a
38515206,secondary_publication_type,panel_a
38512622,secondary_publication_type,panel_a
38512621,secondary_publication_type,panel_a
38512612,secondary_publication_type,panel_a
38512526,secondary_publication_type,panel_a
38512492,secondary_publication_type,panel_a
38512350,secondary_publication_type,panel_a
38510535,secondary_publication_type,panel_a
38505883,secondary_publication_type,panel_a
38505882,secondary_publication_type,panel_a
38505880,secondary_publication_type,panel_a
38505879,secondary_publication_type,panel_a
38505878,secondary_publication_type,panel_a
38505877,secondary_publication_type,panel_a
38505010,secondary_publication_type,panel_a
38503086,secondary_publication_type,panel_a
42038141,secondary_publication_type,panel_a
38499691,secondary_publication_type,panel_a
38499241,secondary_publication_type,panel_a
38486342,secondary_publication_type,panel_a
38486328,secondary_publication_type,panel_a
38485652,secondary_publication_type,panel_a
38482208,secondary_publication_type,panel_a
38481787,secondary_publication_type,panel_a
38473388,secondary_publication_type,panel_a
38473280,secondary_publication_type,panel_a
38470893,secondary_publication_type,panel_a
38466516,secondary_publication_type,panel_a
38464350,secondary_publication_type,panel_a
38463097,secondary_publication_type,panel_a
38462607,secondary_publication_type,panel_a
38455864,secondary_publication_type,panel_a
38449611,secondary_publication_type,panel_a
38446274,secondary_publication_type,panel_a
38444144,secondary_publication_type,panel_a
38442275,secondary_publication_type,panel_a
38438696,secondary_publication_type,panel_a
38438694,secondary_publication_type,panel_a
38437668,secondary_publication_type,panel_a
38437666,secondary_publication_type,panel_a
38433289,secondary_publication_type,panel_a
38431118,secondary_publication_type,panel_a
38430857,secondary_publication_type,panel_a
38430343,secondary_publication_type,panel_a
38429563,secondary_publication_type,panel_a
38428224,secondary_publication_type,panel_a
38427470,secondary_publication_type,panel_a
38427281,secondary_publication_type,panel_a
38426930,secondary_publication_type,panel_a
38426624,secondary_publication_type,panel_a
38424238,secondary_publication_type,panel_a
38420669,secondary_publication_type,panel_a
38420608,secondary_publication_type,panel_a
38420015,secondary_publication_type,panel_a
38416380,secondary_publication_type,panel_a
38416038,secondary_publication_type,panel_a
38415367,secondary_publication_type,panel_a
38414120,secondary_publication_type,panel_a
38413314,secondary_publication_type,panel_a
38411266,secondary_publication_type,panel_a
38410114,secondary_publication_type,panel_a
38405160,secondary_publication_type,panel_a
38403506,secondary_publication_type,panel_a
38402088,secondary_publication_type,panel_a
38402058,secondary_publication_type,panel_a
38399608,secondary_publication_type,panel_a
38399425,secondary_publication_type,panel_a
38398201,secondary_publication_type,panel_a
38398091,secondary_publication_type,panel_a
38396481,secondary_publication_type,panel_a
38396476,secondary_publication_type,panel_a
38396416,secondary_publication_type,panel_a
38396413,secondary_publication_type,panel_a
38392019,secondary_publication_type,panel_a
38389371,secondary_publication_type,panel_a
38388367,secondary_publication_type,panel_a
38384802,secondary_publication_type,panel_a
38383736,secondary_publication_type,panel_a
38381582,secondary_publication_type,panel_a
38380369,secondary_publication_type,panel_a
38372765,secondary_publication_type,panel_a
38371888,secondary_publication_type,panel_a
38367815,secondary_publication_type,panel_a
38366814,secondary_publication_type,panel_a
38366237,secondary_publication_type,panel_a
38365542,secondary_publication_type,panel_a
38364912,secondary_publication_type,panel_a
38363910,secondary_publication_type,panel_a
38363190,secondary_publication_type,panel_a
38361781,secondary_publication_type,panel_a
38360904,secondary_publication_type,panel_a
38355986,secondary_publication_type,panel_a
38355767,secondary_publication_type,panel_a
38353453,secondary_publication_type,panel_a
38353449,secondary_publication_type,panel_a
38349417,secondary_publication_type,panel_a
38349336,secondary_publication_type,panel_a
38341306,secondary_publication_type,panel_a
38339369,secondary_publication_type,panel_a
38337399,secondary_publication_type,panel_a
38334811,secondary_publication_type,panel_a
38334774,secondary_publication_type,panel_a
38333791,secondary_publication_type,panel_a
38331629,secondary_publication_type,panel_a
38331609,secondary_publication_type,panel_a
38330970,secondary_publication_type,panel_a
40636729,secondary_publication_type,panel_a
38325980,secondary_publication_type,panel_a
38321340,secondary_publication_type,panel_a
38319168,secondary_publication_type,panel_a
38319162,secondary_publication_type,panel_a
38317154,secondary_publication_type,panel_a
38316137,secondary_publication_type,panel_a
38313926,secondary_publication_type,panel_a
38313230,secondary_publication_type,panel_a
38311703,secondary_publication_type,panel_a
38310497,secondary_publication_type,panel_a
38310237,secondary_publication_type,panel_a
38308039,secondary_publication_type,panel_a
38308012,secondary_publication_type,panel_a
38307616,secondary_publication_type,panel_a
38302883,secondary_publication_type,panel_a
38302303,secondary_publication_type,panel_a
38301631,secondary_publication_type,panel_a
38301243,secondary_publication_type,panel_a
38298885,secondary_publication_type,panel_a
38291768,secondary_publication_type,panel_a
38288663,secondary_publication_type,panel_a
38287765,secondary_publication_type,panel_a
38286723,secondary_publication_type,panel_a
38286610,secondary_publication_type,panel_a
38280946,secondary_publication_type,panel_a
38280425,secondary_publication_type,panel_a
38279253,secondary_publication_type,panel_a
38277059,secondary_publication_type,panel_a
38275863,secondary_publication_type,panel_a
41822738,secondary_publication_type,panel_a
38263844,secondary_publication_type,panel_a
38263838,secondary_publication_type,panel_a
38263027,secondary_publication_type,panel_a
38262933,secondary_publication_type,panel_a
38259164,secondary_publication_type,panel_a
38258589,secondary_publication_type,panel_a
38256682,secondary_publication_type,panel_a
38256471,secondary_publication_type,panel_a
38254896,secondary_publication_type,panel_a
38254799,secondary_publication_type,panel_a
38254790,secondary_publication_type,panel_a
38251637,secondary_publication_type,panel_a
38250956,secondary_publication_type,panel_a
38249081,secondary_publication_type,panel_a
38248112,secondary_publication_type,panel_a
38248051,secondary_publication_type,panel_a
38247116,secondary_publication_type,panel_a
38244306,secondary_publication_type,panel_a
38240090,secondary_publication_type,panel_a
38237517,secondary_publication_type,panel_a
38234262,secondary_publication_type,panel_a
38233284,secondary_publication_type,panel_a
38231039,secondary_publication_type,panel_a
38226697,secondary_publication_type,panel_a
38220125,secondary_publication_type,panel_a
38220040,secondary_publication_type,panel_a
38218670,secondary_publication_type,panel_a
38216132,secondary_publication_type,panel_a
38206294,secondary_publication_type,panel_a
38204240,secondary_publication_type,panel_a
38202271,secondary_publication_type,panel_a
38199916,secondary_publication_type,panel_a
38193621,secondary_publication_type,panel_a
38191361,secondary_publication_type,panel_a
38191244,secondary_publication_type,panel_a
38190345,secondary_publication_type,panel_a
38189845,secondary_publication_type,panel_a
38184772,secondary_publication_type,panel_a
38184766,secondary_publication_type,panel_a
38183131,secondary_publication_type,panel_a
38182929,secondary_publication_type,panel_a
38178659,secondary_publication_type,panel_a
38172001,secondary_publication_type,panel_a
38165522,secondary_publication_type,panel_a
38165249,secondary_publication_type,panel_a
38164652,secondary_publication_type,panel_a
38159301,secondary_publication_type,panel_a
40115492,secondary_publication_type,panel_a
38085802,secondary_publication_type,panel_a
37996085,secondary_publication_type,panel_a
37953393,secondary_publication_type,panel_a
37850578,secondary_publication_type,panel_a
37820065,secondary_publication_type,panel_a
37594900,secondary_publication_type,panel_a
37493391,secondary_publication_type,panel_a
37478035,secondary_publication_type,panel_a
37097799,secondary_publication_type,panel_a
36327184,secondary_publication_type,panel_a
41675641,secondary_publication_type,panel_a
41660015,secondary_publication_type,panel_a
41640440,secondary_publication_type,panel_a
41626148,secondary_publication_type,panel_a
41602430,secondary_publication_type,panel_a
41602203,secondary_publication_type,panel_a
41585271,secondary_publication_type,panel_a
41585265,secondary_publication_type,panel_a
41585084,secondary_publication_type,panel_a
41584615,secondary_publication_type,panel_a
41584223,secondary_publication_type,panel_a
41567833,secondary_publication_type,panel_a
41562063,secondary_publication_type,panel_a
41561156,secondary_publication_type,panel_a
41550348,secondary_publication_type,panel_a
41527800,secondary_publication_type,panel_a
41523253,secondary_publication_type,panel_a
41487568,secondary_publication_type,panel_a
41427121,secondary_publication_type,panel_a
41426313,secondary_publication_type,panel_a
41409212,secondary_publication_type,panel_a
41404064,secondary_publication_type,panel_a
41401340,secondary_publication_type,panel_a
41394863,secondary_publication_type,panel_a
41383515,secondary_publication_type,panel_a
41376800,secondary_publication_type,panel_a
41368307,secondary_publication_type,panel_a
41357265,secondary_publication_type,panel_a
41347002,secondary_publication_type,panel_a
41346390,secondary_publication_type,panel_a
41334723,secondary_publication_type,panel_a
41333886,secondary_publication_type,panel_a
41323390,secondary_publication_type,panel_a
41314747,secondary_publication_type,panel_a
41308410,secondary_publication_type,panel_a
41307089,secondary_publication_type,panel_a
41281606,secondary_publication_type,panel_a
41278308,secondary_publication_type,panel_a
41267815,secondary_publication_type,panel_a
41262209,secondary_publication_type,panel_a
41256318,secondary_publication_type,panel_a
41245007,secondary_publication_type,panel_a
41244760,secondary_publication_type,panel_a
41242852,secondary_publication_type,panel_a
41230203,secondary_publication_type,panel_a
41211056,secondary_publication_type,panel_a
41195277,secondary_publication_type,panel_a
41190074,secondary_publication_type,panel_a
41181592,secondary_publication_type,panel_a
41181383,secondary_publication_type,panel_a
41180134,secondary_publication_type,panel_a
41169398,secondary_publication_type,panel_a
41164152,secondary_publication_type,panel_a
41161796,secondary_publication_type,panel_a
41158862,secondary_publication_type,panel_a
41141218,secondary_publication_type,panel_a
41132734,secondary_publication_type,panel_a
41127018,secondary_publication_type,panel_a
41122166,secondary_publication_type,panel_a
41114344,secondary_publication_type,panel_a
41103522,secondary_publication_type,panel_a
41101998,secondary_publication_type,panel_a
41100170,secondary_publication_type,panel_a
41098989,secondary_publication_type,panel_a
41098709,secondary_publication_type,panel_a
41089636,secondary_publication_type,panel_a
41084771,secondary_publication_type,panel_a
41052834,secondary_publication_type,panel_a
41031243,secondary_publication_type,panel_a
41030612,secondary_publication_type,panel_a
41020205,secondary_publication_type,panel_a
41018111,secondary_publication_type,panel_a
41000409,secondary_publication_type,panel_a
40994951,secondary_publication_type,panel_a
40994911,secondary_publication_type,panel_a
40979169,secondary_publication_type,panel_a
40978691,secondary_publication_type,panel_a
40977550,secondary_publication_type,panel_a
40969483,secondary_publication_type,panel_a
40969266,secondary_publication_type,panel_a
40969257,secondary_publication_type,panel_a
40963911,secondary_publication_type,panel_a
40963607,secondary_publication_type,panel_a
40958876,secondary_publication_type,panel_a
40956929,secondary_publication_type,panel_a
40919255,secondary_publication_type,panel_a
40909977,secondary_publication_type,panel_a
40909964,secondary_publication_type,panel_a
40904504,secondary_publication_type,panel_a
40900793,secondary_publication_type,panel_a
40860819,secondary_publication_type,panel_a
40860130,secondary_publication_type,panel_a
40849785,secondary_publication_type,panel_a
40838104,secondary_publication_type,panel_a
40786518,secondary_publication_type,panel_a
40784179,secondary_publication_type,panel_a
40779565,secondary_publication_type,panel_a
40771894,secondary_publication_type,panel_a
40763009,secondary_publication_type,panel_a
40761430,secondary_publication_type,panel_a
40755465,secondary_publication_type,panel_a
40735544,secondary_publication_type,panel_a
40718040,secondary_publication_type,panel_a
40708943,secondary_publication_type,panel_a
40708937,secondary_publication_type,panel_a
40704298,secondary_publication_type,panel_a
40704150,secondary_publication_type,panel_a
40703978,secondary_publication_type,panel_a
40687429,secondary_publication_type,panel_a
40686561,secondary_publication_type,panel_a
40675689,secondary_publication_type,panel_a
40666105,secondary_publication_type,panel_a
40665989,secondary_publication_type,panel_a
40659002,secondary_publication_type,panel_a
40657027,secondary_publication_type,panel_a
40641918,secondary_publication_type,panel_a
40630476,secondary_publication_type,panel_a
40625355,secondary_publication_type,panel_a
40620716,secondary_publication_type,panel_a
40619885,secondary_publication_type,panel_a
40612351,secondary_publication_type,panel_a
40600546,secondary_publication_type,panel_a
40600013,secondary_publication_type,panel_a
40599558,secondary_publication_type,panel_a
40575169,secondary_publication_type,panel_a
40567608,secondary_publication_type,panel_a
40556829,secondary_publication_type,panel_a
40530016,secondary_publication_type,panel_a
40529250,secondary_publication_type,panel_a
40511649,secondary_publication_type,panel_a
40503548,secondary_publication_type,panel_a
40496512,secondary_publication_type,panel_a
40491372,secondary_publication_type,panel_a
40486071,secondary_publication_type,panel_a
40475298,secondary_publication_type,panel_a
40469709,secondary_publication_type,panel_a
40469196,secondary_publication_type,panel_a
40463619,secondary_publication_type,panel_a
40456623,secondary_publication_type,panel_a
40455780,secondary_publication_type,panel_a
40406239,secondary_publication_type,panel_a
40401117,secondary_publication_type,panel_a
40400999,secondary_publication_type,panel_a
40397102,secondary_publication_type,panel_a
40391010,secondary_publication_type,panel_a
40371421,secondary_publication_type,panel_a
40356851,secondary_publication_type,panel_a
40356757,secondary_publication_type,panel_a
40352362,secondary_publication_type,panel_a
40351457,secondary_publication_type,panel_a
40322698,secondary_publication_type,panel_a
40321301,secondary_publication_type,panel_a
40312227,secondary_publication_type,panel_a
40308224,secondary_publication_type,panel_a
40297347,secondary_publication_type,panel_a
40265427,secondary_publication_type,panel_a
40264319,secondary_publication_type,panel_a
40248201,secondary_publication_type,panel_a
40231262,secondary_publication_type,panel_a
40226507,secondary_publication_type,panel_a
40222364,secondary_publication_type,panel_a
40221188,secondary_publication_type,panel_a
40212677,secondary_publication_type,panel_a
40210329,secondary_publication_type,panel_a
40207818,secondary_publication_type,panel_a
40206662,secondary_publication_type,panel_a
40177283,secondary_publication_type,panel_a
40176691,secondary_publication_type,panel_a
40171256,secondary_publication_type,panel_a
40165974,secondary_publication_type,panel_a
40139223,secondary_publication_type,panel_a
40134548,secondary_publication_type,panel_a
40130020,secondary_publication_type,panel_a
40129922,secondary_publication_type,panel_a
40117992,secondary_publication_type,panel_a
40109731,secondary_publication_type,panel_a
40098706,secondary_publication_type,panel_a
40098704,secondary_publication_type,panel_a
40098604,secondary_publication_type,panel_a
40094016,secondary_publication_type,panel_a
40093750,secondary_publication_type,panel_a
40071089,secondary_publication_type,panel_a
40070418,secondary_publication_type,panel_a
40053513,secondary_publication_type,panel_a
40052126,secondary_publication_type,panel_a
40051465,secondary_publication_type,panel_a
40046904,secondary_publication_type,panel_a
40040725,secondary_publication_type,panel_a
40026912,secondary_publication_type,panel_a
40021238,secondary_publication_type,panel_a
39997539,secondary_publication_type,panel_a
39990682,secondary_publication_type,panel_a
39981468,secondary_publication_type,panel_a
39980543,secondary_publication_type,panel_a
39980540,secondary_publication_type,panel_a
39978880,secondary_publication_type,panel_a
42063994,secondary_publication_type,panel_a
39949753,secondary_publication_type,panel_a
39947997,secondary_publication_type,panel_a
39944463,secondary_publication_type,panel_a
39943159,secondary_publication_type,panel_a
39941808,secondary_publication_type,panel_a
39941785,secondary_publication_type,panel_a
39941254,secondary_publication_type,panel_a
39941212,secondary_publication_type,panel_a
39941210,secondary_publication_type,panel_a
39941182,secondary_publication_type,panel_a
39941181,secondary_publication_type,panel_a
39941176,secondary_publication_type,panel_a
39940686,secondary_publication_type,panel_a
39935913,secondary_publication_type,panel_a
39926279,secondary_publication_type,panel_a
39911388,secondary_publication_type,panel_a
39906822,secondary_publication_type,panel_a
39893121,secondary_publication_type,panel_a
39893058,secondary_publication_type,panel_a
39892373,secondary_publication_type,panel_a
39889467,secondary_publication_type,panel_a
39888426,secondary_publication_type,panel_a
39883257,secondary_publication_type,panel_a
39883122,secondary_publication_type,panel_a
39879785,secondary_publication_type,panel_a
39879621,secondary_publication_type,panel_a
39876078,secondary_publication_type,panel_a
39872776,secondary_publication_type,panel_a
39866348,secondary_publication_type,panel_a
39865486,secondary_publication_type,panel_a
39865461,secondary_publication_type,panel_a
39860459,secondary_publication_type,panel_a
39857979,secondary_publication_type,panel_a
39857033,secondary_publication_type,panel_a
39852228,secondary_publication_type,panel_a
39851252,secondary_publication_type,panel_a
39850836,secondary_publication_type,panel_a
39849257,secondary_publication_type,panel_a
39848255,secondary_publication_type,panel_a
39848114,secondary_publication_type,panel_a
39847582,secondary_publication_type,panel_a
39847224,secondary_publication_type,panel_a
39844750,secondary_publication_type,panel_a
39843783,secondary_publication_type,panel_a
39843711,secondary_publication_type,panel_a
39842383,secondary_publication_type,panel_a
39841353,secondary_publication_type,panel_a
39841228,secondary_publication_type,panel_a
39840767,secondary_publication_type,panel_a
39838587,secondary_publication_type,panel_a
39836200,secondary_publication_type,panel_a
39833443,secondary_publication_type,panel_a
39828849,secondary_publication_type,panel_a
39825348,secondary_publication_type,panel_a
39819195,secondary_publication_type,panel_a
39814650,secondary_publication_type,panel_a
39813900,secondary_publication_type,panel_a
39812075,secondary_publication_type,panel_a
39806293,secondary_publication_type,panel_a
39797344,secondary_publication_type,panel_a
39794661,secondary_publication_type,panel_a
39794511,secondary_publication_type,panel_a
39793747,secondary_publication_type,panel_a
39787678,secondary_publication_type,panel_a
39787663,secondary_publication_type,panel_a
39781684,secondary_publication_type,panel_a
39781607,secondary_publication_type,panel_a
39779423,secondary_publication_type,panel_a
39776259,secondary_publication_type,panel_a
39775908,secondary_publication_type,panel_a
39774070,secondary_publication_type,panel_a
39773001,secondary_publication_type,panel_a
39765435,secondary_publication_type,panel_a
39765431,secondary_publication_type,panel_a
39762084,secondary_publication_type,panel_a
39758259,secondary_publication_type,panel_a
39757050,secondary_publication_type,panel_a
39754665,secondary_publication_type,panel_a
39753730,secondary_publication_type,panel_a
39749734,secondary_publication_type,panel_a
39746329,secondary_publication_type,panel_a
41684868,secondary_publication_type,panel_a
39705612,secondary_publication_type,panel_a
39656944,secondary_publication_type,panel_a
39671712,secondary_publication_type,panel_a
39460945,secondary_publication_type,panel_a
39226138,secondary_publication_type,panel_a
38988158,secondary_publication_type,panel_a
38847160,secondary_publication_type,panel_a
38265911,secondary_publication_type,panel_a
41472921,secondary_publication_type,panel_a
41467190,secondary_publication_type,panel_a
41415768,secondary_publication_type,panel_a
40772061,secondary_publication_type,panel_a
40643447,secondary_publication_type,panel_a
40476402,secondary_publication_type,panel_a
40210337,secondary_publication_type,panel_a
40205934,secondary_publication_type,panel_a
40155307,secondary_publication_type,panel_a
40150696,secondary_publication_type,panel_a
40142250,secondary_publication_type,panel_a
40125173,secondary_publication_type,panel_a
40125138,secondary_publication_type,panel_a
40109789,secondary_publication_type,panel_a
40078237,secondary_publication_type,panel_a
40075840,secondary_publication_type,panel_a
40075696,secondary_publication_type,panel_a
40075659,secondary_publication_type,panel_a
40075651,secondary_publication_type,panel_a
40062334,secondary_publication_type,panel_a
40037107,secondary_publication_type,panel_a
40023682,secondary_publication_type,panel_a
40022837,secondary_publication_type,panel_a
40021362,secondary_publication_type,panel_a
40021217,secondary_publication_type,panel_a
40019544,secondary_publication_type,panel_a
40016862,secondary_publication_type,panel_a
40015565,secondary_publication_type,panel_a
40011118,secondary_publication_type,panel_a
40009959,secondary_publication_type,panel_a
40009119,secondary_publication_type,panel_a
40004765,secondary_publication_type,panel_a
40003667,secondary_publication_type,panel_a
40002627,secondary_publication_type,panel_a
40002556,secondary_publication_type,panel_a
40002216,secondary_publication_type,panel_a
40002200,secondary_publication_type,panel_a
40002194,secondary_publication_type,panel_a
40000328,secondary_publication_type,panel_a
39998782,secondary_publication_type,panel_a
39998373,secondary_publication_type,panel_a
39997565,secondary_publication_type,panel_a
39997561,secondary_publication_type,panel_a
39997352,secondary_publication_type,panel_a
39997253,secondary_publication_type,panel_a
39986588,secondary_publication_type,panel_a
39986203,secondary_publication_type,panel_a
39985358,secondary_publication_type,panel_a
39985297,secondary_publication_type,panel_a
39983661,secondary_publication_type,panel_a
39981949,secondary_publication_type,panel_a
39976082,secondary_publication_type,panel_a
39972158,secondary_publication_type,panel_a
39968880,secondary_publication_type,panel_a
39966980,secondary_publication_type,panel_a
39966724,secondary_publication_type,panel_a
39962886,secondary_publication_type,panel_a
39962757,secondary_publication_type,panel_a
39962755,secondary_publication_type,panel_a
39961482,secondary_publication_type,panel_a
39954167,secondary_publication_type,panel_a
39952597,secondary_publication_type,panel_a
39951716,secondary_publication_type,panel_a
39947574,secondary_publication_type,panel_a
39941850,secondary_publication_type,panel_a
39939705,secondary_publication_type,panel_a
39938402,secondary_publication_type,panel_a
39937273,secondary_publication_type,panel_a
39934323,secondary_publication_type,panel_a
39932640,secondary_publication_type,panel_a
39930991,secondary_publication_type,panel_a
39930347,secondary_publication_type,panel_a
39922742,secondary_publication_type,panel_a
39922535,secondary_publication_type,panel_a
39920007,secondary_publication_type,panel_a
39915703,secondary_publication_type,panel_a
39915299,secondary_publication_type,panel_a
39915189,secondary_publication_type,panel_a
39914847,secondary_publication_type,panel_a
39907762,secondary_publication_type,panel_a
39907115,secondary_publication_type,panel_a
39901654,secondary_publication_type,panel_a
39353142,secondary_publication_type,panel_a
38940892,secondary_publication_type,panel_a
41647703,secondary_publication_type,panel_a
40703368,secondary_publication_type,panel_a
40496102,secondary_publication_type,panel_a
40352244,secondary_publication_type,panel_a
40278310,secondary_publication_type,panel_a
40255778,secondary_publication_type,panel_a
40243442,secondary_publication_type,panel_a
40227709,secondary_publication_type,panel_a
40227699,secondary_publication_type,panel_a
40218196,secondary_publication_type,panel_a
40218147,secondary_publication_type,panel_a
40217721,secondary_publication_type,panel_a
40201613,secondary_publication_type,panel_a
40201610,secondary_publication_type,panel_a
40201609,secondary_publication_type,panel_a
40184826,secondary_publication_type,panel_a
40179582,secondary_publication_type,panel_a
40171787,secondary_publication_type,panel_a
40169328,secondary_publication_type,panel_a
40165212,secondary_publication_type,panel_a
40164818,secondary_publication_type,panel_a
40163098,secondary_publication_type,panel_a
40159838,secondary_publication_type,panel_a
40159380,secondary_publication_type,panel_a
40158912,secondary_publication_type,panel_a
40158896,secondary_publication_type,panel_a
40155335,secondary_publication_type,panel_a
40155329,secondary_publication_type,panel_a
40155327,secondary_publication_type,panel_a
40149980,secondary_publication_type,panel_a
40149389,secondary_publication_type,panel_a
40149340,secondary_publication_type,panel_a
40149283,secondary_publication_type,panel_a
40146313,secondary_publication_type,panel_a
40143433,secondary_publication_type,panel_a
40141842,secondary_publication_type,panel_a
40139581,secondary_publication_type,panel_a
40133834,secondary_publication_type,panel_a
40131411,secondary_publication_type,panel_a
40128510,secondary_publication_type,panel_a
40126094,secondary_publication_type,panel_a
40124274,secondary_publication_type,panel_a
40122469,secondary_publication_type,panel_a
40118007,secondary_publication_type,panel_a
40117980,secondary_publication_type,panel_a
40113471,secondary_publication_type,panel_a
40112779,secondary_publication_type,panel_a
40108714,secondary_publication_type,panel_a
40098112,secondary_publication_type,panel_a
40090215,secondary_publication_type,panel_a
40088548,secondary_publication_type,panel_a
40086035,secondary_publication_type,panel_a
40083096,secondary_publication_type,panel_a
40075729,secondary_publication_type,panel_a
40074558,secondary_publication_type,panel_a
40072530,secondary_publication_type,panel_a
40069280,secondary_publication_type,panel_a
40069036,secondary_publication_type,panel_a
40068997,secondary_publication_type,panel_a
40064578,secondary_publication_type,panel_a
40064251,secondary_publication_type,panel_a
40058989,secondary_publication_type,panel_a
40058742,secondary_publication_type,panel_a
40056148,secondary_publication_type,panel_a
40055229,secondary_publication_type,panel_a
40055071,secondary_publication_type,panel_a
40050131,secondary_publication_type,panel_a
40049569,secondary_publication_type,panel_a
40045072,secondary_publication_type,panel_a
40043857,secondary_publication_type,panel_a
40038813,secondary_publication_type,panel_a
40038137,secondary_publication_type,panel_a
39946265,secondary_publication_type,panel_a
39914003,secondary_publication_type,panel_a
39913319,secondary_publication_type,panel_a
39869367,secondary_publication_type,panel_a
39611808,secondary_publication_type,panel_a
41939161,secondary_publication_type,panel_a
41939149,secondary_publication_type,panel_a
41158286,secondary_publication_type,panel_a
40616534,secondary_publication_type,panel_a
40616533,secondary_publication_type,panel_a
40584204,secondary_publication_type,panel_a
40545329,secondary_publication_type,panel_a
40462622,secondary_publication_type,panel_a
40423047,secondary_publication_type,panel_a
40422999,secondary_publication_type,panel_a
40419365,secondary_publication_type,panel_a
40416096,secondary_publication_type,panel_a
40386727,secondary_publication_type,panel_a
40363185,secondary_publication_type,panel_a
40361968,secondary_publication_type,panel_a
40361907,secondary_publication_type,panel_a
40361905,secondary_publication_type,panel_a
40361874,secondary_publication_type,panel_a
40361437,secondary_publication_type,panel_a
40353268,secondary_publication_type,panel_a
40344812,secondary_publication_type,panel_a
40312251,secondary_publication_type,panel_a
40311821,secondary_publication_type,panel_a
40311533,secondary_publication_type,panel_a
40310413,secondary_publication_type,panel_a
40307127,secondary_publication_type,panel_a
40306572,secondary_publication_type,panel_a
40306473,secondary_publication_type,panel_a
40300307,secondary_publication_type,panel_a
40298603,secondary_publication_type,panel_a
40293520,secondary_publication_type,panel_a
40293518,secondary_publication_type,panel_a
40291132,secondary_publication_type,panel_a
40285861,secondary_publication_type,panel_a
40283197,secondary_publication_type,panel_a
40283171,secondary_publication_type,panel_a
40282933,secondary_publication_type,panel_a
40282519,secondary_publication_type,panel_a
40279838,secondary_publication_type,panel_a
40278321,secondary_publication_type,panel_a
40275863,secondary_publication_type,panel_a
40275453,secondary_publication_type,panel_a
40271007,secondary_publication_type,panel_a
40269686,secondary_publication_type,panel_a
40269645,secondary_publication_type,panel_a
40269562,secondary_publication_type,panel_a
40264361,secondary_publication_type,panel_a
40261443,secondary_publication_type,panel_a
40259576,secondary_publication_type,panel_a
40258413,secondary_publication_type,panel_a
40255184,secondary_publication_type,panel_a
40250036,secondary_publication_type,panel_a
40245687,secondary_publication_type,panel_a
40235907,secondary_publication_type,panel_a
40233442,secondary_publication_type,panel_a
40232134,secondary_publication_type,panel_a
40230306,secondary_publication_type,panel_a
40226937,secondary_publication_type,panel_a
40220146,secondary_publication_type,panel_a
40217871,secondary_publication_type,panel_a
40216368,secondary_publication_type,panel_a
40209577,secondary_publication_type,panel_a
40208284,secondary_publication_type,panel_a
40207354,secondary_publication_type,panel_a
40198987,secondary_publication_type,panel_a
40195139,secondary_publication_type,panel_a
40193287,secondary_publication_type,panel_a
40192792,secondary_publication_type,panel_a
40192338,secondary_publication_type,panel_a
40189986,secondary_publication_type,panel_a
40189932,secondary_publication_type,panel_a
40186648,secondary_publication_type,panel_a
40186411,secondary_publication_type,panel_a
40184325,secondary_publication_type,panel_a
40183671,secondary_publication_type,panel_a
40174960,secondary_publication_type,panel_a
40172658,secondary_publication_type,panel_a
40169753,secondary_publication_type,panel_a
40167931,secondary_publication_type,panel_a
40167870,secondary_publication_type,panel_a
40167778,secondary_publication_type,panel_a
40167428,secondary_publication_type,panel_a
40159023,secondary_publication_type,panel_a
38871357,secondary_publication_type,panel_a
41164426,secondary_publication_type,panel_a
41136117,secondary_publication_type,panel_a
41110871,secondary_publication_type,panel_a
41019923,secondary_publication_type,panel_a
40874955,secondary_publication_type,panel_a
40698144,secondary_publication_type,panel_a
40645786,secondary_publication_type,panel_a
40636465,secondary_publication_type,panel_a
40599690,secondary_publication_type,panel_a
40585609,secondary_publication_type,panel_a
40574431,secondary_publication_type,panel_a
40567392,secondary_publication_type,panel_a
40564402,secondary_publication_type,panel_a
40560009,secondary_publication_type,panel_a
40558244,secondary_publication_type,panel_a
40543139,secondary_publication_type,panel_a
40517020,secondary_publication_type,panel_a
40507291,secondary_publication_type,panel_a
40506947,secondary_publication_type,panel_a
40506914,secondary_publication_type,panel_a
40501462,secondary_publication_type,panel_a
40497095,secondary_publication_type,panel_a
40487951,secondary_publication_type,panel_a
40487933,secondary_publication_type,panel_a
40476110,secondary_publication_type,panel_a
40450502,secondary_publication_type,panel_a
40452669,secondary_publication_type,panel_a
40448847,secondary_publication_type,panel_a
40447924,secondary_publication_type,panel_a
40447508,secondary_publication_type,panel_a
40444499,secondary_publication_type,panel_a
40441444,secondary_publication_type,panel_a
40438719,secondary_publication_type,panel_a
40435910,secondary_publication_type,panel_a
40434720,secondary_publication_type,panel_a
40432547,secondary_publication_type,panel_a
40429698,secondary_publication_type,panel_a
40429449,secondary_publication_type,panel_a
40429314,secondary_publication_type,panel_a
40429281,secondary_publication_type,panel_a
40428881,secondary_publication_type,panel_a
40427114,secondary_publication_type,panel_a
40427103,secondary_publication_type,panel_a
40427070,secondary_publication_type,panel_a
40426009,secondary_publication_type,panel_a
40425893,secondary_publication_type,panel_a
40425545,secondary_publication_type,panel_a
40422547,secondary_publication_type,panel_a
40420568,secondary_publication_type,panel_a
40419230,secondary_publication_type,panel_a
40418375,secondary_publication_type,panel_a
40411548,secondary_publication_type,panel_a
40409285,secondary_publication_type,panel_a
40404505,secondary_publication_type,panel_a
40404364,secondary_publication_type,panel_a
40403202,secondary_publication_type,panel_a
40402288,secondary_publication_type,panel_a
40397559,secondary_publication_type,panel_a
40394344,secondary_publication_type,panel_a
40389997,secondary_publication_type,panel_a
40388321,secondary_publication_type,panel_a
40382483,secondary_publication_type,panel_a
40382287,secondary_publication_type,panel_a
40380913,secondary_publication_type,panel_a
40380885,secondary_publication_type,panel_a
40380218,secondary_publication_type,panel_a
40379861,secondary_publication_type,panel_a
40378639,secondary_publication_type,panel_a
40374345,secondary_publication_type,panel_a
40373301,secondary_publication_type,panel_a
40371496,secondary_publication_type,panel_a
40369298,secondary_publication_type,panel_a
40367893,secondary_publication_type,panel_a
40364668,secondary_publication_type,panel_a
40364293,secondary_publication_type,panel_a
40361849,secondary_publication_type,panel_a
40359470,secondary_publication_type,panel_a
40355777,secondary_publication_type,panel_a
40353217,secondary_publication_type,panel_a
40349577,secondary_publication_type,panel_a
40347255,secondary_publication_type,panel_a
40345380,secondary_publication_type,panel_a
40344203,secondary_publication_type,panel_a
40341184,secondary_publication_type,panel_a
40340944,secondary_publication_type,panel_a
40340737,secondary_publication_type,panel_a
40339270,secondary_publication_type,panel_a
40338060,secondary_publication_type,panel_a
40335357,secondary_publication_type,panel_a
40334987,secondary_publication_type,panel_a
40334182,secondary_publication_type,panel_a
40328288,secondary_publication_type,panel_a
40327027,secondary_publication_type,panel_a
40326426,secondary_publication_type,panel_a
40323647,secondary_publication_type,panel_a
40320742,secondary_publication_type,panel_a
40319443,secondary_publication_type,panel_a
40317437,secondary_publication_type,panel_a
40315375,secondary_publication_type,panel_a
40314071,secondary_publication_type,panel_a
40312897,secondary_publication_type,panel_a
40312890,secondary_publication_type,panel_a
40312289,secondary_publication_type,panel_a
40305163,secondary_publication_type,panel_a
40304052,secondary_publication_type,panel_a
40302272,secondary_publication_type,panel_a
40174629,secondary_publication_type,panel_a
40100283,secondary_publication_type,panel_a
39932868,secondary_publication_type,panel_a
41458939,secondary_publication_type,panel_a
41338157,secondary_publication_type,panel_a
40788246,secondary_publication_type,panel_a
40734888,secondary_publication_type,panel_a
40731800,secondary_publication_type,panel_a
40726851,secondary_publication_type,panel_a
40726846,secondary_publication_type,panel_a
40710896,secondary_publication_type,panel_a
40689049,secondary_publication_type,panel_a
40656430,secondary_publication_type,panel_a
40648536,secondary_publication_type,panel_a
40647625,secondary_publication_type,panel_a
40647493,secondary_publication_type,panel_a
40647473,secondary_publication_type,panel_a
40621972,secondary_publication_type,panel_a
40606341,secondary_publication_type,panel_a
40586896,secondary_publication_type,panel_a
40585839,secondary_publication_type,panel_a
40585824,secondary_publication_type,panel_a
40584506,secondary_publication_type,panel_a
40581726,secondary_publication_type,panel_a
40576081,secondary_publication_type,panel_a
40571544,secondary_publication_type,panel_a
40570765,secondary_publication_type,panel_a
40569482,secondary_publication_type,panel_a
40566788,secondary_publication_type,panel_a
40564882,secondary_publication_type,panel_a
40564467,secondary_publication_type,panel_a
40564455,secondary_publication_type,panel_a
40563902,secondary_publication_type,panel_a
40559228,secondary_publication_type,panel_a
40559106,secondary_publication_type,panel_a
40557925,secondary_publication_type,panel_a
40552936,secondary_publication_type,panel_a
40552881,secondary_publication_type,panel_a
40551237,secondary_publication_type,panel_a
40550651,secondary_publication_type,panel_a
40550035,secondary_publication_type,panel_a
40543496,secondary_publication_type,panel_a
40543108,secondary_publication_type,panel_a
40542873,secondary_publication_type,panel_a
40541547,secondary_publication_type,panel_a
40540954,secondary_publication_type,panel_a
40540292,secondary_publication_type,panel_a
40536541,secondary_publication_type,panel_a
40533825,secondary_publication_type,panel_a
40532816,secondary_publication_type,panel_a
40532770,secondary_publication_type,panel_a
40530456,secondary_publication_type,panel_a
40528234,secondary_publication_type,panel_a
40527677,secondary_publication_type,panel_a
40525301,secondary_publication_type,panel_a
40523613,secondary_publication_type,panel_a
40523236,secondary_publication_type,panel_a
40522130,secondary_publication_type,panel_a
40518339,secondary_publication_type,panel_a
40518301,secondary_publication_type,panel_a
40516638,secondary_publication_type,panel_a
40508192,secondary_publication_type,panel_a
40507370,secondary_publication_type,panel_a
40505605,secondary_publication_type,panel_a
40504358,secondary_publication_type,panel_a
40500716,secondary_publication_type,panel_a
40495027,secondary_publication_type,panel_a
40494760,secondary_publication_type,panel_a
40491967,secondary_publication_type,panel_a
40489724,secondary_publication_type,panel_a
40483855,secondary_publication_type,panel_a
40481815,secondary_publication_type,panel_a
40472683,secondary_publication_type,panel_a
40471074,secondary_publication_type,panel_a
40466242,secondary_publication_type,panel_a
40466239,secondary_publication_type,panel_a
40466216,secondary_publication_type,panel_a
40465053,secondary_publication_type,panel_a
40460759,secondary_publication_type,panel_a
40459908,secondary_publication_type,panel_a
40459902,secondary_publication_type,panel_a
40457408,secondary_publication_type,panel_a
40456969,secondary_publication_type,panel_a
40445166,secondary_publication_type,panel_a
40440132,secondary_publication_type,panel_a
40433910,secondary_publication_type,panel_a
40418565,secondary_publication_type,panel_a
40355256,secondary_publication_type,panel_a
40202356,secondary_publication_type,panel_a
40197626,secondary_publication_type,panel_a
39878877,secondary_publication_type,panel_a
42579739,secondary_publication_type,panel_a
41908235,secondary_publication_type,panel_a
41726192,secondary_publication_type,panel_a
41260764,secondary_publication_type,panel_a
41109699,secondary_publication_type,panel_a
41093478,secondary_publication_type,panel_a
41093476,secondary_publication_type,panel_a
40947369,secondary_publication_type,panel_a
40868106,secondary_publication_type,panel_a
40863208,secondary_publication_type,panel_a
40861574,secondary_publication_type,panel_a
40842743,secondary_publication_type,panel_a
40831186,secondary_publication_type,panel_a
40806525,secondary_publication_type,panel_a
40805176,secondary_publication_type,panel_a
40803957,secondary_publication_type,panel_a
40777161,secondary_publication_type,panel_a
40769066,secondary_publication_type,panel_a
40763489,secondary_publication_type,panel_a
40756906,secondary_publication_type,panel_a
40749944,secondary_publication_type,panel_a
40746518,secondary_publication_type,panel_a
40744488,secondary_publication_type,panel_a
40743785,secondary_publication_type,panel_a
40741203,secondary_publication_type,panel_a
40741185,secondary_publication_type,panel_a
40740901,secondary_publication_type,panel_a
40737001,secondary_publication_type,panel_a
40735661,secondary_publication_type,panel_a
40734294,secondary_publication_type,panel_a
40731938,secondary_publication_type,panel_a
40724929,secondary_publication_type,panel_a
40722849,secondary_publication_type,panel_a
40722803,secondary_publication_type,panel_a
40722478,secondary_publication_type,panel_a
40722461,secondary_publication_type,panel_a
40721879,secondary_publication_type,panel_a
40721367,secondary_publication_type,panel_a
40720005,secondary_publication_type,panel_a
40719980,secondary_publication_type,panel_a
40715516,secondary_publication_type,panel_a
40712901,secondary_publication_type,panel_a
40712345,secondary_publication_type,panel_a
40711978,secondary_publication_type,panel_a
40710401,secondary_publication_type,panel_a
40707262,secondary_publication_type,panel_a
40706554,secondary_publication_type,panel_a
40701440,secondary_publication_type,panel_a
40701189,secondary_publication_type,panel_a
40700795,secondary_publication_type,panel_a
40698358,secondary_publication_type,panel_a
40697244,secondary_publication_type,panel_a
40697238,secondary_publication_type,panel_a
40696940,secondary_publication_type,panel_a
40691627,secondary_publication_type,panel_a
40685656,secondary_publication_type,panel_a
40683831,secondary_publication_type,panel_a
40682667,secondary_publication_type,panel_a
40682403,secondary_publication_type,panel_a
40682357,secondary_publication_type,panel_a
40681364,secondary_publication_type,panel_a
40681008,secondary_publication_type,panel_a
40680990,secondary_publication_type,panel_a
40680189,secondary_publication_type,panel_a
40679809,secondary_publication_type,panel_a
40679761,secondary_publication_type,panel_a
40679613,secondary_publication_type,panel_a
40677120,secondary_publication_type,panel_a
40670226,secondary_publication_type,panel_a
40668344,secondary_publication_type,panel_a
40667747,secondary_publication_type,panel_a
40665657,secondary_publication_type,panel_a
40664120,secondary_publication_type,panel_a
40659192,secondary_publication_type,panel_a
40654157,secondary_publication_type,panel_a
40652967,secondary_publication_type,panel_a
40651993,secondary_publication_type,panel_a
40651923,secondary_publication_type,panel_a
40650890,secondary_publication_type,panel_a
40647712,secondary_publication_type,panel_a
40647527,secondary_publication_type,panel_a
40645505,secondary_publication_type,panel_a
40643654,secondary_publication_type,panel_a
40637055,secondary_publication_type,panel_a
40633839,secondary_publication_type,panel_a
40633214,secondary_publication_type,panel_a
40632579,secondary_publication_type,panel_a
40631924,secondary_publication_type,panel_a
40631621,secondary_publication_type,panel_a
40629539,secondary_publication_type,panel_a
40629505,secondary_publication_type,panel_a
40628247,secondary_publication_type,panel_a
40627076,secondary_publication_type,panel_a
40625119,secondary_publication_type,panel_a
40624382,secondary_publication_type,panel_a
40619793,secondary_publication_type,panel_a
40616893,secondary_publication_type,panel_a
40613850,secondary_publication_type,panel_a
40613800,secondary_publication_type,panel_a
40609552,secondary_publication_type,panel_a
40608987,secondary_publication_type,panel_a
40604844,secondary_publication_type,panel_a
40602308,secondary_publication_type,panel_a
40602275,secondary_publication_type,panel_a
40601025,secondary_publication_type,panel_a
40598943,secondary_publication_type,panel_a
40598940,secondary_publication_type,panel_a
40598267,secondary_publication_type,panel_a
40597870,secondary_publication_type,panel_a
40593170,secondary_publication_type,panel_a
40593169,secondary_publication_type,panel_a
40592765,secondary_publication_type,panel_a
40592728,secondary_publication_type,panel_a
42558587,secondary_publication_type,panel_a
40578387,secondary_publication_type,panel_a
40522771,secondary_publication_type,panel_a
40501041,secondary_publication_type,panel_a
40500431,secondary_publication_type,panel_a
40473460,secondary_publication_type,panel_a
40037540,secondary_publication_type,panel_a
39984746,secondary_publication_type,panel_a
41340749,secondary_publication_type,panel_a
41224420,secondary_publication_type,panel_a
41181480,secondary_publication_type,panel_a
41164814,secondary_publication_type,panel_a
41113902,secondary_publication_type,panel_a
41072272,secondary_publication_type,panel_a
41003479,secondary_publication_type,panel_a
40992353,secondary_publication_type,panel_a
40974758,secondary_publication_type,panel_a
40955208,secondary_publication_type,panel_a
40950910,secondary_publication_type,panel_a
40948833,secondary_publication_type,panel_a
40947333,secondary_publication_type,panel_a
40943394,secondary_publication_type,panel_a
40943040,secondary_publication_type,panel_a
40941684,secondary_publication_type,panel_a
40941682,secondary_publication_type,panel_a
40941506,secondary_publication_type,panel_a
40940963,secondary_publication_type,panel_a
40940952,secondary_publication_type,panel_a
40940931,secondary_publication_type,panel_a
40940896,secondary_publication_type,panel_a
40907089,secondary_publication_type,panel_a
40906195,secondary_publication_type,panel_a
40901108,secondary_publication_type,panel_a
40887833,secondary_publication_type,panel_a
40879746,secondary_publication_type,panel_a
40885661,secondary_publication_type,panel_a
40882392,secondary_publication_type,panel_a
40870868,secondary_publication_type,panel_a
40870498,secondary_publication_type,panel_a
40869703,secondary_publication_type,panel_a
40869500,secondary_publication_type,panel_a
40869323,secondary_publication_type,panel_a
40868988,secondary_publication_type,panel_a
40868981,secondary_publication_type,panel_a
40867254,secondary_publication_type,panel_a
40867237,secondary_publication_type,panel_a
40877064,secondary_publication_type,panel_a
40876359,secondary_publication_type,panel_a
40875087,secondary_publication_type,panel_a
40867329,secondary_publication_type,panel_a
40865649,secondary_publication_type,panel_a
40863479,secondary_publication_type,panel_a
40859334,secondary_publication_type,panel_a
40856916,secondary_publication_type,panel_a
40865025,secondary_publication_type,panel_a
40864295,secondary_publication_type,panel_a
40858463,secondary_publication_type,panel_a
40858422,secondary_publication_type,panel_a
40857863,secondary_publication_type,panel_a
40856739,secondary_publication_type,panel_a
40851064,secondary_publication_type,panel_a
40853542,secondary_publication_type,panel_a
40852930,secondary_publication_type,panel_a
40849689,secondary_publication_type,panel_a
40848522,secondary_publication_type,panel_a
40848139,secondary_publication_type,panel_a
40844549,secondary_publication_type,panel_a
40843643,secondary_publication_type,panel_a
40838771,secondary_publication_type,panel_a
40837779,secondary_publication_type,panel_a
40837743,secondary_publication_type,panel_a
40834923,secondary_publication_type,panel_a
40834547,secondary_publication_type,panel_a
40833706,secondary_publication_type,panel_a
40833534,secondary_publication_type,panel_a
40831395,secondary_publication_type,panel_a
40830323,secondary_publication_type,panel_a
40830005,secondary_publication_type,panel_a
40829998,secondary_publication_type,panel_a
40825846,secondary_publication_type,panel_a
40824347,secondary_publication_type,panel_a
40824000,secondary_publication_type,panel_a
40819862,secondary_publication_type,panel_a
40818357,secondary_publication_type,panel_a
40818204,secondary_publication_type,panel_a
40817944,secondary_publication_type,panel_a
40817667,secondary_publication_type,panel_a
40817158,secondary_publication_type,panel_a
40816963,secondary_publication_type,panel_a
40816000,secondary_publication_type,panel_a
40811845,secondary_publication_type,panel_a
40810209,secondary_publication_type,panel_a
40805252,secondary_publication_type,panel_a
40805245,secondary_publication_type,panel_a
40802995,secondary_publication_type,panel_a
40796416,secondary_publication_type,panel_a
40795794,secondary_publication_type,panel_a
40789470,secondary_publication_type,panel_a
40782772,secondary_publication_type,panel_a
40782288,secondary_publication_type,panel_a
40781417,secondary_publication_type,panel_a
40780321,secondary_publication_type,panel_a
40773664,secondary_publication_type,panel_a
40769449,secondary_publication_type,panel_a
40768915,secondary_publication_type,panel_a
40768795,secondary_publication_type,panel_a
40762622,secondary_publication_type,panel_a
40762329,secondary_publication_type,panel_a
40760335,secondary_publication_type,panel_a
40759439,secondary_publication_type,panel_a
40759387,secondary_publication_type,panel_a
40755392,secondary_publication_type,panel_a
40755255,secondary_publication_type,panel_a
40754513,secondary_publication_type,panel_a
40754241,secondary_publication_type,panel_a
40754034,secondary_publication_type,panel_a
40752973,secondary_publication_type,panel_a
40751897,secondary_publication_type,panel_a
40750872,secondary_publication_type,panel_a
40747838,secondary_publication_type,panel_a
40744861,secondary_publication_type,panel_a
40662247,secondary_publication_type,panel_a
40506239,secondary_publication_type,panel_a
40143554,secondary_publication_type,panel_a
40117384,secondary_publication_type,panel_a
41513510,secondary_publication_type,panel_a
41477342,secondary_publication_type,panel_a
41389262,secondary_publication_type,panel_a
41274680,secondary_publication_type,panel_a
41240819,secondary_publication_type,panel_a
41215926,secondary_publication_type,panel_a
41186170,secondary_publication_type,panel_a
41162310,secondary_publication_type,panel_a
41157181,secondary_publication_type,panel_a
41150011,secondary_publication_type,panel_a
41127419,secondary_publication_type,panel_a
41126805,secondary_publication_type,panel_a
41113381,secondary_publication_type,panel_a
41111750,secondary_publication_type,panel_a
41097659,secondary_publication_type,panel_a
41097652,secondary_publication_type,panel_a
41097649,secondary_publication_type,panel_a
41090188,secondary_publication_type,panel_a
41048886,secondary_publication_type,panel_a
41046785,secondary_publication_type,panel_a
41042110,secondary_publication_type,panel_a
41040910,secondary_publication_type,panel_a
41032033,secondary_publication_type,panel_a
41028901,secondary_publication_type,panel_a
41027762,secondary_publication_type,panel_a
41027344,secondary_publication_type,panel_a
41027100,secondary_publication_type,panel_a
41025637,secondary_publication_type,panel_a
41025070,secondary_publication_type,panel_a
41025063,secondary_publication_type,panel_a
41024848,secondary_publication_type,panel_a
41024245,secondary_publication_type,panel_a
41020342,secondary_publication_type,panel_a
41016987,secondary_publication_type,panel_a
41014170,secondary_publication_type,panel_a
41014033,secondary_publication_type,panel_a
41013393,secondary_publication_type,panel_a
41010799,secondary_publication_type,panel_a
41007067,secondary_publication_type,panel_a
41006727,secondary_publication_type,panel_a
41004350,secondary_publication_type,panel_a
41002618,secondary_publication_type,panel_a
41002349,secondary_publication_type,panel_a
40999489,secondary_publication_type,panel_a
40998473,secondary_publication_type,panel_a
40993891,secondary_publication_type,panel_a
40993310,secondary_publication_type,panel_a
40992707,secondary_publication_type,panel_a
40991162,secondary_publication_type,panel_a
40991016,secondary_publication_type,panel_a
40990717,secondary_publication_type,panel_a
40990216,secondary_publication_type,panel_a
40987214,secondary_publication_type,panel_a
40985364,secondary_publication_type,panel_a
40981987,secondary_publication_type,panel_a
40981474,secondary_publication_type,panel_a
40979549,secondary_publication_type,panel_a
40976917,secondary_publication_type,panel_a
40976756,secondary_publication_type,panel_a
40975793,secondary_publication_type,panel_a
40975458,secondary_publication_type,panel_a
40974607,secondary_publication_type,panel_a
40970943,secondary_publication_type,panel_a
40970872,secondary_publication_type,panel_a
40968304,secondary_publication_type,panel_a
40965782,secondary_publication_type,panel_a
40965768,secondary_publication_type,panel_a
40962856,secondary_publication_type,panel_a
40962128,secondary_publication_type,panel_a
40961741,secondary_publication_type,panel_a
40961412,secondary_publication_type,panel_a
40960690,secondary_publication_type,panel_a
40960249,secondary_publication_type,panel_a
40959866,secondary_publication_type,panel_a
40957611,secondary_publication_type,panel_a
40952061,secondary_publication_type,panel_a
40949070,secondary_publication_type,panel_a
40946521,secondary_publication_type,panel_a
40946038,secondary_publication_type,panel_a
40944918,secondary_publication_type,panel_a
40941718,secondary_publication_type,panel_a
40941017,secondary_publication_type,panel_a
40940998,secondary_publication_type,panel_a
40938375,secondary_publication_type,panel_a
40932499,secondary_publication_type,panel_a
40930744,secondary_publication_type,panel_a
40929302,secondary_publication_type,panel_a
40928383,secondary_publication_type,panel_a
40927976,secondary_publication_type,panel_a
40926431,secondary_publication_type,panel_a
40925786,secondary_publication_type,panel_a
40923891,secondary_publication_type,panel_a
40921820,secondary_publication_type,panel_a
40915936,secondary_publication_type,panel_a
40914722,secondary_publication_type,panel_a
40914072,secondary_publication_type,panel_a
40913795,secondary_publication_type,panel_a
40913779,secondary_publication_type,panel_a
40911624,secondary_publication_type,panel_a
40910476,secondary_publication_type,panel_a
40908766,secondary_publication_type,panel_a
40906002,secondary_publication_type,panel_a
40905766,secondary_publication_type,panel_a
40903523,secondary_publication_type,panel_a
40902264,secondary_publication_type,panel_a
40899628,secondary_publication_type,panel_a
40892342,secondary_publication_type,panel_a
40888915,secondary_publication_type,panel_a
40884019,secondary_publication_type,panel_a
40873375,secondary_publication_type,panel_a
40845893,secondary_publication_type,panel_a
40815223,secondary_publication_type,panel_a
40773373,secondary_publication_type,panel_a
40591456,secondary_publication_type,panel_a
40560570,secondary_publication_type,panel_a
40445911,secondary_publication_type,panel_a
42167850,secondary_publication_type,panel_a
41591939,secondary_publication_type,panel_a
41459122,secondary_publication_type,panel_a
41429737,secondary_publication_type,panel_a
41402002,secondary_publication_type,panel_a
41377378,secondary_publication_type,panel_a
41341475,secondary_publication_type,panel_a
41340634,secondary_publication_type,panel_a
41322800,secondary_publication_type,panel_a
41311768,secondary_publication_type,panel_a
41301694,secondary_publication_type,panel_a
41301119,secondary_publication_type,panel_a
41301095,secondary_publication_type,panel_a
41287739,secondary_publication_type,panel_a
41274770,secondary_publication_type,panel_a
41274766,secondary_publication_type,panel_a
41260961,secondary_publication_type,panel_a
41242835,secondary_publication_type,panel_a
41242831,secondary_publication_type,panel_a
41241582,secondary_publication_type,panel_a
41241581,secondary_publication_type,panel_a
41228317,secondary_publication_type,panel_a
41228295,secondary_publication_type,panel_a
41226916,secondary_publication_type,panel_a
41226862,secondary_publication_type,panel_a
41226009,secondary_publication_type,panel_a
41225984,secondary_publication_type,panel_a
41211508,secondary_publication_type,panel_a
41180982,secondary_publication_type,panel_a
41180908,secondary_publication_type,panel_a
41180782,secondary_publication_type,panel_a
41179733,secondary_publication_type,panel_a
41179720,secondary_publication_type,panel_a
41173762,secondary_publication_type,panel_a
41173733,secondary_publication_type,panel_a
41168847,secondary_publication_type,panel_a
41165910,secondary_publication_type,panel_a
41165777,secondary_publication_type,panel_a
41163264,secondary_publication_type,panel_a
41162783,secondary_publication_type,panel_a
41162298,secondary_publication_type,panel_a
41161628,secondary_publication_type,panel_a
41156304,secondary_publication_type,panel_a
41155864,secondary_publication_type,panel_a
41155654,secondary_publication_type,panel_a
41155108,secondary_publication_type,panel_a
41154441,secondary_publication_type,panel_a
41154408,secondary_publication_type,panel_a
41154400,secondary_publication_type,panel_a
41154370,secondary_publication_type,panel_a
41154341,secondary_publication_type,panel_a
41152180,secondary_publication_type,panel_a
41152179,secondary_publication_type,panel_a
41150754,secondary_publication_type,panel_a
41149491,secondary_publication_type,panel_a
41148506,secondary_publication_type,panel_a
41147843,secondary_publication_type,panel_a
41146071,secondary_publication_type,panel_a
41142900,secondary_publication_type,panel_a
41138792,secondary_publication_type,panel_a
41138363,secondary_publication_type,panel_a
41138318,secondary_publication_type,panel_a
41136271,secondary_publication_type,panel_a
41135699,secondary_publication_type,panel_a
41135418,secondary_publication_type,panel_a
41132477,secondary_publication_type,panel_a
41129192,secondary_publication_type,panel_a
41126088,secondary_publication_type,panel_a
41125508,secondary_publication_type,panel_a
41116134,secondary_publication_type,panel_a
41115616,secondary_publication_type,panel_a
41115427,secondary_publication_type,panel_a
41114892,secondary_publication_type,panel_a
41114100,secondary_publication_type,panel_a
41114099,secondary_publication_type,panel_a
41114092,secondary_publication_type,panel_a
41113943,secondary_publication_type,panel_a
41108891,secondary_publication_type,panel_a
41107125,secondary_publication_type,panel_a
41107124,secondary_publication_type,panel_a
41102061,secondary_publication_type,panel_a
41101429,secondary_publication_type,panel_a
41100040,secondary_publication_type,panel_a
41099387,secondary_publication_type,panel_a
41099114,secondary_publication_type,panel_a
41095754,secondary_publication_type,panel_a
41094242,secondary_publication_type,panel_a
41093713,secondary_publication_type,panel_a
41093269,secondary_publication_type,panel_a
41092753,secondary_publication_type,panel_a
41086385,secondary_publication_type,panel_a
41086139,secondary_publication_type,panel_a
41086133,secondary_publication_type,panel_a
41082927,secondary_publication_type,panel_a
41082315,secondary_publication_type,panel_a
41082312,secondary_publication_type,panel_a
41078233,secondary_publication_type,panel_a
41076404,secondary_publication_type,panel_a
41075300,secondary_publication_type,panel_a
41074259,secondary_publication_type,panel_a
41073794,secondary_publication_type,panel_a
41073275,secondary_publication_type,panel_a
41072569,secondary_publication_type,panel_a
41070703,secondary_publication_type,panel_a
41068506,secondary_publication_type,panel_a
41067672,secondary_publication_type,panel_a
41066160,secondary_publication_type,panel_a
41065537,secondary_publication_type,panel_a
41065503,secondary_publication_type,panel_a
41065282,secondary_publication_type,panel_a
41060425,secondary_publication_type,panel_a
41060416,secondary_publication_type,panel_a
41057662,secondary_publication_type,panel_a
41055050,secondary_publication_type,panel_a
41054178,secondary_publication_type,panel_a
41051612,secondary_publication_type,panel_a
41051358,secondary_publication_type,panel_a
41046684,secondary_publication_type,panel_a
41044796,secondary_publication_type,panel_a
41044012,secondary_publication_type,panel_a
41041696,secondary_publication_type,panel_a
40997871,secondary_publication_type,panel_a
40944493,secondary_publication_type,panel_a
40935443,secondary_publication_type,panel_a
40881015,secondary_publication_type,panel_a
40227347,secondary_publication_type,panel_a
40194850,secondary_publication_type,panel_a
40095828,secondary_publication_type,panel_a
41790858,secondary_publication_type,panel_a
41643045,secondary_publication_type,panel_a
41497140,secondary_publication_type,panel_a
41497043,secondary_publication_type,panel_a
41496922,secondary_publication_type,panel_a
41476571,secondary_publication_type,panel_a
41463594,secondary_publication_type,panel_a
41462951,secondary_publication_type,panel_a
41455221,secondary_publication_type,panel_a
41440512,secondary_publication_type,panel_a
41426936,secondary_publication_type,panel_a
41416297,secondary_publication_type,panel_a
41415651,secondary_publication_type,panel_a
41415644,secondary_publication_type,panel_a
41415635,secondary_publication_type,panel_a
41401681,secondary_publication_type,panel_a
41400327,secondary_publication_type,panel_a
41393720,secondary_publication_type,panel_a
41393619,secondary_publication_type,panel_a
41377450,secondary_publication_type,panel_a
41376964,secondary_publication_type,panel_a
41376936,secondary_publication_type,panel_a
41374949,secondary_publication_type,panel_a
41374413,secondary_publication_type,panel_a
41373689,secondary_publication_type,panel_a
41368237,secondary_publication_type,panel_a
41365695,secondary_publication_type,panel_a
41362029,secondary_publication_type,panel_a
41358177,secondary_publication_type,panel_a
41358057,secondary_publication_type,panel_a
41357666,secondary_publication_type,panel_a
41355909,secondary_publication_type,panel_a
41344069,secondary_publication_type,panel_a
41343724,secondary_publication_type,panel_a
41341365,secondary_publication_type,panel_a
41328447,secondary_publication_type,panel_a
41324014,secondary_publication_type,panel_a
41320614,secondary_publication_type,panel_a
41318295,secondary_publication_type,panel_a
41318251,secondary_publication_type,panel_a
41317918,secondary_publication_type,panel_a
41316486,secondary_publication_type,panel_a
41314128,secondary_publication_type,panel_a
41313419,secondary_publication_type,panel_a
41310848,secondary_publication_type,panel_a
41310306,secondary_publication_type,panel_a
41310156,secondary_publication_type,panel_a
41309108,secondary_publication_type,panel_a
41305985,secondary_publication_type,panel_a
41303058,secondary_publication_type,panel_a
41301080,secondary_publication_type,panel_a
41301079,secondary_publication_type,panel_a
41301061,secondary_publication_type,panel_a
41301040,secondary_publication_type,panel_a
41301027,secondary_publication_type,panel_a
41301005,secondary_publication_type,panel_a
41300986,secondary_publication_type,panel_a
41300883,secondary_publication_type,panel_a
41298174,secondary_publication_type,panel_a
41295107,secondary_publication_type,panel_a
41294766,secondary_publication_type,panel_a
41290079,secondary_publication_type,panel_a
41288867,secondary_publication_type,panel_a
41287865,secondary_publication_type,panel_a
41286910,secondary_publication_type,panel_a
41285247,secondary_publication_type,panel_a
41284066,secondary_publication_type,panel_a
41284030,secondary_publication_type,panel_a
41283484,secondary_publication_type,panel_a
41283302,secondary_publication_type,panel_a
41282271,secondary_publication_type,panel_a
41281478,secondary_publication_type,panel_a
41278165,secondary_publication_type,panel_a
41276825,secondary_publication_type,panel_a
41273092,secondary_publication_type,panel_a
41272268,secondary_publication_type,panel_a
41266228,secondary_publication_type,panel_a
41265505,secondary_publication_type,panel_a
41265468,secondary_publication_type,panel_a
41263057,secondary_publication_type,panel_a
41252478,secondary_publication_type,panel_a
41249667,secondary_publication_type,panel_a
41248723,secondary_publication_type,panel_a
41247638,secondary_publication_type,panel_a
41247561,secondary_publication_type,panel_a
41242985,secondary_publication_type,panel_a
41241061,secondary_publication_type,panel_a
41238828,secondary_publication_type,panel_a
41236645,secondary_publication_type,panel_a
41233797,secondary_publication_type,panel_a
41232978,secondary_publication_type,panel_a
41232399,secondary_publication_type,panel_a
41231745,secondary_publication_type,panel_a
41226779,secondary_publication_type,panel_a
41226765,secondary_publication_type,panel_a
41226096,secondary_publication_type,panel_a
41226078,secondary_publication_type,panel_a
41223979,secondary_publication_type,panel_a
41222630,secondary_publication_type,panel_a
41220231,secondary_publication_type,panel_a
41220029,secondary_publication_type,panel_a
41219394,secondary_publication_type,panel_a
41218468,secondary_publication_type,panel_a
41217279,secondary_publication_type,panel_a
41213591,secondary_publication_type,panel_a
41212376,secondary_publication_type,panel_a
41211255,secondary_publication_type,panel_a
41208244,secondary_publication_type,panel_a
41207851,secondary_publication_type,panel_a
41206268,secondary_publication_type,panel_a
41205455,secondary_publication_type,panel_a
41202669,secondary_publication_type,panel_a
41202536,secondary_publication_type,panel_a
41195522,secondary_publication_type,panel_a
41192450,secondary_publication_type,panel_a
41186684,secondary_publication_type,panel_a
41184781,secondary_publication_type,panel_a
41184410,secondary_publication_type,panel_a
41183831,secondary_publication_type,panel_a
41183811,secondary_publication_type,panel_a
41183744,secondary_publication_type,panel_a
41169209,secondary_publication_type,panel_a
41167228,secondary_publication_type,panel_a
41167227,secondary_publication_type,panel_a
41147250,secondary_publication_type,panel_a
41143751,secondary_publication_type,panel_a
41134140,secondary_publication_type,panel_a
41092941,secondary_publication_type,panel_a
40962716,secondary_publication_type,panel_a
40824206,secondary_publication_type,panel_a
40788569,secondary_publication_type,panel_a
40541405,secondary_publication_type,panel_a
40478664,secondary_publication_type,panel_a
42342296,secondary_publication_type,panel_a
42167861,secondary_publication_type,panel_a
42167838,secondary_publication_type,panel_a
42007212,secondary_publication_type,panel_a
41954339,secondary_publication_type,panel_a
41948161,secondary_publication_type,panel_a
41826004,secondary_publication_type,panel_a
41825997,secondary_publication_type,panel_a
41631125,secondary_publication_type,panel_a
41602239,secondary_publication_type,panel_a
41599657,secondary_publication_type,panel_a
41595584,secondary_publication_type,panel_a
41589143,secondary_publication_type,panel_a
41583324,secondary_publication_type,panel_a
41560793,secondary_publication_type,panel_a
41552161,secondary_publication_type,panel_a
41522399,secondary_publication_type,panel_a
41522390,secondary_publication_type,panel_a
41520630,secondary_publication_type,panel_a
41516254,secondary_publication_type,panel_a
41515570,secondary_publication_type,panel_a
41515563,secondary_publication_type,panel_a
41515542,secondary_publication_type,panel_a
41514550,secondary_publication_type,panel_a
41514540,secondary_publication_type,panel_a
41514522,secondary_publication_type,panel_a
41497129,secondary_publication_type,panel_a
41494355,secondary_publication_type,panel_a
41489265,secondary_publication_type,panel_a
41479639,secondary_publication_type,panel_a
41478807,secondary_publication_type,panel_a
41478277,secondary_publication_type,panel_a
41475802,secondary_publication_type,panel_a
41472345,secondary_publication_type,panel_a
41471079,secondary_publication_type,panel_a
41470239,secondary_publication_type,panel_a
41468863,secondary_publication_type,panel_a
41468029,secondary_publication_type,panel_a
41466065,secondary_publication_type,panel_a
41465938,secondary_publication_type,panel_a
41465586,secondary_publication_type,panel_a
41464604,secondary_publication_type,panel_a
41464135,secondary_publication_type,panel_a
41463285,secondary_publication_type,panel_a
41463234,secondary_publication_type,panel_a
41463145,secondary_publication_type,panel_a
41461211,secondary_publication_type,panel_a
41460438,secondary_publication_type,panel_a
41452563,secondary_publication_type,panel_a
41449765,secondary_publication_type,panel_a
41448773,secondary_publication_type,panel_a
41447232,secondary_publication_type,panel_a
41443887,secondary_publication_type,panel_a
41443225,secondary_publication_type,panel_a
41441999,secondary_publication_type,panel_a
41441739,secondary_publication_type,panel_a
41439914,secondary_publication_type,panel_a
41439886,secondary_publication_type,panel_a
41438712,secondary_publication_type,panel_a
41437780,secondary_publication_type,panel_a
41437380,secondary_publication_type,panel_a
41436663,secondary_publication_type,panel_a
41430967,secondary_publication_type,panel_a
41428015,secondary_publication_type,panel_a
41428013,secondary_publication_type,panel_a
41423376,secondary_publication_type,panel_a
41422932,secondary_publication_type,panel_a
41422854,secondary_publication_type,panel_a
41420705,secondary_publication_type,panel_a
41417202,secondary_publication_type,panel_a
41417080,secondary_publication_type,panel_a
41417075,secondary_publication_type,panel_a
41414806,secondary_publication_type,panel_a
41412927,secondary_publication_type,panel_a
41412890,secondary_publication_type,panel_a
41412350,secondary_publication_type,panel_a
41410890,secondary_publication_type,panel_a
41408570,secondary_publication_type,panel_a
41408191,secondary_publication_type,panel_a
41407887,secondary_publication_type,panel_a
41407094,secondary_publication_type,panel_a
41405787,secondary_publication_type,panel_a
41405058,secondary_publication_type,panel_a
41402342,secondary_publication_type,panel_a
41401467,secondary_publication_type,panel_a
41396309,secondary_publication_type,panel_a
41396170,secondary_publication_type,panel_a
41395741,secondary_publication_type,panel_a
41394496,secondary_publication_type,panel_a
41391994,secondary_publication_type,panel_a
41391993,secondary_publication_type,panel_a
41391992,secondary_publication_type,panel_a
41390951,secondary_publication_type,panel_a
41390476,secondary_publication_type,panel_a
41389196,secondary_publication_type,panel_a
41389084,secondary_publication_type,panel_a
41388633,secondary_publication_type,panel_a
41388461,secondary_publication_type,panel_a
41387657,secondary_publication_type,panel_a
41385140,secondary_publication_type,panel_a
41385000,secondary_publication_type,panel_a
41384935,secondary_publication_type,panel_a
41378323,secondary_publication_type,panel_a
41375066,secondary_publication_type,panel_a
41374457,secondary_publication_type,panel_a
41373109,secondary_publication_type,panel_a
41371995,secondary_publication_type,panel_a
41370657,secondary_publication_type,panel_a
41365722,secondary_publication_type,panel_a
41365533,secondary_publication_type,panel_a
41364797,secondary_publication_type,panel_a
41364195,secondary_publication_type,panel_a
41363042,secondary_publication_type,panel_a
41353764,secondary_publication_type,panel_a
41349151,secondary_publication_type,panel_a
41348934,secondary_publication_type,panel_a
41344965,secondary_publication_type,panel_a
41343020,secondary_publication_type,panel_a
41342316,secondary_publication_type,panel_a
41340531,secondary_publication_type,panel_a
41338702,secondary_publication_type,panel_a
41335187,secondary_publication_type,panel_a
41331546,secondary_publication_type,panel_a
41331191,secondary_publication_type,panel_a
41330557,secondary_publication_type,panel_a
41330556,secondary_publication_type,panel_a
41326844,secondary_publication_type,panel_a
41325573,secondary_publication_type,panel_a
41324267,secondary_publication_type,panel_a
41308690,secondary_publication_type,panel_a
41276375,secondary_publication_type,panel_a
41265027,secondary_publication_type,panel_a
41067863,secondary_publication_type,panel_a
41004070,secondary_publication_type,panel_a
40971003,secondary_publication_type,panel_a
40900839,secondary_publication_type,panel_a
40767636,secondary_publication_type,panel_a
42676948,secondary_publication_type,panel_a
42676934,secondary_publication_type,panel_a
42676821,secondary_publication_type,panel_a
42674231,secondary_publication_type,panel_a
42674226,secondary_publication_type,panel_a
42674079,secondary_publication_type,panel_a
42671965,secondary_publication_type,panel_a
42669326,secondary_publication_type,panel_a
42668996,secondary_publication_type,panel_a
42667959,secondary_publication_type,panel_a
42667563,secondary_publication_type,panel_a
42663624,secondary_publication_type,panel_a
42661070,secondary_publication_type,panel_a
42659728,secondary_publication_type,panel_a
42657966,secondary_publication_type,panel_a
42657380,secondary_publication_type,panel_a
42656331,secondary_publication_type,panel_a
42656185,secondary_publication_type,panel_a
42653819,secondary_publication_type,panel_a
42653345,secondary_publication_type,panel_a
42653034,secondary_publication_type,panel_a
42652119,secondary_publication_type,panel_a
42651023,secondary_publication_type,panel_a
42651014,secondary_publication_type,panel_a
42650034,secondary_publication_type,panel_a
42649987,secondary_publication_type,panel_a
42649892,secondary_publication_type,panel_a
42647385,secondary_publication_type,panel_a
42644535,secondary_publication_type,panel_a
42643768,secondary_publication_type,panel_a
42642176,secondary_publication_type,panel_a
42640784,secondary_publication_type,panel_a
42639369,secondary_publication_type,panel_a
42635792,secondary_publication_type,panel_a
42634867,secondary_publication_type,panel_a
42634459,secondary_publication_type,panel_a
42634001,secondary_publication_type,panel_a
42630967,secondary_publication_type,panel_a
42630186,secondary_publication_type,panel_a
42627227,secondary_publication_type,panel_a
42627101,secondary_publication_type,panel_a
42625220,secondary_publication_type,panel_a
42622827,secondary_publication_type,panel_a
42621946,secondary_publication_type,panel_a
42616056,secondary_publication_type,panel_a
42614645,secondary_publication_type,panel_a
42614437,secondary_publication_type,panel_a
42611905,secondary_publication_type,panel_a
42611363,secondary_publication_type,panel_a
42610296,secondary_publication_type,panel_a
42610073,secondary_publication_type,panel_a
42609826,secondary_publication_type,panel_a
42609192,secondary_publication_type,panel_a
42608355,secondary_publication_type,panel_a
42608170,secondary_publication_type,panel_a
42606746,secondary_publication_type,panel_a
42606593,secondary_publication_type,panel_a
42605566,secondary_publication_type,panel_a
42604785,secondary_publication_type,panel_a
42602542,secondary_publication_type,panel_a
42602012,secondary_publication_type,panel_a
42601310,secondary_publication_type,panel_a
42599597,secondary_publication_type,panel_a
42599455,secondary_publication_type,panel_a
42599390,secondary_publication_type,panel_a
42598790,secondary_publication_type,panel_a
42597474,secondary_publication_type,panel_a
42597265,secondary_publication_type,panel_a
42597169,secondary_publication_type,panel_a
42596052,secondary_publication_type,panel_a
42595627,secondary_publication_type,panel_a
42595195,secondary_publication_type,panel_a
42594738,secondary_publication_type,panel_a
42591894,secondary_publication_type,panel_a
42591859,secondary_publication_type,panel_a
42591759,secondary_publication_type,panel_a
42591604,secondary_publication_type,panel_a
42591405,secondary_publication_type,panel_a
42591089,secondary_publication_type,panel_a
42589640,secondary_publication_type,panel_a
42589623,secondary_publication_type,panel_a
42588741,secondary_publication_type,panel_a
42588598,secondary_publication_type,panel_a
42587602,secondary_publication_type,panel_a
42587554,secondary_publication_type,panel_a
42587539,secondary_publication_type,panel_a
42587294,secondary_publication_type,panel_a
42586746,secondary_publication_type,panel_a
42585891,secondary_publication_type,panel_a
42585777,secondary_publication_type,panel_a
42583022,secondary_publication_type,panel_a
42582662,secondary_publication_type,panel_a
42582459,secondary_publication_type,panel_a
42582183,secondary_publication_type,panel_a
42579203,secondary_publication_type,panel_a
42579081,secondary_publication_type,panel_a
42577177,secondary_publication_type,panel_a
42575751,secondary_publication_type,panel_a
42573772,secondary_publication_type,panel_a
42573770,secondary_publication_type,panel_a
42572988,secondary_publication_type,panel_a
42571542,secondary_publication_type,panel_a
42571286,secondary_publication_type,panel_a
42551939,secondary_publication_type,panel_a
42551870,secondary_publication_type,panel_a
42551431,secondary_publication_type,panel_a
42551357,secondary_publication_type,panel_a
42550814,secondary_publication_type,panel_a
42570088,secondary_publication_type,panel_a
42569856,secondary_publication_type,panel_a
42569136,secondary_publication_type,panel_a
42569026,secondary_publication_type,panel_a
42567112,secondary_publication_type,panel_a
42566262,secondary_publication_type,panel_a
42565942,secondary_publication_type,panel_a
42565680,secondary_publication_type,panel_a
42564865,secondary_publication_type,panel_a
42564290,secondary_publication_type,panel_a
42564032,secondary_publication_type,panel_a
42562150,secondary_publication_type,panel_a
42559835,secondary_publication_type,panel_a
42559365,secondary_publication_type,panel_a
42558389,secondary_publication_type,panel_a
42558280,secondary_publication_type,panel_a
42558214,secondary_publication_type,panel_a
42558038,secondary_publication_type,panel_a
42557854,secondary_publication_type,panel_a
42557153,secondary_publication_type,panel_a
42556899,secondary_publication_type,panel_a
42556603,secondary_publication_type,panel_a
42556597,secondary_publication_type,panel_a
42554705,secondary_publication_type,panel_a
42554691,secondary_publication_type,panel_a
42550459,secondary_publication_type,panel_a
42549539,secondary_publication_type,panel_a
42548819,secondary_publication_type,panel_a
42547816,secondary_publication_type,panel_a
42547590,secondary_publication_type,panel_a
42545470,secondary_publication_type,panel_a
42544420,secondary_publication_type,panel_a
42544375,secondary_publication_type,panel_a
42542076,secondary_publication_type,panel_a
42541995,secondary_publication_type,panel_a
42540689,secondary_publication_type,panel_a
42539884,secondary_publication_type,panel_a
42539610,secondary_publication_type,panel_a
42536267,secondary_publication_type,panel_a
42535370,secondary_publication_type,panel_a
42535035,secondary_publication_type,panel_a
42534643,secondary_publication_type,panel_a
42532700,secondary_publication_type,panel_a
42531777,secondary_publication_type,panel_a
42530698,secondary_publication_type,panel_a
42529882,secondary_publication_type,panel_a
42529427,secondary_publication_type,panel_a
42528444,secondary_publication_type,panel_a
42527291,secondary_publication_type,panel_a
42527096,secondary_publication_type,panel_a
42526978,secondary_publication_type,panel_a
42526369,secondary_publication_type,panel_a
42524537,secondary_publication_type,panel_a
42523769,secondary_publication_type,panel_a
42523677,secondary_publication_type,panel_a
42523586,secondary_publication_type,panel_a
42519345,secondary_publication_type,panel_a
42518115,secondary_publication_type,panel_a
42517759,secondary_publication_type,panel_a
42515759,secondary_publication_type,panel_a
42514203,secondary_publication_type,panel_a
42513537,secondary_publication_type,panel_a
42513535,secondary_publication_type,panel_a
42513295,secondary_publication_type,panel_a
42512891,secondary_publication_type,panel_a
42512375,secondary_publication_type,panel_a
42512372,secondary_publication_type,panel_a
42512371,secondary_publication_type,panel_a
42512326,secondary_publication_type,panel_a
42512282,secondary_publication_type,panel_a
42510709,secondary_publication_type,panel_a
42510469,secondary_publication_type,panel_a
42507084,secondary_publication_type,panel_a
42506133,secondary_publication_type,panel_a
42503234,secondary_publication_type,panel_a
42502543,secondary_publication_type,panel_a
42500935,secondary_publication_type,panel_a
42499769,secondary_publication_type,panel_a
42496940,secondary_publication_type,panel_a
42495471,secondary_publication_type,panel_a
42495052,secondary_publication_type,panel_a
42493749,secondary_publication_type,panel_a
42493423,secondary_publication_type,panel_a
42491025,secondary_publication_type,panel_a
42489168,secondary_publication_type,panel_a
42488630,secondary_publication_type,panel_a
42488507,secondary_publication_type,panel_a
42487578,secondary_publication_type,panel_a
42487098,secondary_publication_type,panel_a
42486742,secondary_publication_type,panel_a
42486723,secondary_publication_type,panel_a
42486601,secondary_publication_type,panel_a
42485960,secondary_publication_type,panel_a
42485411,secondary_publication_type,panel_a
42484110,secondary_publication_type,panel_a
42483695,secondary_publication_type,panel_a
42482741,secondary_publication_type,panel_a
42481253,secondary_publication_type,panel_a
42480711,secondary_publication_type,panel_a
42479162,secondary_publication_type,panel_a
42477210,secondary_publication_type,panel_a
42475791,secondary_publication_type,panel_a
42474773,secondary_publication_type,panel_a
42473999,secondary_publication_type,panel_a
42473735,secondary_publication_type,panel_a
42472394,secondary_publication_type,panel_a
42472323,secondary_publication_type,panel_a
42472318,secondary_publication_type,panel_a
42471504,secondary_publication_type,panel_a
42471281,secondary_publication_type,panel_a
42470171,secondary_publication_type,panel_a
42468971,secondary_publication_type,panel_a
42468828,secondary_publication_type,panel_a
42465149,secondary_publication_type,panel_a
42457566,secondary_publication_type,panel_a
42456599,secondary_publication_type,panel_a
42455324,secondary_publication_type,panel_a
42453872,secondary_publication_type,panel_a
42451259,secondary_publication_type,panel_a
42450092,secondary_publication_type,panel_a
42449796,secondary_publication_type,panel_a
42449765,secondary_publication_type,panel_a
42449730,secondary_publication_type,panel_a
42449681,secondary_publication_type,panel_a
42449671,secondary_publication_type,panel_a
42449614,secondary_publication_type,panel_a
42449575,secondary_publication_type,panel_a
42447720,secondary_publication_type,panel_a
42446135,secondary_publication_type,panel_a
42445897,secondary_publication_type,panel_a
42444935,secondary_publication_type,panel_a
42444833,secondary_publication_type,panel_a
42444015,secondary_publication_type,panel_a
42443009,secondary_publication_type,panel_a
42442976,secondary_publication_type,panel_a
42440279,secondary_publication_type,panel_a
42438599,secondary_publication_type,panel_a
42437630,secondary_publication_type,panel_a
42436788,secondary_publication_type,panel_a
42436051,secondary_publication_type,panel_a
42435838,secondary_publication_type,panel_a
42434741,secondary_publication_type,panel_a
42433462,secondary_publication_type,panel_a
42433310,secondary_publication_type,panel_a
42433230,secondary_publication_type,panel_a
42431728,secondary_publication_type,panel_a
42431477,secondary_publication_type,panel_a
42429897,secondary_publication_type,panel_a
42429654,secondary_publication_type,panel_a
42429431,secondary_publication_type,panel_a
42429430,secondary_publication_type,panel_a
42429073,secondary_publication_type,panel_a
42427473,secondary_publication_type,panel_a
42426429,secondary_publication_type,panel_a
42425917,secondary_publication_type,panel_a
42423852,secondary_publication_type,panel_a
42422138,secondary_publication_type,panel_a
42421849,secondary_publication_type,panel_a
42421047,secondary_publication_type,panel_a
42420571,secondary_publication_type,panel_a
42419955,secondary_publication_type,panel_a
42419776,secondary_publication_type,panel_a
42419775,secondary_publication_type,panel_a
42418457,secondary_publication_type,panel_a
42417846,secondary_publication_type,panel_a
42414725,secondary_publication_type,panel_a
42414721,secondary_publication_type,panel_a
42414707,secondary_publication_type,panel_a
42414617,secondary_publication_type,panel_a
42413278,secondary_publication_type,panel_a
42412916,secondary_publication_type,panel_a
42412007,secondary_publication_type,panel_a
42411517,secondary_publication_type,panel_a
42411161,secondary_publication_type,panel_a
42404859,secondary_publication_type,panel_a
42404457,secondary_publication_type,panel_a
42403594,secondary_publication_type,panel_a
42403543,secondary_publication_type,panel_a
42401503,secondary_publication_type,panel_a
42401074,secondary_publication_type,panel_a
42400691,secondary_publication_type,panel_a
42400610,secondary_publication_type,panel_a
42399004,secondary_publication_type,panel_a
42396659,secondary_publication_type,panel_a
42396618,secondary_publication_type,panel_a
42396189,secondary_publication_type,panel_a
42395225,secondary_publication_type,panel_a
42394422,secondary_publication_type,panel_a
42393974,secondary_publication_type,panel_a
42390763,secondary_publication_type,panel_a
42389638,secondary_publication_type,panel_a
42387641,secondary_publication_type,panel_a
42383726,secondary_publication_type,panel_a
42383551,secondary_publication_type,panel_a
42382396,secondary_publication_type,panel_a
42377542,secondary_publication_type,panel_a
42376625,secondary_publication_type,panel_a
42375542,secondary_publication_type,panel_a
42375476,secondary_publication_type,panel_a
42375158,secondary_publication_type,panel_a
42373751,secondary_publication_type,panel_a
42373432,secondary_publication_type,panel_a
42370866,secondary_publication_type,panel_a
42369834,secondary_publication_type,panel_a
42367541,secondary_publication_type,panel_a
42366266,secondary_publication_type,panel_a
42366031,secondary_publication_type,panel_a
42366029,secondary_publication_type,panel_a
42365347,secondary_publication_type,panel_a
42365263,secondary_publication_type,panel_a
42364040,secondary_publication_type,panel_a
42364039,secondary_publication_type,panel_a
42360612,secondary_publication_type,panel_a
42360352,secondary_publication_type,panel_a
42358829,secondary_publication_type,panel_a
42358822,secondary_publication_type,panel_a
42358815,secondary_publication_type,panel_a
42358410,secondary_publication_type,panel_a
42354532,secondary_publication_type,panel_a
42352966,secondary_publication_type,panel_a
42352544,secondary_publication_type,panel_a
42352486,secondary_publication_type,panel_a
42352444,secondary_publication_type,panel_a
42351797,secondary_publication_type,panel_a
42351529,secondary_publication_type,panel_a
42351498,secondary_publication_type,panel_a
42351495,secondary_publication_type,panel_a
42351178,secondary_publication_type,panel_a
42350889,secondary_publication_type,panel_a
42350349,secondary_publication_type,panel_a
42349427,secondary_publication_type,panel_a
42346891,secondary_publication_type,panel_a
42346871,secondary_publication_type,panel_a
42344683,secondary_publication_type,panel_a
42341229,secondary_publication_type,panel_a
42339019,secondary_publication_type,panel_a
42334543,secondary_publication_type,panel_a
42333867,secondary_publication_type,panel_a
42332690,secondary_publication_type,panel_a
42330730,secondary_publication_type,panel_a
42330729,secondary_publication_type,panel_a
42328467,secondary_publication_type,panel_a
42327954,secondary_publication_type,panel_a
42327834,secondary_publication_type,panel_a
42327577,secondary_publication_type,panel_a
42326207,secondary_publication_type,panel_a
42326062,secondary_publication_type,panel_a
42322793,secondary_publication_type,panel_a
42322421,secondary_publication_type,panel_a
42322022,secondary_publication_type,panel_a
42319740,secondary_publication_type,panel_a
42319645,secondary_publication_type,panel_a
42319635,secondary_publication_type,panel_a
42319625,secondary_publication_type,panel_a
42319425,secondary_publication_type,panel_a
42318481,secondary_publication_type,panel_a
42318466,secondary_publication_type,panel_a
42318412,secondary_publication_type,panel_a
42317542,secondary_publication_type,panel_a
42317100,secondary_publication_type,panel_a
42316521,secondary_publication_type,panel_a
42315441,secondary_publication_type,panel_a
42313850,secondary_publication_type,panel_a
42313224,secondary_publication_type,panel_a
42313200,secondary_publication_type,panel_a
42312825,secondary_publication_type,panel_a
42312823,secondary_publication_type,panel_a
42312286,secondary_publication_type,panel_a
42311254,secondary_publication_type,panel_a
42306713,secondary_publication_type,panel_a
42306668,secondary_publication_type,panel_a
42301524,secondary_publication_type,panel_a
42298760,secondary_publication_type,panel_a
42298359,secondary_publication_type,panel_a
42297592,secondary_publication_type,panel_a
42296938,secondary_publication_type,panel_a
42294337,secondary_publication_type,panel_a
42294322,secondary_publication_type,panel_a
42293821,secondary_publication_type,panel_a
42291630,secondary_publication_type,panel_a
42291339,secondary_publication_type,panel_a
42291162,secondary_publication_type,panel_a
42290155,secondary_publication_type,panel_a
42287017,secondary_publication_type,panel_a
42285862,secondary_publication_type,panel_a
42285343,secondary_publication_type,panel_a
42285048,secondary_publication_type,panel_a
42281878,secondary_publication_type,panel_a
42279570,secondary_publication_type,panel_a
42279536,secondary_publication_type,panel_a
42279438,secondary_publication_type,panel_a
42279340,secondary_publication_type,panel_a
42279335,secondary_publication_type,panel_a
42279315,secondary_publication_type,panel_a
42279312,secondary_publication_type,panel_a
42278909,secondary_publication_type,panel_a
42278729,secondary_publication_type,panel_a
42278411,secondary_publication_type,panel_a
42277832,secondary_publication_type,panel_a
42274320,secondary_publication_type,panel_a
42272782,secondary_publication_type,panel_a
42272646,secondary_publication_type,panel_a
42270117,secondary_publication_type,panel_a
42265510,secondary_publication_type,panel_a
42264416,secondary_publication_type,panel_a
42259713,secondary_publication_type,panel_a
42259363,secondary_publication_type,panel_a
42258485,secondary_publication_type,panel_a
42255889,secondary_publication_type,panel_a
42255239,secondary_publication_type,panel_a
42254367,secondary_publication_type,panel_a
42254143,secondary_publication_type,panel_a
42253942,secondary_publication_type,panel_a
42253263,secondary_publication_type,panel_a
42252210,secondary_publication_type,panel_a
42251787,secondary_publication_type,panel_a
42250854,secondary_publication_type,panel_a
42250371,secondary_publication_type,panel_a
42249840,secondary_publication_type,panel_a
42249361,secondary_publication_type,panel_a
42247882,secondary_publication_type,panel_a
42246131,secondary_publication_type,panel_a
42245714,secondary_publication_type,panel_a
42244984,secondary_publication_type,panel_a
42242965,secondary_publication_type,panel_a
42241369,secondary_publication_type,panel_a
42240903,secondary_publication_type,panel_a
42240861,secondary_publication_type,panel_a
42240644,secondary_publication_type,panel_a
42237984,secondary_publication_type,panel_a
42236620,secondary_publication_type,panel_a
42236008,secondary_publication_type,panel_a
42235350,secondary_publication_type,panel_a
42233760,secondary_publication_type,panel_a
42232721,secondary_publication_type,panel_a
42232554,secondary_publication_type,panel_a
42230172,secondary_publication_type,panel_a
42229080,secondary_publication_type,panel_a
42227807,secondary_publication_type,panel_a
42227144,secondary_publication_type,panel_a
42225574,secondary_publication_type,panel_a
42225571,secondary_publication_type,panel_a
42225195,secondary_publication_type,panel_a
42224717,secondary_publication_type,panel_a
42218903,secondary_publication_type,panel_a
42218494,secondary_publication_type,panel_a
42216001,secondary_publication_type,panel_a
42214762,secondary_publication_type,panel_a
42214390,secondary_publication_type,panel_a
42214043,secondary_publication_type,panel_a
42211735,secondary_publication_type,panel_a
42211595,secondary_publication_type,panel_a
42211017,secondary_publication_type,panel_a
42209847,secondary_publication_type,panel_a
42209845,secondary_publication_type,panel_a
42208641,secondary_publication_type,panel_a
42207294,secondary_publication_type,panel_a
42207210,secondary_publication_type,panel_a
42200024,secondary_publication_type,panel_a
42196913,secondary_publication_type,panel_a
42196367,secondary_publication_type,panel_a
42195381,secondary_publication_type,panel_a
42194854,secondary_publication_type,panel_a
42194493,secondary_publication_type,panel_a
42194333,secondary_publication_type,panel_a
42193081,secondary_publication_type,panel_a
42193007,secondary_publication_type,panel_a
42192906,secondary_publication_type,panel_a
42192904,secondary_publication_type,panel_a
42192781,secondary_publication_type,panel_a
42191663,secondary_publication_type,panel_a
42189429,secondary_publication_type,panel_a
42188707,secondary_publication_type,panel_a
42188704,secondary_publication_type,panel_a
42188703,secondary_publication_type,panel_a
42187604,secondary_publication_type,panel_a
42187590,secondary_publication_type,panel_a
42186165,secondary_publication_type,panel_a
42185723,secondary_publication_type,panel_a
42184703,secondary_publication_type,panel_a
42184020,secondary_publication_type,panel_a
42183917,secondary_publication_type,panel_a
42183263,secondary_publication_type,panel_a
42183255,secondary_publication_type,panel_a
42182806,secondary_publication_type,panel_a
42181742,secondary_publication_type,panel_a
42181483,secondary_publication_type,panel_a
42180110,secondary_publication_type,panel_a
42178819,secondary_publication_type,panel_a
42176937,secondary_publication_type,panel_a
42176680,secondary_publication_type,panel_a
42170577,secondary_publication_type,panel_a
42170289,secondary_publication_type,panel_a
42169954,secondary_publication_type,panel_a
42169935,secondary_publication_type,panel_a
42169192,secondary_publication_type,panel_a
42167858,secondary_publication_type,panel_a
42167003,secondary_publication_type,panel_a
42166705,secondary_publication_type,panel_a
42166089,secondary_publication_type,panel_a
42165842,secondary_publication_type,panel_a
42165834,secondary_publication_type,panel_a
42165833,secondary_publication_type,panel_a
42164498,secondary_publication_type,panel_a
42162848,secondary_publication_type,panel_a
42161642,secondary_publication_type,panel_a
42160781,secondary_publication_type,panel_a
42158433,secondary_publication_type,panel_a
42157227,secondary_publication_type,panel_a
42154088,secondary_publication_type,panel_a
42153829,secondary_publication_type,panel_a
42153410,secondary_publication_type,panel_a
42152154,secondary_publication_type,panel_a
42149286,secondary_publication_type,panel_a
42149189,secondary_publication_type,panel_a
42149186,secondary_publication_type,panel_a
42147591,secondary_publication_type,panel_a
42147216,secondary_publication_type,panel_a
42145215,secondary_publication_type,panel_a
42142521,secondary_publication_type,panel_a
42142002,secondary_publication_type,panel_a
42138822,secondary_publication_type,panel_a
42138708,secondary_publication_type,panel_a
42136684,secondary_publication_type,panel_a
42136346,secondary_publication_type,panel_a
42134256,secondary_publication_type,panel_a
42133091,secondary_publication_type,panel_a
42133060,secondary_publication_type,panel_a
42131901,secondary_publication_type,panel_a
42130319,secondary_publication_type,panel_a
42128713,secondary_publication_type,panel_a
42127592,secondary_publication_type,panel_a
42127565,secondary_publication_type,panel_a
42127089,secondary_publication_type,panel_a
42126789,secondary_publication_type,panel_a
42126023,secondary_publication_type,panel_a
42123173,secondary_publication_type,panel_a
42122994,secondary_publication_type,panel_a
42122235,secondary_publication_type,panel_a
42122119,secondary_publication_type,panel_a
42120496,secondary_publication_type,panel_a
42119240,secondary_publication_type,panel_a
42119162,secondary_publication_type,panel_a
42117016,secondary_publication_type,panel_a
42116978,secondary_publication_type,panel_a
42115324,secondary_publication_type,panel_a
42113312,secondary_publication_type,panel_a
42109656,secondary_publication_type,panel_a
42108076,secondary_publication_type,panel_a
42107239,secondary_publication_type,panel_a
42107221,secondary_publication_type,panel_a
42105941,secondary_publication_type,panel_a
42102794,secondary_publication_type,panel_a
42102246,secondary_publication_type,panel_a
42100436,secondary_publication_type,panel_a
42097149,secondary_publication_type,panel_a
42096260,secondary_publication_type,panel_a
42096000,secondary_publication_type,panel_a
42094719,secondary_publication_type,panel_a
42094223,secondary_publication_type,panel_a
42092958,secondary_publication_type,panel_a
42091383,secondary_publication_type,panel_a
42091275,secondary_publication_type,panel_a
42091273,secondary_publication_type,panel_a
42090319,secondary_publication_type,panel_a
42089602,secondary_publication_type,panel_a
42089523,secondary_publication_type,panel_a
42088562,secondary_publication_type,panel_a
42088212,secondary_publication_type,panel_a
42087551,secondary_publication_type,panel_a
42083954,secondary_publication_type,panel_a
42081215,secondary_publication_type,panel_a
42078544,secondary_publication_type,panel_a
42075606,secondary_publication_type,panel_a
42075555,secondary_publication_type,panel_a
42073634,secondary_publication_type,panel_a
42073628,secondary_publication_type,panel_a
42073604,secondary_publication_type,panel_a
42073581,secondary_publication_type,panel_a
42073347,secondary_publication_type,panel_a
42073346,secondary_publication_type,panel_a
42072806,secondary_publication_type,panel_a
42072474,secondary_publication_type,panel_a
42072260,secondary_publication_type,panel_a
42071888,secondary_publication_type,panel_a
42070368,secondary_publication_type,panel_a
42070246,secondary_publication_type,panel_a
42070216,secondary_publication_type,panel_a
42069740,secondary_publication_type,panel_a
42069141,secondary_publication_type,panel_a
42067315,secondary_publication_type,panel_a
42065647,secondary_publication_type,panel_a
42065059,secondary_publication_type,panel_a
42063602,secondary_publication_type,panel_a
42063466,secondary_publication_type,panel_a
42063042,secondary_publication_type,panel_a
42062585,secondary_publication_type,panel_a
42061306,secondary_publication_type,panel_a
42059963,secondary_publication_type,panel_a
42057077,secondary_publication_type,panel_a
42056051,secondary_publication_type,panel_a
42053617,secondary_publication_type,panel_a
42052446,secondary_publication_type,panel_a
42051065,secondary_publication_type,panel_a
42050113,secondary_publication_type,panel_a
42050081,secondary_publication_type,panel_a
42048948,secondary_publication_type,panel_a
42048591,secondary_publication_type,panel_a
42047904,secondary_publication_type,panel_a
42047765,secondary_publication_type,panel_a
42046894,secondary_publication_type,panel_a
42044865,secondary_publication_type,panel_a
42044298,secondary_publication_type,panel_a
42043942,secondary_publication_type,panel_a
42043503,secondary_publication_type,panel_a
42042490,secondary_publication_type,panel_a
42042079,secondary_publication_type,panel_a
42040104,secondary_publication_type,panel_a
42033640,secondary_publication_type,panel_a
42029607,secondary_publication_type,panel_a
42029598,secondary_publication_type,panel_a
42029166,secondary_publication_type,panel_a
42025266,secondary_publication_type,panel_a
42024262,secondary_publication_type,panel_a
42022355,secondary_publication_type,panel_a
42020390,secondary_publication_type,panel_a
42020077,secondary_publication_type,panel_a
42020075,secondary_publication_type,panel_a
42020074,secondary_publication_type,panel_a
42020070,secondary_publication_type,panel_a
42020069,secondary_publication_type,panel_a
42019980,secondary_publication_type,panel_a
42019605,secondary_publication_type,panel_a
42019592,secondary_publication_type,panel_a
42019272,secondary_publication_type,panel_a
42017975,secondary_publication_type,panel_a
42014628,secondary_publication_type,panel_a
42012492,secondary_publication_type,panel_a
42011912,secondary_publication_type,panel_a
42011085,secondary_publication_type,panel_a
42008829,secondary_publication_type,panel_a
42007976,secondary_publication_type,panel_a
42006397,secondary_publication_type,panel_a
42003932,secondary_publication_type,panel_a
42003516,secondary_publication_type,panel_a
42002390,secondary_publication_type,panel_a
42001737,secondary_publication_type,panel_a
42001431,secondary_publication_type,panel_a
42001040,secondary_publication_type,panel_a
42000470,secondary_publication_type,panel_a
42000367,secondary_publication_type,panel_a
41999415,secondary_publication_type,panel_a
41999147,secondary_publication_type,panel_a
41999133,secondary_publication_type,panel_a
41997788,secondary_publication_type,panel_a
41994757,secondary_publication_type,panel_a
41994636,secondary_publication_type,panel_a
41994634,secondary_publication_type,panel_a
41993650,secondary_publication_type,panel_a
41992975,secondary_publication_type,panel_a
41992971,secondary_publication_type,panel_a
41992690,secondary_publication_type,panel_a
41992154,secondary_publication_type,panel_a
41990487,secondary_publication_type,panel_a
41989975,secondary_publication_type,panel_a
41989565,secondary_publication_type,panel_a
41989548,secondary_publication_type,panel_a
41988297,secondary_publication_type,panel_a
41988269,secondary_publication_type,panel_a
41988196,secondary_publication_type,panel_a
41988139,secondary_publication_type,panel_a
41987633,secondary_publication_type,panel_a
41987302,secondary_publication_type,panel_a
41986218,secondary_publication_type,panel_a
41986013,secondary_publication_type,panel_a
41985833,secondary_publication_type,panel_a
41983103,secondary_publication_type,panel_a
41982752,secondary_publication_type,panel_a
41982682,secondary_publication_type,panel_a
41982612,secondary_publication_type,panel_a
41980600,secondary_publication_type,panel_a
41979660,secondary_publication_type,panel_a
41978396,secondary_publication_type,panel_a
41976785,secondary_publication_type,panel_a
41976406,secondary_publication_type,panel_a
41976376,secondary_publication_type,panel_a
41976353,secondary_publication_type,panel_a
41975814,secondary_publication_type,panel_a
41975723,secondary_publication_type,panel_a
41975681,secondary_publication_type,panel_a
41974527,secondary_publication_type,panel_a
41974291,secondary_publication_type,panel_a
41972445,secondary_publication_type,panel_a
41972074,secondary_publication_type,panel_a
41971420,secondary_publication_type,panel_a
41971128,secondary_publication_type,panel_a
41969503,secondary_publication_type,panel_a
41969435,secondary_publication_type,panel_a
41969325,secondary_publication_type,panel_a
41968995,secondary_publication_type,panel_a
41968983,secondary_publication_type,panel_a
41966892,secondary_publication_type,panel_a
41966875,secondary_publication_type,panel_a
41966528,secondary_publication_type,panel_a
41963245,secondary_publication_type,panel_a
41963191,secondary_publication_type,panel_a
41962769,secondary_publication_type,panel_a
41962624,secondary_publication_type,panel_a
41961041,secondary_publication_type,panel_a
41958562,secondary_publication_type,panel_a
41958249,secondary_publication_type,panel_a
41956540,secondary_publication_type,panel_a
41955187,secondary_publication_type,panel_a
41954697,secondary_publication_type,panel_a
41952903,secondary_publication_type,panel_a
41952679,secondary_publication_type,panel_a
41952677,secondary_publication_type,panel_a
41952302,secondary_publication_type,panel_a
41947205,secondary_publication_type,panel_a
41946205,secondary_publication_type,panel_a
41943522,secondary_publication_type,panel_a
41940422,secondary_publication_type,panel_a
41939470,secondary_publication_type,panel_a
41938755,secondary_publication_type,panel_a
41936855,secondary_publication_type,panel_a
41932501,secondary_publication_type,panel_a
41930554,secondary_publication_type,panel_a
41930313,secondary_publication_type,panel_a
41930309,secondary_publication_type,panel_a
41930306,secondary_publication_type,panel_a
41930301,secondary_publication_type,panel_a
41924555,secondary_publication_type,panel_a
41921727,secondary_publication_type,panel_a
41921305,secondary_publication_type,panel_a
41920569,secondary_publication_type,panel_a
41920478,secondary_publication_type,panel_a
41920351,secondary_publication_type,panel_a
41913996,secondary_publication_type,panel_a
41912960,secondary_publication_type,panel_a
41912923,secondary_publication_type,panel_a
41912756,secondary_publication_type,panel_a
41911478,secondary_publication_type,panel_a
41907624,secondary_publication_type,panel_a
41903945,secondary_publication_type,panel_a
41902503,secondary_publication_type,panel_a
41899876,secondary_publication_type,panel_a
41899621,secondary_publication_type,panel_a
41899613,secondary_publication_type,panel_a
41899606,secondary_publication_type,panel_a
41899575,secondary_publication_type,panel_a
41899545,secondary_publication_type,panel_a
41899542,secondary_publication_type,panel_a
41899368,secondary_publication_type,panel_a
41899217,secondary_publication_type,panel_a
41898857,secondary_publication_type,panel_a
41898204,secondary_publication_type,panel_a
41898151,secondary_publication_type,panel_a
41897606,secondary_publication_type,panel_a
41896438,secondary_publication_type,panel_a
41895354,secondary_publication_type,panel_a
41894040,secondary_publication_type,panel_a
41892194,secondary_publication_type,panel_a
41891368,secondary_publication_type,panel_a
41890656,secondary_publication_type,panel_a
41889404,secondary_publication_type,panel_a
41888470,secondary_publication_type,panel_a
41886250,secondary_publication_type,panel_a
41886039,secondary_publication_type,panel_a
41885155,secondary_publication_type,panel_a
41884142,secondary_publication_type,panel_a
41882853,secondary_publication_type,panel_a
41881790,secondary_publication_type,panel_a
41881687,secondary_publication_type,panel_a
41881664,secondary_publication_type,panel_a
41878089,secondary_publication_type,panel_a
41874614,secondary_publication_type,panel_a
41874295,secondary_publication_type,panel_a
41873493,secondary_publication_type,panel_a
41873446,secondary_publication_type,panel_a
41873276,secondary_publication_type,panel_a
41872897,secondary_publication_type,panel_a
41871724,secondary_publication_type,panel_a
41869851,secondary_publication_type,panel_a
41869269,secondary_publication_type,panel_a
41869070,secondary_publication_type,panel_a
41868101,secondary_publication_type,panel_a
41867475,secondary_publication_type,panel_a
41866067,secondary_publication_type,panel_a
41865650,secondary_publication_type,panel_a
41863653,secondary_publication_type,panel_a
41863299,secondary_publication_type,panel_a
41860812,secondary_publication_type,panel_a
41860461,secondary_publication_type,panel_a
41859819,secondary_publication_type,panel_a
41858151,secondary_publication_type,panel_a
41857437,secondary_publication_type,panel_a
41857227,secondary_publication_type,panel_a
41850822,secondary_publication_type,panel_a
41847587,secondary_publication_type,panel_a
41845142,secondary_publication_type,panel_a
41844851,secondary_publication_type,panel_a
41843321,secondary_publication_type,panel_a
41842723,secondary_publication_type,panel_a
41839202,secondary_publication_type,panel_a
41838294,secondary_publication_type,panel_a
41838097,secondary_publication_type,panel_a
41836265,secondary_publication_type,panel_a
41834592,secondary_publication_type,panel_a
41833892,secondary_publication_type,panel_a
41832524,secondary_publication_type,panel_a
41832109,secondary_publication_type,panel_a
41830914,secondary_publication_type,panel_a
41830147,secondary_publication_type,panel_a
41828805,secondary_publication_type,panel_a
41828530,secondary_publication_type,panel_a
41828052,secondary_publication_type,panel_a
41827976,secondary_publication_type,panel_a
41827927,secondary_publication_type,panel_a
41827742,secondary_publication_type,panel_a
41827718,secondary_publication_type,panel_a
41827182,secondary_publication_type,panel_a
41826767,secondary_publication_type,panel_a
41824546,secondary_publication_type,panel_a
41823607,secondary_publication_type,panel_a
41822345,secondary_publication_type,panel_a
41820584,secondary_publication_type,panel_a
41820068,secondary_publication_type,panel_a
41819301,secondary_publication_type,panel_a
41818763,secondary_publication_type,panel_a
41817827,secondary_publication_type,panel_a
41817640,secondary_publication_type,panel_a
41816407,secondary_publication_type,panel_a
41816119,secondary_publication_type,panel_a
41816099,secondary_publication_type,panel_a
41815143,secondary_publication_type,panel_a
41814977,secondary_publication_type,panel_a
41814059,secondary_publication_type,panel_a
41813373,secondary_publication_type,panel_a
41813213,secondary_publication_type,panel_a
41810091,secondary_publication_type,panel_a
41808793,secondary_publication_type,panel_a
41808601,secondary_publication_type,panel_a
41807242,secondary_publication_type,panel_a
41807227,secondary_publication_type,panel_a
41806519,secondary_publication_type,panel_a
41806059,secondary_publication_type,panel_a
41805367,secondary_publication_type,panel_a
41804299,secondary_publication_type,panel_a
41803972,secondary_publication_type,panel_a
41803518,secondary_publication_type,panel_a
41803515,secondary_publication_type,panel_a
41802450,secondary_publication_type,panel_a
41802307,secondary_publication_type,panel_a
41800506,secondary_publication_type,panel_a
41800500,secondary_publication_type,panel_a
41800050,secondary_publication_type,panel_a
41798501,secondary_publication_type,panel_a
41797598,secondary_publication_type,panel_a
41797434,secondary_publication_type,panel_a
41795984,secondary_publication_type,panel_a
41795886,secondary_publication_type,panel_a
41794137,secondary_publication_type,panel_a
41791884,secondary_publication_type,panel_a
41789607,secondary_publication_type,panel_a
41784890,secondary_publication_type,panel_a
41784819,secondary_publication_type,panel_a
41784164,secondary_publication_type,panel_a
41782331,secondary_publication_type,panel_a
41779110,secondary_publication_type,panel_a
41777604,secondary_publication_type,panel_a
41777248,secondary_publication_type,panel_a
41775564,secondary_publication_type,panel_a
41775548,secondary_publication_type,panel_a
41775347,secondary_publication_type,panel_a
41775155,secondary_publication_type,panel_a
41774881,secondary_publication_type,panel_a
41774135,secondary_publication_type,panel_a
41774133,secondary_publication_type,panel_a
41772662,secondary_publication_type,panel_a
41770743,secondary_publication_type,panel_a
41768416,secondary_publication_type,panel_a
41768254,secondary_publication_type,panel_a
41764714,secondary_publication_type,panel_a
41763533,secondary_publication_type,panel_a
41760221,secondary_publication_type,panel_a
41758372,secondary_publication_type,panel_a
41756276,secondary_publication_type,panel_a
41754942,secondary_publication_type,panel_a
41754860,secondary_publication_type,panel_a
41753318,secondary_publication_type,panel_a
41753084,secondary_publication_type,panel_a
41752040,secondary_publication_type,panel_a
41751269,secondary_publication_type,panel_a
41750768,secondary_publication_type,panel_a
41750656,secondary_publication_type,panel_a
41749961,secondary_publication_type,panel_a
41749918,secondary_publication_type,panel_a
41748131,secondary_publication_type,panel_a
41747839,secondary_publication_type,panel_a
41745446,secondary_publication_type,panel_a
41744886,secondary_publication_type,panel_a
41743740,secondary_publication_type,panel_a
41741857,secondary_publication_type,panel_a
41741147,secondary_publication_type,panel_a
41740519,secondary_publication_type,panel_a
41736658,secondary_publication_type,panel_a
41735153,secondary_publication_type,panel_a
41734325,secondary_publication_type,panel_a
41731061,secondary_publication_type,panel_a
41730655,secondary_publication_type,panel_a
41729266,secondary_publication_type,panel_a
41728445,secondary_publication_type,panel_a
41728380,secondary_publication_type,panel_a
41727694,secondary_publication_type,panel_a
41725376,secondary_publication_type,panel_a
41723899,secondary_publication_type,panel_a
41721867,secondary_publication_type,panel_a
41721450,secondary_publication_type,panel_a
41719848,secondary_publication_type,panel_a
41719779,secondary_publication_type,panel_a
41718511,secondary_publication_type,panel_a
41717418,secondary_publication_type,panel_a
41716061,secondary_publication_type,panel_a
41714734,secondary_publication_type,panel_a
41708503,secondary_publication_type,panel_a
41707911,secondary_publication_type,panel_a
41707769,secondary_publication_type,panel_a
41707249,secondary_publication_type,panel_a
41705667,secondary_publication_type,panel_a
41703997,secondary_publication_type,panel_a
41702787,secondary_publication_type,panel_a
41701283,secondary_publication_type,panel_a
41700922,secondary_publication_type,panel_a
41700260,secondary_publication_type,panel_a
41699948,secondary_publication_type,panel_a
41698677,secondary_publication_type,panel_a
41697073,secondary_publication_type,panel_a
41695930,secondary_publication_type,panel_a
41695919,secondary_publication_type,panel_a
41693978,secondary_publication_type,panel_a
41692961,secondary_publication_type,panel_a
41692706,secondary_publication_type,panel_a
41691765,secondary_publication_type,panel_a
41691731,secondary_publication_type,panel_a
41690886,secondary_publication_type,panel_a
41690097,secondary_publication_type,panel_a
41689940,secondary_publication_type,panel_a
41689310,secondary_publication_type,panel_a
41685206,secondary_publication_type,panel_a
41683988,secondary_publication_type,panel_a
41682868,secondary_publication_type,panel_a
41682156,secondary_publication_type,panel_a
41681963,secondary_publication_type,panel_a
41681945,secondary_publication_type,panel_a
41681930,secondary_publication_type,panel_a
41681893,secondary_publication_type,panel_a
41681818,secondary_publication_type,panel_a
41681806,secondary_publication_type,panel_a
41681743,secondary_publication_type,panel_a
41680977,secondary_publication_type,panel_a
41680701,secondary_publication_type,panel_a
41680684,secondary_publication_type,panel_a
41678949,secondary_publication_type,panel_a
41677012,secondary_publication_type,panel_a
41672615,secondary_publication_type,panel_a
41671073,secondary_publication_type,panel_a
41669866,secondary_publication_type,panel_a
41669731,secondary_publication_type,panel_a
41666874,secondary_publication_type,panel_a
41665652,secondary_publication_type,panel_a
41665651,secondary_publication_type,panel_a
41663871,secondary_publication_type,panel_a
41661515,secondary_publication_type,panel_a
41661435,secondary_publication_type,panel_a
41661280,secondary_publication_type,panel_a
41659719,secondary_publication_type,panel_a
41658779,secondary_publication_type,panel_a
41657361,secondary_publication_type,panel_a
41655558,secondary_publication_type,panel_a
41655423,secondary_publication_type,panel_a
41655216,secondary_publication_type,panel_a
41651571,secondary_publication_type,panel_a
41647441,secondary_publication_type,panel_a
41645178,secondary_publication_type,panel_a
41645060,secondary_publication_type,panel_a
41644780,secondary_publication_type,panel_a
41643765,secondary_publication_type,panel_a
41643627,secondary_publication_type,panel_a
41643205,secondary_publication_type,panel_a
41640197,secondary_publication_type,panel_a
41638680,secondary_publication_type,panel_a
41636843,secondary_publication_type,panel_a
41636574,secondary_publication_type,panel_a
41635204,secondary_publication_type,panel_a
41628580,secondary_publication_type,panel_a
41623734,secondary_publication_type,panel_a
41623484,secondary_publication_type,panel_a
41616576,secondary_publication_type,panel_a
41616403,secondary_publication_type,panel_a
41614452,secondary_publication_type,panel_a
41608574,secondary_publication_type,panel_a
41608566,secondary_publication_type,panel_a
41607760,secondary_publication_type,panel_a
41599290,secondary_publication_type,panel_a
41598521,secondary_publication_type,panel_a
41597411,secondary_publication_type,panel_a
41595655,secondary_publication_type,panel_a
41595241,secondary_publication_type,panel_a
41595222,secondary_publication_type,panel_a
41595166,secondary_publication_type,panel_a
41595157,secondary_publication_type,panel_a
41595153,secondary_publication_type,panel_a
41595116,secondary_publication_type,panel_a
41595109,secondary_publication_type,panel_a
41594290,secondary_publication_type,panel_a
41594260,secondary_publication_type,panel_a
41594177,secondary_publication_type,panel_a
41594160,secondary_publication_type,panel_a
41593646,secondary_publication_type,panel_a
41591802,secondary_publication_type,panel_a
41591250,secondary_publication_type,panel_a
41590541,secondary_publication_type,panel_a
41590408,secondary_publication_type,panel_a
41590351,secondary_publication_type,panel_a
41588994,secondary_publication_type,panel_a
41588707,secondary_publication_type,panel_a
41587138,secondary_publication_type,panel_a
41583907,secondary_publication_type,panel_a
41580565,secondary_publication_type,panel_a
41580316,secondary_publication_type,panel_a
41577884,secondary_publication_type,panel_a
41577564,secondary_publication_type,panel_a
41577500,secondary_publication_type,panel_a
41577147,secondary_publication_type,panel_a
41576324,secondary_publication_type,panel_a
41574989,secondary_publication_type,panel_a
41569166,secondary_publication_type,panel_a
41568077,secondary_publication_type,panel_a
41564330,secondary_publication_type,panel_a
41559237,secondary_publication_type,panel_a
41559098,secondary_publication_type,panel_a
41557150,secondary_publication_type,panel_a
41551833,secondary_publication_type,panel_a
41551828,secondary_publication_type,panel_a
41551523,secondary_publication_type,panel_a
41546827,secondary_publication_type,panel_a
41545941,secondary_publication_type,panel_a
41544732,secondary_publication_type,panel_a
41544251,secondary_publication_type,panel_a
41540710,secondary_publication_type,panel_a
41539406,secondary_publication_type,panel_a
41535603,secondary_publication_type,panel_a
41530736,secondary_publication_type,panel_a
41530034,secondary_publication_type,panel_a
41528313,secondary_publication_type,panel_a
41528223,secondary_publication_type,panel_a
41525896,secondary_publication_type,panel_a
41525293,secondary_publication_type,panel_a
41524988,secondary_publication_type,panel_a
41521609,secondary_publication_type,panel_a
41520911,secondary_publication_type,panel_a
41520314,secondary_publication_type,panel_a
41514680,secondary_publication_type,panel_a
41513559,secondary_publication_type,panel_a
41512581,secondary_publication_type,panel_a
41512380,secondary_publication_type,panel_a
41510186,secondary_publication_type,panel_a
41508340,secondary_publication_type,panel_a
41505041,secondary_publication_type,panel_a
41504856,secondary_publication_type,panel_a
41501990,secondary_publication_type,panel_a
41501145,secondary_publication_type,panel_a
41500454,secondary_publication_type,panel_a
41500446,secondary_publication_type,panel_a
41500171,secondary_publication_type,panel_a
41498716,secondary_publication_type,panel_a
41498150,secondary_publication_type,panel_a
41495278,secondary_publication_type,panel_a
41491736,secondary_publication_type,panel_a
41491196,secondary_publication_type,panel_a
41486671,secondary_publication_type,panel_a
41486277,secondary_publication_type,panel_a
41485242,secondary_publication_type,panel_a
41484927,secondary_publication_type,panel_a
41484464,secondary_publication_type,panel_a
41474926,secondary_publication_type,panel_a
41439761,secondary_publication_type,panel_a
41435426,secondary_publication_type,panel_a
41431407,secondary_publication_type,panel_a
41417576,secondary_publication_type,panel_a
41411163,secondary_publication_type,panel_a
41397223,secondary_publication_type,panel_a
41384695,secondary_publication_type,panel_a
41376388,secondary_publication_type,panel_a
41360502,secondary_publication_type,panel_a
41345996,secondary_publication_type,panel_a
41258794,secondary_publication_type,panel_a
41246950,secondary_publication_type,panel_a
41232941,secondary_publication_type,panel_a
41208027,secondary_publication_type,panel_a
41071978,secondary_publication_type,panel_a
41025216,secondary_publication_type,panel_a
40997161,secondary_publication_type,panel_a
40988421,secondary_publication_type,panel_a
40936165,secondary_publication_type,panel_a
40580044,secondary_publication_type,panel_a
40434167,secondary_publication_type,panel_a
40106831,secondary_publication_type,panel_a
40030886,secondary_publication_type,panel_a
26429246,below_minimum_modalities,panel_a:multimodal_integration
26313267,below_minimum_modalities,panel_a:multimodal_integration
26259241,below_minimum_modalities,panel_a:multimodal_integration
25735289,below_minimum_modalities,panel_a:multimodal_integration
28149967,below_minimum_modalities,panel_a:multimodal_integration
28061367,below_minimum_modalities,panel_a:multimodal_integration
27325178,below_minimum_modalities,panel_a:multimodal_integration
27272935,below_minimum_modalities,panel_a:multimodal_integration
27257279,below_minimum_modalities,panel_a:multimodal_integration
27045116,below_minimum_modalities,panel_a:multimodal_integration
29770368,below_minimum_modalities,panel_a:multimodal_integration
29488709,below_minimum_modalities,panel_a:multimodal_integration
29085044,below_minimum_modalities,panel_a:multimodal_integration
29060586,below_minimum_modalities,panel_a:multimodal_integration
29060549,below_minimum_modalities,panel_a:multimodal_integration
29035222,below_minimum_modalities,panel_a:multimodal_integration
28985229,below_minimum_modalities,panel_a:multimodal_integration
28872054,below_minimum_modalities,panel_a:multimodal_integration
28871110,below_minimum_modalities,panel_a:multimodal_integration
28853237,below_minimum_modalities,panel_a:multimodal_integration
28756622,below_minimum_modalities,panel_a:multimodal_integration
28736864,below_minimum_modalities,panel_a:multimodal_integration
28515009,below_minimum_modalities,panel_a:multimodal_integration
28512000,below_minimum_modalities,panel_a:multimodal_integration
28278461,below_minimum_modalities,panel_a:multimodal_integration
28186883,below_minimum_modalities,panel_a:multimodal_integration
30686996,below_minimum_modalities,panel_a:multimodal_integration
30596591,below_minimum_modalities,panel_a:multimodal_integration
30548511,below_minimum_modalities,panel_a:multimodal_integration
30441056,below_minimum_modalities,panel_a:multimodal_integration
30419849,below_minimum_modalities,panel_a:multimodal_integration
30418680,below_minimum_modalities,panel_a:multimodal_integration
30377057,below_minimum_modalities,panel_a:multimodal_integration
30315419,below_minimum_modalities,panel_a:multimodal_integration
34295453,below_minimum_modalities,panel_a:multimodal_integration
30248184,below_minimum_modalities,panel_a:multimodal_integration
30188817,below_minimum_modalities,panel_a:multimodal_integration
30093961,below_minimum_modalities,panel_a:multimodal_integration
29994627,below_minimum_modalities,panel_a:multimodal_integration
29994582,below_minimum_modalities,panel_a:multimodal_integration
29994219,below_minimum_modalities,panel_a:multimodal_integration
29993462,below_minimum_modalities,panel_a:multimodal_integration
29931410,below_minimum_modalities,panel_a:multimodal_integration
31435620,below_minimum_modalities,panel_a:multimodal_integration
29755716,below_minimum_modalities,panel_a:multimodal_integration
29727276,below_minimum_modalities,panel_a:multimodal_integration
29610069,below_minimum_modalities,panel_a:multimodal_integration
29499963,below_minimum_modalities,panel_a:multimodal_integration
29477436,below_minimum_modalities,panel_a:multimodal_integration
29408791,below_minimum_modalities,panel_a:multimodal_integration
29385618,below_minimum_modalities,panel_a:multimodal_integration
32038146,below_minimum_modalities,panel_a:multimodal_integration
32008569,below_minimum_modalities,panel_a:multimodal_integration
31946029,below_minimum_modalities,panel_a:multimodal_integration
31945637,below_minimum_modalities,panel_a:multimodal_integration
31875369,below_minimum_modalities,panel_a:multimodal_integration
31850209,below_minimum_modalities,panel_a:multimodal_integration
31780915,below_minimum_modalities,panel_a:multimodal_integration
31751233,below_minimum_modalities,panel_a:multimodal_integration
31749678,below_minimum_modalities,panel_a:multimodal_integration
31667064,below_minimum_modalities,panel_a:multimodal_integration
31643004,below_minimum_modalities,panel_a:multimodal_integration
31630010,below_minimum_modalities,panel_a:multimodal_integration
31561245,below_minimum_modalities,panel_a:multimodal_integration
31546925,below_minimum_modalities,panel_a:multimodal_integration
31545748,below_minimum_modalities,panel_a:multimodal_integration
31443642,below_minimum_modalities,panel_a:multimodal_integration
31432552,below_minimum_modalities,panel_a:multimodal_integration
31406570,below_minimum_modalities,panel_a:multimodal_integration
31319962,below_minimum_modalities,panel_a:multimodal_integration
31317002,below_minimum_modalities,panel_a:multimodal_integration
31316009,below_minimum_modalities,panel_a:multimodal_integration
31231720,below_minimum_modalities,panel_a:multimodal_integration
31154088,below_minimum_modalities,panel_a:multimodal_integration
31137196,below_minimum_modalities,panel_a:multimodal_integration
31092853,below_minimum_modalities,panel_a:multimodal_integration
31024229,below_minimum_modalities,panel_a:multimodal_integration
31016445,below_minimum_modalities,panel_a:multimodal_integration
31005007,below_minimum_modalities,panel_a:multimodal_integration
30971513,below_minimum_modalities,panel_a:multimodal_integration
30929369,below_minimum_modalities,panel_a:multimodal_integration
30705340,below_minimum_modalities,panel_a:multimodal_integration
30664116,below_minimum_modalities,panel_a:multimodal_integration
30643940,below_minimum_modalities,panel_a:multimodal_integration
30612385,below_minimum_modalities,panel_a:multimodal_integration
30524024,below_minimum_modalities,panel_a:multimodal_integration
30506124,below_minimum_modalities,panel_a:multimodal_integration
30350006,below_minimum_modalities,panel_a:multimodal_integration
30039425,below_minimum_modalities,panel_a:multimodal_integration
33937837,below_minimum_modalities,panel_a:multimodal_integration
33585197,below_minimum_modalities,panel_a:multimodal_integration
33421920,below_minimum_modalities,panel_a:multimodal_integration
33233698,below_minimum_modalities,panel_a:multimodal_integration
33232843,below_minimum_modalities,panel_a:multimodal_integration
33220449,below_minimum_modalities,panel_a:multimodal_integration
33200991,below_minimum_modalities,panel_a:multimodal_integration
33197714,below_minimum_modalities,panel_a:multimodal_integration
33192272,below_minimum_modalities,panel_a:multimodal_integration
33184301,below_minimum_modalities,panel_a:multimodal_integration
33179547,below_minimum_modalities,panel_a:multimodal_integration
33129151,below_minimum_modalities,panel_a:multimodal_integration
33086649,below_minimum_modalities,panel_a:multimodal_integration
33068809,below_minimum_modalities,panel_a:multimodal_integration
33059823,below_minimum_modalities,panel_a:multimodal_integration
33012016,below_minimum_modalities,panel_a:multimodal_integration
32977277,below_minimum_modalities,panel_a:multimodal_integration
32908581,below_minimum_modalities,panel_a:multimodal_integration
32894860,below_minimum_modalities,panel_a:multimodal_integration
32881177,below_minimum_modalities,panel_a:multimodal_integration
32861913,below_minimum_modalities,panel_a:multimodal_integration
32848190,below_minimum_modalities,panel_a:multimodal_integration
32737412,below_minimum_modalities,panel_a:multimodal_integration
32674497,below_minimum_modalities,panel_a:multimodal_integration
32662042,below_minimum_modalities,panel_a:multimodal_integration
32646419,below_minimum_modalities,panel_a:multimodal_integration
32643318,below_minimum_modalities,panel_a:multimodal_integration
32593933,below_minimum_modalities,panel_a:multimodal_integration
32568669,below_minimum_modalities,panel_a:multimodal_integration
32544841,below_minimum_modalities,panel_a:multimodal_integration
32500663,below_minimum_modalities,panel_a:multimodal_integration
32467650,below_minimum_modalities,panel_a:multimodal_integration
32449176,below_minimum_modalities,panel_a:multimodal_integration
32432709,below_minimum_modalities,panel_a:multimodal_integration
32411280,below_minimum_modalities,panel_a:multimodal_integration
32387813,below_minimum_modalities,panel_a:multimodal_integration
32336636,below_minimum_modalities,panel_a:multimodal_integration
32322196,below_minimum_modalities,panel_a:multimodal_integration
32292522,below_minimum_modalities,panel_a:multimodal_integration
32289646,below_minimum_modalities,panel_a:multimodal_integration
32277478,below_minimum_modalities,panel_a:multimodal_integration
32111966,below_minimum_modalities,panel_a:multimodal_integration
32061014,below_minimum_modalities,panel_a:multimodal_integration
32057997,below_minimum_modalities,panel_a:multimodal_integration
32015103,below_minimum_modalities,panel_a:multimodal_integration
31902164,below_minimum_modalities,panel_a:multimodal_integration
31743102,below_minimum_modalities,panel_a:multimodal_integration
31586211,below_minimum_modalities,panel_a:multimodal_integration
37700873,below_minimum_modalities,panel_a:multimodal_integration
35520102,below_minimum_modalities,panel_a:multimodal_integration
34940743,below_minimum_modalities,panel_a:multimodal_integration
34933360,below_minimum_modalities,panel_a:multimodal_integration
34899175,below_minimum_modalities,panel_a:multimodal_integration
34891833,below_minimum_modalities,panel_a:multimodal_integration
34882497,below_minimum_modalities,panel_a:multimodal_integration
34869272,below_minimum_modalities,panel_a:multimodal_integration
34814290,below_minimum_modalities,panel_a:multimodal_integration
34809325,below_minimum_modalities,panel_a:multimodal_integration
34800788,below_minimum_modalities,panel_a:multimodal_integration
34733275,below_minimum_modalities,panel_a:multimodal_integration
34726531,below_minimum_modalities,panel_a:multimodal_integration
34711849,below_minimum_modalities,panel_a:multimodal_integration
34650321,below_minimum_modalities,panel_a:multimodal_integration
34610501,below_minimum_modalities,panel_a:multimodal_integration
34583240,below_minimum_modalities,panel_a:multimodal_integration
34567419,below_minimum_modalities,panel_a:multimodal_integration
34513676,below_minimum_modalities,panel_a:multimodal_integration
34496322,below_minimum_modalities,panel_a:multimodal_integration
34490297,below_minimum_modalities,panel_a:multimodal_integration
34448625,below_minimum_modalities,panel_a:multimodal_integration
34441318,below_minimum_modalities,panel_a:multimodal_integration
34440490,below_minimum_modalities,panel_a:multimodal_integration
34433354,below_minimum_modalities,panel_a:multimodal_integration
34385460,below_minimum_modalities,panel_a:multimodal_integration
34337394,below_minimum_modalities,panel_a:multimodal_integration
34306174,below_minimum_modalities,panel_a:multimodal_integration
34295809,below_minimum_modalities,panel_a:multimodal_integration
34252964,below_minimum_modalities,panel_a:multimodal_integration
34245012,below_minimum_modalities,panel_a:multimodal_integration
34216958,below_minimum_modalities,panel_a:multimodal_integration
34199790,below_minimum_modalities,panel_a:multimodal_integration
34188680,below_minimum_modalities,panel_a:multimodal_integration
34174763,below_minimum_modalities,panel_a:multimodal_integration
34128370,below_minimum_modalities,panel_a:multimodal_integration
34101845,below_minimum_modalities,panel_a:multimodal_integration
34013242,below_minimum_modalities,panel_a:multimodal_integration
34003909,below_minimum_modalities,panel_a:multimodal_integration
33966155,below_minimum_modalities,panel_a:multimodal_integration
33905566,below_minimum_modalities,panel_a:multimodal_integration
33905539,below_minimum_modalities,panel_a:multimodal_integration
33888098,below_minimum_modalities,panel_a:multimodal_integration
33830924,below_minimum_modalities,panel_a:multimodal_integration
33823397,below_minimum_modalities,panel_a:multimodal_integration
33801125,below_minimum_modalities,panel_a:multimodal_integration
33784599,below_minimum_modalities,panel_a:multimodal_integration
33754155,below_minimum_modalities,panel_a:multimodal_integration
33727623,below_minimum_modalities,panel_a:multimodal_integration
33565422,below_minimum_modalities,panel_a:multimodal_integration
33463689,below_minimum_modalities,panel_a:multimodal_integration
33296302,below_minimum_modalities,panel_a:multimodal_integration
33183454,below_minimum_modalities,panel_a:multimodal_integration
32310786,below_minimum_modalities,panel_a:multimodal_integration
32086223,below_minimum_modalities,panel_a:multimodal_integration
38023698,below_minimum_modalities,panel_a:multimodal_integration
37859295,below_minimum_modalities,panel_a:multimodal_integration
36777158,below_minimum_modalities,panel_a:multimodal_integration
36632188,below_minimum_modalities,panel_a:multimodal_integration
36571937,below_minimum_modalities,panel_a:multimodal_integration
36562609,below_minimum_modalities,panel_a:multimodal_integration
36553864,below_minimum_modalities,panel_a:multimodal_integration
36528577,below_minimum_modalities,panel_a:multimodal_integration
36478311,below_minimum_modalities,panel_a:multimodal_integration
36470145,below_minimum_modalities,panel_a:multimodal_integration
36307086,below_minimum_modalities,panel_a:multimodal_integration
36292074,below_minimum_modalities,panel_a:multimodal_integration
36251973,below_minimum_modalities,panel_a:multimodal_integration
36240597,below_minimum_modalities,panel_a:multimodal_integration
36188482,below_minimum_modalities,panel_a:multimodal_integration
36185604,below_minimum_modalities,panel_a:multimodal_integration
36148014,below_minimum_modalities,panel_a:multimodal_integration
36126402,below_minimum_modalities,panel_a:multimodal_integration
36073216,below_minimum_modalities,panel_a:multimodal_integration
36068536,below_minimum_modalities,panel_a:multimodal_integration
36028474,below_minimum_modalities,panel_a:multimodal_integration
36013557,below_minimum_modalities,panel_a:multimodal_integration
36007288,below_minimum_modalities,panel_a:multimodal_integration
35986969,below_minimum_modalities,panel_a:multimodal_integration
35985187,below_minimum_modalities,panel_a:multimodal_integration
35966244,below_minimum_modalities,panel_a:multimodal_integration
35909590,below_minimum_modalities,panel_a:multimodal_integration
35867303,below_minimum_modalities,panel_a:multimodal_integration
35794409,below_minimum_modalities,panel_a:multimodal_integration
35747810,below_minimum_modalities,panel_a:multimodal_integration
35741682,below_minimum_modalities,panel_a:multimodal_integration
35717539,below_minimum_modalities,panel_a:multimodal_integration
35650252,below_minimum_modalities,panel_a:multimodal_integration
35575523,below_minimum_modalities,panel_a:multimodal_integration
35571287,below_minimum_modalities,panel_a:multimodal_integration
35568820,below_minimum_modalities,panel_a:multimodal_integration
35533670,below_minimum_modalities,panel_a:multimodal_integration
35515108,below_minimum_modalities,panel_a:multimodal_integration
35478042,below_minimum_modalities,panel_a:multimodal_integration
35447610,below_minimum_modalities,panel_a:multimodal_integration
35434212,below_minimum_modalities,panel_a:multimodal_integration
35430044,below_minimum_modalities,panel_a:multimodal_integration
35412367,below_minimum_modalities,panel_a:multimodal_integration
35404810,below_minimum_modalities,panel_a:multimodal_integration
35392952,below_minimum_modalities,panel_a:multimodal_integration
35387307,below_minimum_modalities,panel_a:multimodal_integration
35386728,below_minimum_modalities,panel_a:multimodal_integration
35344499,below_minimum_modalities,panel_a:multimodal_integration
35336577,below_minimum_modalities,panel_a:multimodal_integration
35331162,below_minimum_modalities,panel_a:multimodal_integration
35321452,below_minimum_modalities,panel_a:multimodal_integration
35321278,below_minimum_modalities,panel_a:multimodal_integration
35315529,below_minimum_modalities,panel_a:multimodal_integration
35312077,below_minimum_modalities,panel_a:multimodal_integration
37850180,below_minimum_modalities,panel_a:multimodal_integration
35280828,below_minimum_modalities,panel_a:multimodal_integration
35264655,below_minimum_modalities,panel_a:multimodal_integration
35255322,below_minimum_modalities,panel_a:multimodal_integration
35229344,below_minimum_modalities,panel_a:multimodal_integration
35223136,below_minimum_modalities,panel_a:multimodal_integration
35188370,below_minimum_modalities,panel_a:multimodal_integration
35139030,below_minimum_modalities,panel_a:multimodal_integration
35074737,below_minimum_modalities,panel_a:multimodal_integration
35042207,below_minimum_modalities,panel_a:multimodal_integration
35039715,below_minimum_modalities,panel_a:multimodal_integration
34941496,below_minimum_modalities,panel_a:multimodal_integration
34911147,below_minimum_modalities,panel_a:multimodal_integration
34699375,below_minimum_modalities,panel_a:multimodal_integration
34478389,below_minimum_modalities,panel_a:multimodal_integration
34236971,below_minimum_modalities,panel_a:multimodal_integration
34138457,below_minimum_modalities,panel_a:multimodal_integration
33974545,below_minimum_modalities,panel_a:multimodal_integration
39640229,below_minimum_modalities,panel_a:multimodal_integration
38344271,below_minimum_modalities,panel_a:multimodal_integration
38196619,below_minimum_modalities,panel_a:multimodal_integration
38176330,below_minimum_modalities,panel_a:multimodal_integration
38116237,below_minimum_modalities,panel_a:multimodal_integration
38106318,below_minimum_modalities,panel_a:multimodal_integration
38105371,below_minimum_modalities,panel_a:multimodal_integration
38100260,below_minimum_modalities,panel_a:multimodal_integration
38076940,below_minimum_modalities,panel_a:multimodal_integration
38067363,below_minimum_modalities,panel_a:multimodal_integration
38065776,below_minimum_modalities,panel_a:multimodal_integration
38061012,below_minimum_modalities,panel_a:multimodal_integration
38056778,below_minimum_modalities,panel_a:multimodal_integration
38046150,below_minimum_modalities,panel_a:multimodal_integration
38039891,below_minimum_modalities,panel_a:multimodal_integration
38023240,below_minimum_modalities,panel_a:multimodal_integration
37999984,below_minimum_modalities,panel_a:multimodal_integration
37969634,below_minimum_modalities,panel_a:multimodal_integration
37963410,below_minimum_modalities,panel_a:multimodal_integration
37913635,below_minimum_modalities,panel_a:multimodal_integration
37889272,below_minimum_modalities,panel_a:multimodal_integration
37883253,below_minimum_modalities,panel_a:multimodal_integration
37862279,below_minimum_modalities,panel_a:multimodal_integration
37823748,below_minimum_modalities,panel_a:multimodal_integration
37822036,below_minimum_modalities,panel_a:multimodal_integration
37795452,below_minimum_modalities,panel_a:multimodal_integration
37777428,below_minimum_modalities,panel_a:multimodal_integration
37772992,below_minimum_modalities,panel_a:multimodal_integration
37767106,below_minimum_modalities,panel_a:multimodal_integration
37749108,below_minimum_modalities,panel_a:multimodal_integration
37738185,below_minimum_modalities,panel_a:multimodal_integration
37729827,below_minimum_modalities,panel_a:multimodal_integration
37705689,below_minimum_modalities,panel_a:multimodal_integration
37693852,below_minimum_modalities,panel_a:multimodal_integration
37669321,below_minimum_modalities,panel_a:multimodal_integration
37664757,below_minimum_modalities,panel_a:multimodal_integration
37642725,below_minimum_modalities,panel_a:multimodal_integration
37598159,below_minimum_modalities,panel_a:multimodal_integration
37581061,below_minimum_modalities,panel_a:multimodal_integration
37581055,below_minimum_modalities,panel_a:multimodal_integration
37545845,below_minimum_modalities,panel_a:multimodal_integration
37474935,below_minimum_modalities,panel_a:multimodal_integration
37471190,below_minimum_modalities,panel_a:multimodal_integration
37466305,below_minimum_modalities,panel_a:multimodal_integration
37465095,below_minimum_modalities,panel_a:multimodal_integration
37451729,below_minimum_modalities,panel_a:multimodal_integration
37440581,below_minimum_modalities,panel_a:multimodal_integration
37439176,below_minimum_modalities,panel_a:multimodal_integration
37420248,below_minimum_modalities,panel_a:multimodal_integration
37414254,below_minimum_modalities,panel_a:multimodal_integration
37396611,below_minimum_modalities,panel_a:multimodal_integration
37371390,below_minimum_modalities,panel_a:multimodal_integration
37360402,below_minimum_modalities,panel_a:multimodal_integration
37360350,below_minimum_modalities,panel_a:multimodal_integration
37356573,below_minimum_modalities,panel_a:multimodal_integration
37354807,below_minimum_modalities,panel_a:multimodal_integration
37350884,below_minimum_modalities,panel_a:multimodal_integration
37345041,below_minimum_modalities,panel_a:multimodal_integration
37335798,below_minimum_modalities,panel_a:multimodal_integration
37331100,below_minimum_modalities,panel_a:multimodal_integration
37318605,below_minimum_modalities,panel_a:multimodal_integration
37302994,below_minimum_modalities,panel_a:multimodal_integration
37278629,below_minimum_modalities,panel_a:multimodal_integration
37271051,below_minimum_modalities,panel_a:multimodal_integration
37260586,below_minimum_modalities,panel_a:multimodal_integration
37201539,below_minimum_modalities,panel_a:multimodal_integration
37201442,below_minimum_modalities,panel_a:multimodal_integration
37126623,below_minimum_modalities,panel_a:multimodal_integration
37124946,below_minimum_modalities,panel_a:multimodal_integration
37124508,below_minimum_modalities,panel_a:multimodal_integration
37103727,below_minimum_modalities,panel_a:multimodal_integration
37084029,below_minimum_modalities,panel_a:multimodal_integration
37078047,below_minimum_modalities,panel_a:multimodal_integration
37076573,below_minimum_modalities,panel_a:multimodal_integration
37046678,below_minimum_modalities,panel_a:multimodal_integration
37046500,below_minimum_modalities,panel_a:multimodal_integration
37027751,below_minimum_modalities,panel_a:multimodal_integration
36996837,below_minimum_modalities,panel_a:multimodal_integration
36967794,below_minimum_modalities,panel_a:multimodal_integration
36959422,below_minimum_modalities,panel_a:multimodal_integration
36949058,below_minimum_modalities,panel_a:multimodal_integration
36947921,below_minimum_modalities,panel_a:multimodal_integration
36947904,below_minimum_modalities,panel_a:multimodal_integration
36910636,below_minimum_modalities,panel_a:multimodal_integration
36874136,below_minimum_modalities,panel_a:multimodal_integration
36856903,below_minimum_modalities,panel_a:multimodal_integration
36803610,below_minimum_modalities,panel_a:multimodal_integration
36766591,below_minimum_modalities,panel_a:multimodal_integration
36761254,below_minimum_modalities,panel_a:multimodal_integration
39263425,below_minimum_modalities,panel_a:multimodal_integration
36701967,below_minimum_modalities,panel_a:multimodal_integration
36700302,below_minimum_modalities,panel_a:multimodal_integration
36654656,below_minimum_modalities,panel_a:multimodal_integration
36653372,below_minimum_modalities,panel_a:multimodal_integration
36639577,below_minimum_modalities,panel_a:multimodal_integration
36628913,below_minimum_modalities,panel_a:multimodal_integration
36603886,below_minimum_modalities,panel_a:multimodal_integration
36434804,below_minimum_modalities,panel_a:multimodal_integration
36350867,below_minimum_modalities,panel_a:multimodal_integration
36251915,below_minimum_modalities,panel_a:multimodal_integration
35994556,below_minimum_modalities,panel_a:multimodal_integration
34596560,below_minimum_modalities,panel_a:multimodal_integration
40331553,below_minimum_modalities,panel_a:multimodal_integration
39973780,below_minimum_modalities,panel_a:multimodal_integration
39896179,below_minimum_modalities,panel_a:multimodal_integration
39830646,below_minimum_modalities,panel_a:multimodal_integration
39738568,below_minimum_modalities,panel_a:multimodal_integration
39700855,below_minimum_modalities,panel_a:multimodal_integration
39694743,below_minimum_modalities,panel_a:multimodal_integration
39689571,below_minimum_modalities,panel_a:multimodal_integration
39687006,below_minimum_modalities,panel_a:multimodal_integration
39668277,below_minimum_modalities,panel_a:multimodal_integration
39662319,below_minimum_modalities,panel_a:multimodal_integration
39661640,below_minimum_modalities,panel_a:multimodal_integration
39637464,below_minimum_modalities,panel_a:multimodal_integration
39633211,below_minimum_modalities,panel_a:multimodal_integration
39607984,below_minimum_modalities,panel_a:multimodal_integration
39606388,below_minimum_modalities,panel_a:multimodal_integration
39590160,below_minimum_modalities,panel_a:multimodal_integration
39580501,below_minimum_modalities,panel_a:multimodal_integration
39580172,below_minimum_modalities,panel_a:multimodal_integration
39579754,below_minimum_modalities,panel_a:multimodal_integration
39579416,below_minimum_modalities,panel_a:multimodal_integration
39576225,below_minimum_modalities,panel_a:multimodal_integration
39572531,below_minimum_modalities,panel_a:multimodal_integration
39551870,below_minimum_modalities,panel_a:multimodal_integration
39551025,below_minimum_modalities,panel_a:multimodal_integration
39549669,below_minimum_modalities,panel_a:multimodal_integration
39545631,below_minimum_modalities,panel_a:multimodal_integration
39543155,below_minimum_modalities,panel_a:multimodal_integration
39536525,below_minimum_modalities,panel_a:multimodal_integration
39528755,below_minimum_modalities,panel_a:multimodal_integration
39511143,below_minimum_modalities,panel_a:multimodal_integration
39511015,below_minimum_modalities,panel_a:multimodal_integration
39504778,below_minimum_modalities,panel_a:multimodal_integration
39448587,below_minimum_modalities,panel_a:multimodal_integration
39443622,below_minimum_modalities,panel_a:multimodal_integration
39442441,below_minimum_modalities,panel_a:multimodal_integration
39432673,below_minimum_modalities,panel_a:multimodal_integration
39427131,below_minimum_modalities,panel_a:multimodal_integration
39409243,below_minimum_modalities,panel_a:multimodal_integration
39405734,below_minimum_modalities,panel_a:multimodal_integration
39394537,below_minimum_modalities,panel_a:multimodal_integration
39378568,below_minimum_modalities,panel_a:multimodal_integration
39364328,below_minimum_modalities,panel_a:multimodal_integration
39354496,below_minimum_modalities,panel_a:multimodal_integration
39342876,below_minimum_modalities,panel_a:multimodal_integration
39334181,below_minimum_modalities,panel_a:multimodal_integration
39324145,below_minimum_modalities,panel_a:multimodal_integration
39323802,below_minimum_modalities,panel_a:multimodal_integration
39319394,below_minimum_modalities,panel_a:multimodal_integration
39318711,below_minimum_modalities,panel_a:multimodal_integration
39306030,below_minimum_modalities,panel_a:multimodal_integration
39297464,below_minimum_modalities,panel_a:multimodal_integration
39303999,below_minimum_modalities,panel_a:multimodal_integration
39299273,below_minimum_modalities,panel_a:multimodal_integration
39299035,below_minimum_modalities,panel_a:multimodal_integration
39272638,below_minimum_modalities,panel_a:multimodal_integration
39271912,below_minimum_modalities,panel_a:multimodal_integration
39267842,below_minimum_modalities,panel_a:multimodal_integration
39254904,below_minimum_modalities,panel_a:multimodal_integration
39248152,below_minimum_modalities,panel_a:multimodal_integration
39241330,below_minimum_modalities,panel_a:multimodal_integration
39238547,below_minimum_modalities,panel_a:multimodal_integration
39236123,below_minimum_modalities,panel_a:multimodal_integration
39231545,below_minimum_modalities,panel_a:multimodal_integration
39225608,below_minimum_modalities,panel_a:multimodal_integration
39223152,below_minimum_modalities,panel_a:multimodal_integration
39219486,below_minimum_modalities,panel_a:multimodal_integration
39205691,below_minimum_modalities,panel_a:multimodal_integration
39191562,below_minimum_modalities,panel_a:multimodal_integration
39187701,below_minimum_modalities,panel_a:multimodal_integration
39183247,below_minimum_modalities,panel_a:multimodal_integration
39175474,below_minimum_modalities,panel_a:multimodal_integration
39166970,below_minimum_modalities,panel_a:multimodal_integration
39156618,below_minimum_modalities,panel_a:multimodal_integration
39154617,below_minimum_modalities,panel_a:multimodal_integration
39154539,below_minimum_modalities,panel_a:multimodal_integration
39154103,below_minimum_modalities,panel_a:multimodal_integration
39143994,below_minimum_modalities,panel_a:multimodal_integration
39139696,below_minimum_modalities,panel_a:multimodal_integration
39137295,below_minimum_modalities,panel_a:multimodal_integration
39116707,below_minimum_modalities,panel_a:multimodal_integration
39111265,below_minimum_modalities,panel_a:multimodal_integration
39096614,below_minimum_modalities,panel_a:multimodal_integration
39093897,below_minimum_modalities,panel_a:multimodal_integration
39081005,below_minimum_modalities,panel_a:multimodal_integration
39075486,below_minimum_modalities,panel_a:multimodal_integration
39073521,below_minimum_modalities,panel_a:multimodal_integration
39061755,below_minimum_modalities,panel_a:multimodal_integration
39050779,below_minimum_modalities,panel_a:multimodal_integration
39022265,below_minimum_modalities,panel_a:multimodal_integration
39022247,below_minimum_modalities,panel_a:multimodal_integration
39019073,below_minimum_modalities,panel_a:multimodal_integration
38996696,below_minimum_modalities,panel_a:multimodal_integration
38975725,below_minimum_modalities,panel_a:multimodal_integration
38956552,below_minimum_modalities,panel_a:multimodal_integration
38948152,below_minimum_modalities,panel_a:multimodal_integration
38927899,below_minimum_modalities,panel_a:multimodal_integration
38895649,below_minimum_modalities,panel_a:multimodal_integration
38871687,below_minimum_modalities,panel_a:multimodal_integration
38868496,below_minimum_modalities,panel_a:multimodal_integration
38867035,below_minimum_modalities,panel_a:multimodal_integration
38848872,below_minimum_modalities,panel_a:multimodal_integration
38846984,below_minimum_modalities,panel_a:multimodal_integration
38837060,below_minimum_modalities,panel_a:multimodal_integration
38833895,below_minimum_modalities,panel_a:multimodal_integration
38828069,below_minimum_modalities,panel_a:multimodal_integration
38826704,below_minimum_modalities,panel_a:multimodal_integration
38808433,below_minimum_modalities,panel_a:multimodal_integration
38795759,below_minimum_modalities,panel_a:multimodal_integration
38781067,below_minimum_modalities,panel_a:multimodal_integration
38780704,below_minimum_modalities,panel_a:multimodal_integration
38760506,below_minimum_modalities,panel_a:multimodal_integration
38759258,below_minimum_modalities,panel_a:multimodal_integration
38749463,below_minimum_modalities,panel_a:multimodal_integration
38710210,below_minimum_modalities,panel_a:multimodal_integration
38704901,below_minimum_modalities,panel_a:multimodal_integration
38693333,below_minimum_modalities,panel_a:multimodal_integration
38688129,below_minimum_modalities,panel_a:multimodal_integration
38688125,below_minimum_modalities,panel_a:multimodal_integration
38642113,below_minimum_modalities,panel_a:multimodal_integration
38626665,below_minimum_modalities,panel_a:multimodal_integration
38617949,below_minimum_modalities,panel_a:multimodal_integration
38615167,below_minimum_modalities,panel_a:multimodal_integration
38602852,below_minimum_modalities,panel_a:multimodal_integration
38601343,below_minimum_modalities,panel_a:multimodal_integration
38598626,below_minimum_modalities,panel_a:multimodal_integration
38593827,below_minimum_modalities,panel_a:multimodal_integration
38584967,below_minimum_modalities,panel_a:multimodal_integration
38580633,below_minimum_modalities,panel_a:multimodal_integration
38568768,below_minimum_modalities,panel_a:multimodal_integration
38556403,below_minimum_modalities,panel_a:multimodal_integration
38523785,below_minimum_modalities,panel_a:multimodal_integration
38515637,below_minimum_modalities,panel_a:multimodal_integration
38508807,below_minimum_modalities,panel_a:multimodal_integration
38478187,below_minimum_modalities,panel_a:multimodal_integration
38465504,below_minimum_modalities,panel_a:multimodal_integration
38446655,below_minimum_modalities,panel_a:multimodal_integration
40206685,below_minimum_modalities,panel_a:multimodal_integration
38442049,below_minimum_modalities,panel_a:multimodal_integration
38393660,below_minimum_modalities,panel_a:multimodal_integration
38392317,below_minimum_modalities,panel_a:multimodal_integration
38373347,below_minimum_modalities,panel_a:multimodal_integration
38333689,below_minimum_modalities,panel_a:multimodal_integration
38315584,below_minimum_modalities,panel_a:multimodal_integration
38274117,below_minimum_modalities,panel_a:multimodal_integration
38269946,below_minimum_modalities,panel_a:multimodal_integration
38267874,below_minimum_modalities,panel_a:multimodal_integration
38248078,below_minimum_modalities,panel_a:multimodal_integration
38244280,below_minimum_modalities,panel_a:multimodal_integration
38238965,below_minimum_modalities,panel_a:multimodal_integration
38231819,below_minimum_modalities,panel_a:multimodal_integration
38215256,below_minimum_modalities,panel_a:multimodal_integration
38153923,below_minimum_modalities,panel_a:multimodal_integration
38126740,below_minimum_modalities,panel_a:multimodal_integration
37801381,below_minimum_modalities,panel_a:multimodal_integration
37498760,below_minimum_modalities,panel_a:multimodal_integration
41815279,below_minimum_modalities,panel_a:multimodal_integration
41696070,below_minimum_modalities,panel_a:multimodal_integration
41497450,below_minimum_modalities,panel_a:multimodal_integration
41473174,below_minimum_modalities,panel_a:multimodal_integration
41452825,below_minimum_modalities,panel_a:multimodal_integration
41424995,below_minimum_modalities,panel_a:multimodal_integration
41357810,below_minimum_modalities,panel_a:multimodal_integration
41323384,below_minimum_modalities,panel_a:multimodal_integration
41287637,below_minimum_modalities,panel_a:multimodal_integration
41132714,below_minimum_modalities,panel_a:multimodal_integration
41080942,below_minimum_modalities,panel_a:multimodal_integration
40936696,below_minimum_modalities,panel_a:multimodal_integration
40861235,below_minimum_modalities,panel_a:multimodal_integration
40842484,below_minimum_modalities,panel_a:multimodal_integration
40778281,below_minimum_modalities,panel_a:multimodal_integration
40771464,below_minimum_modalities,panel_a:multimodal_integration
40688631,below_minimum_modalities,panel_a:multimodal_integration
40641917,below_minimum_modalities,panel_a:multimodal_integration
40635689,below_minimum_modalities,panel_a:multimodal_integration
40548118,below_minimum_modalities,panel_a:multimodal_integration
40548052,below_minimum_modalities,panel_a:multimodal_integration
40531648,below_minimum_modalities,panel_a:multimodal_integration
40496555,below_minimum_modalities,panel_a:multimodal_integration
40406245,below_minimum_modalities,panel_a:multimodal_integration
40373044,below_minimum_modalities,panel_a:multimodal_integration
40276738,below_minimum_modalities,panel_a:multimodal_integration
40255427,below_minimum_modalities,panel_a:multimodal_integration
40190551,below_minimum_modalities,panel_a:multimodal_integration
40124951,below_minimum_modalities,panel_a:multimodal_integration
40070646,below_minimum_modalities,panel_a:multimodal_integration
40012763,below_minimum_modalities,panel_a:multimodal_integration
39889245,below_minimum_modalities,panel_a:multimodal_integration
39883138,below_minimum_modalities,panel_a:multimodal_integration
39878595,below_minimum_modalities,panel_a:multimodal_integration
39870028,below_minimum_modalities,panel_a:multimodal_integration
39869985,below_minimum_modalities,panel_a:multimodal_integration
39841226,below_minimum_modalities,panel_a:multimodal_integration
39813811,below_minimum_modalities,panel_a:multimodal_integration
39762417,below_minimum_modalities,panel_a:multimodal_integration
39755362,below_minimum_modalities,panel_a:multimodal_integration
39753481,below_minimum_modalities,panel_a:multimodal_integration
39208042,below_minimum_modalities,panel_a:multimodal_integration
39093684,below_minimum_modalities,panel_a:multimodal_integration
40026834,below_minimum_modalities,panel_a:multimodal_integration
40021688,below_minimum_modalities,panel_a:multimodal_integration
40002206,below_minimum_modalities,panel_a:multimodal_integration
40001040,below_minimum_modalities,panel_a:multimodal_integration
39996916,below_minimum_modalities,panel_a:multimodal_integration
39985841,below_minimum_modalities,panel_a:multimodal_integration
39983665,below_minimum_modalities,panel_a:multimodal_integration
39948585,below_minimum_modalities,panel_a:multimodal_integration
39938344,below_minimum_modalities,panel_a:multimodal_integration
39934138,below_minimum_modalities,panel_a:multimodal_integration
39933267,below_minimum_modalities,panel_a:multimodal_integration
39928283,below_minimum_modalities,panel_a:multimodal_integration
39920478,below_minimum_modalities,panel_a:multimodal_integration
39917572,below_minimum_modalities,panel_a:multimodal_integration
39906483,below_minimum_modalities,panel_a:multimodal_integration
39903238,below_minimum_modalities,panel_a:multimodal_integration
39900674,below_minimum_modalities,panel_a:multimodal_integration
41799657,below_minimum_modalities,panel_a:multimodal_integration
39356606,below_minimum_modalities,panel_a:multimodal_integration
39331544,below_minimum_modalities,panel_a:multimodal_integration
39240739,below_minimum_modalities,panel_a:multimodal_integration
40235070,below_minimum_modalities,panel_a:multimodal_integration
40159500,below_minimum_modalities,panel_a:multimodal_integration
40150061,below_minimum_modalities,panel_a:multimodal_integration
40149384,below_minimum_modalities,panel_a:multimodal_integration
40148399,below_minimum_modalities,panel_a:multimodal_integration
40142635,below_minimum_modalities,panel_a:multimodal_integration
40138967,below_minimum_modalities,panel_a:multimodal_integration
40133088,below_minimum_modalities,panel_a:multimodal_integration
40123159,below_minimum_modalities,panel_a:multimodal_integration
40112688,below_minimum_modalities,panel_a:multimodal_integration
40082527,below_minimum_modalities,panel_a:multimodal_integration
40056841,below_minimum_modalities,panel_a:multimodal_integration
40051298,below_minimum_modalities,panel_a:multimodal_integration
40047871,below_minimum_modalities,panel_a:multimodal_integration
40041369,below_minimum_modalities,panel_a:multimodal_integration
40030456,below_minimum_modalities,panel_a:multimodal_integration
40025635,below_minimum_modalities,panel_a:multimodal_integration
39869389,below_minimum_modalities,panel_a:multimodal_integration
39607756,below_minimum_modalities,panel_a:multimodal_integration
40428767,below_minimum_modalities,panel_a:multimodal_integration
40405959,below_minimum_modalities,panel_a:multimodal_integration
40403340,below_minimum_modalities,panel_a:multimodal_integration
40386715,below_minimum_modalities,panel_a:multimodal_integration
40343040,below_minimum_modalities,panel_a:multimodal_integration
40322415,below_minimum_modalities,panel_a:multimodal_integration
40283161,below_minimum_modalities,panel_a:multimodal_integration
40252479,below_minimum_modalities,panel_a:multimodal_integration
40250215,below_minimum_modalities,panel_a:multimodal_integration
40239399,below_minimum_modalities,panel_a:multimodal_integration
40237900,below_minimum_modalities,panel_a:multimodal_integration
40227485,below_minimum_modalities,panel_a:multimodal_integration
40223097,below_minimum_modalities,panel_a:multimodal_integration
40215886,below_minimum_modalities,panel_a:multimodal_integration
40215867,below_minimum_modalities,panel_a:multimodal_integration
40200465,below_minimum_modalities,panel_a:multimodal_integration
40188349,below_minimum_modalities,panel_a:multimodal_integration
40180672,below_minimum_modalities,panel_a:multimodal_integration
39983011,below_minimum_modalities,panel_a:multimodal_integration
39878177,below_minimum_modalities,panel_a:multimodal_integration
40843343,below_minimum_modalities,panel_a:multimodal_integration
40446583,below_minimum_modalities,panel_a:multimodal_integration
40445102,below_minimum_modalities,panel_a:multimodal_integration
40444796,below_minimum_modalities,panel_a:multimodal_integration
40441045,below_minimum_modalities,panel_a:multimodal_integration
40439703,below_minimum_modalities,panel_a:multimodal_integration
40428235,below_minimum_modalities,panel_a:multimodal_integration
40425716,below_minimum_modalities,panel_a:multimodal_integration
40412011,below_minimum_modalities,panel_a:multimodal_integration
40409031,below_minimum_modalities,panel_a:multimodal_integration
40399336,below_minimum_modalities,panel_a:multimodal_integration
40381695,below_minimum_modalities,panel_a:multimodal_integration
40380513,below_minimum_modalities,panel_a:multimodal_integration
40378558,below_minimum_modalities,panel_a:multimodal_integration
40375887,below_minimum_modalities,panel_a:multimodal_integration
40375082,below_minimum_modalities,panel_a:multimodal_integration
40372503,below_minimum_modalities,panel_a:multimodal_integration
40363369,below_minimum_modalities,panel_a:multimodal_integration
40361975,below_minimum_modalities,panel_a:multimodal_integration
40350037,below_minimum_modalities,panel_a:multimodal_integration
40346120,below_minimum_modalities,panel_a:multimodal_integration
40328028,below_minimum_modalities,panel_a:multimodal_integration
40317944,below_minimum_modalities,panel_a:multimodal_integration
39677425,below_minimum_modalities,panel_a:multimodal_integration
38843065,below_minimum_modalities,panel_a:multimodal_integration
38640042,below_minimum_modalities,panel_a:multimodal_integration
40647374,below_minimum_modalities,panel_a:multimodal_integration
40587926,below_minimum_modalities,panel_a:multimodal_integration
40582297,below_minimum_modalities,panel_a:multimodal_integration
40581582,below_minimum_modalities,panel_a:multimodal_integration
40566761,below_minimum_modalities,panel_a:multimodal_integration
40564471,below_minimum_modalities,panel_a:multimodal_integration
40544543,below_minimum_modalities,panel_a:multimodal_integration
40540293,below_minimum_modalities,panel_a:multimodal_integration
40516502,below_minimum_modalities,panel_a:multimodal_integration
40513478,below_minimum_modalities,panel_a:multimodal_integration
40484187,below_minimum_modalities,panel_a:multimodal_integration
40471519,below_minimum_modalities,panel_a:multimodal_integration
40461663,below_minimum_modalities,panel_a:multimodal_integration
40456708,below_minimum_modalities,panel_a:multimodal_integration
40455403,below_minimum_modalities,panel_a:multimodal_integration
40030752,below_minimum_modalities,panel_a:multimodal_integration
41337136,below_minimum_modalities,panel_a:multimodal_integration
41336459,below_minimum_modalities,panel_a:multimodal_integration
41336254,below_minimum_modalities,panel_a:multimodal_integration
41335834,below_minimum_modalities,panel_a:multimodal_integration
40980161,below_minimum_modalities,panel_a:multimodal_integration
40933027,below_minimum_modalities,panel_a:multimodal_integration
40809217,below_minimum_modalities,panel_a:multimodal_integration
40771387,below_minimum_modalities,panel_a:multimodal_integration
40771376,below_minimum_modalities,panel_a:multimodal_integration
40765600,below_minimum_modalities,panel_a:multimodal_integration
40743874,below_minimum_modalities,panel_a:multimodal_integration
40739310,below_minimum_modalities,panel_a:multimodal_integration
40729084,below_minimum_modalities,panel_a:multimodal_integration
40726171,below_minimum_modalities,panel_a:multimodal_integration
40725621,below_minimum_modalities,panel_a:multimodal_integration
40722480,below_minimum_modalities,panel_a:multimodal_integration
40715366,below_minimum_modalities,panel_a:multimodal_integration
40715116,below_minimum_modalities,panel_a:multimodal_integration
40700672,below_minimum_modalities,panel_a:multimodal_integration
40695290,below_minimum_modalities,panel_a:multimodal_integration
40676529,below_minimum_modalities,panel_a:multimodal_integration
40670935,below_minimum_modalities,panel_a:multimodal_integration
40664556,below_minimum_modalities,panel_a:multimodal_integration
40660818,below_minimum_modalities,panel_a:multimodal_integration
40654179,below_minimum_modalities,panel_a:multimodal_integration
40651323,below_minimum_modalities,panel_a:multimodal_integration
40637817,below_minimum_modalities,panel_a:multimodal_integration
40635307,below_minimum_modalities,panel_a:multimodal_integration
40629283,below_minimum_modalities,panel_a:multimodal_integration
40624149,below_minimum_modalities,panel_a:multimodal_integration
40617519,below_minimum_modalities,panel_a:multimodal_integration
40615476,below_minimum_modalities,panel_a:multimodal_integration
40614479,below_minimum_modalities,panel_a:multimodal_integration
40603736,below_minimum_modalities,panel_a:multimodal_integration
40597002,below_minimum_modalities,panel_a:multimodal_integration
40595247,below_minimum_modalities,panel_a:multimodal_integration
40594922,below_minimum_modalities,panel_a:multimodal_integration
40591963,below_minimum_modalities,panel_a:multimodal_integration
40198287,below_minimum_modalities,panel_a:multimodal_integration
41113125,below_minimum_modalities,panel_a:multimodal_integration
40948925,below_minimum_modalities,panel_a:multimodal_integration
40941663,below_minimum_modalities,panel_a:multimodal_integration
40933553,below_minimum_modalities,panel_a:multimodal_integration
40915278,below_minimum_modalities,panel_a:multimodal_integration
40898494,below_minimum_modalities,panel_a:multimodal_integration
40879389,below_minimum_modalities,panel_a:multimodal_integration
40876064,below_minimum_modalities,panel_a:multimodal_integration
40865327,below_minimum_modalities,panel_a:multimodal_integration
40858483,below_minimum_modalities,panel_a:multimodal_integration
40857998,below_minimum_modalities,panel_a:multimodal_integration
40857849,below_minimum_modalities,panel_a:multimodal_integration
40854506,below_minimum_modalities,panel_a:multimodal_integration
40849716,below_minimum_modalities,panel_a:multimodal_integration
40835607,below_minimum_modalities,panel_a:multimodal_integration
40834300,below_minimum_modalities,panel_a:multimodal_integration
40829145,below_minimum_modalities,panel_a:multimodal_integration
40824403,below_minimum_modalities,panel_a:multimodal_integration
40819604,below_minimum_modalities,panel_a:multimodal_integration
40818216,below_minimum_modalities,panel_a:multimodal_integration
40817231,below_minimum_modalities,panel_a:multimodal_integration
40814087,below_minimum_modalities,panel_a:multimodal_integration
40807905,below_minimum_modalities,panel_a:multimodal_integration
40803139,below_minimum_modalities,panel_a:multimodal_integration
40790590,below_minimum_modalities,panel_a:multimodal_integration
40784991,below_minimum_modalities,panel_a:multimodal_integration
40775925,below_minimum_modalities,panel_a:multimodal_integration
40759646,below_minimum_modalities,panel_a:multimodal_integration
40755324,below_minimum_modalities,panel_a:multimodal_integration
40755026,below_minimum_modalities,panel_a:multimodal_integration
40750786,below_minimum_modalities,panel_a:multimodal_integration
40750659,below_minimum_modalities,panel_a:multimodal_integration
40714931,below_minimum_modalities,panel_a:multimodal_integration
41567739,below_minimum_modalities,panel_a:multimodal_integration
41472823,below_minimum_modalities,panel_a:multimodal_integration
41095651,below_minimum_modalities,panel_a:multimodal_integration
41081240,below_minimum_modalities,panel_a:multimodal_integration
41047767,below_minimum_modalities,panel_a:multimodal_integration
41034781,below_minimum_modalities,panel_a:multimodal_integration
41031182,below_minimum_modalities,panel_a:multimodal_integration
41023673,below_minimum_modalities,panel_a:multimodal_integration
41016346,below_minimum_modalities,panel_a:multimodal_integration
41008817,below_minimum_modalities,panel_a:multimodal_integration
40976768,below_minimum_modalities,panel_a:multimodal_integration
40974664,below_minimum_modalities,panel_a:multimodal_integration
40957203,below_minimum_modalities,panel_a:multimodal_integration
40945208,below_minimum_modalities,panel_a:multimodal_integration
40939682,below_minimum_modalities,panel_a:multimodal_integration
40939680,below_minimum_modalities,panel_a:multimodal_integration
40929937,below_minimum_modalities,panel_a:multimodal_integration
40924329,below_minimum_modalities,panel_a:multimodal_integration
40906037,below_minimum_modalities,panel_a:multimodal_integration
40890689,below_minimum_modalities,panel_a:multimodal_integration
40815224,below_minimum_modalities,panel_a:multimodal_integration
40717470,below_minimum_modalities,panel_a:multimodal_integration
40702777,below_minimum_modalities,panel_a:multimodal_integration
40293902,below_minimum_modalities,panel_a:multimodal_integration
40100677,below_minimum_modalities,panel_a:multimodal_integration
39412973,below_minimum_modalities,panel_a:multimodal_integration
41439217,below_minimum_modalities,panel_a:multimodal_integration
41197263,below_minimum_modalities,panel_a:multimodal_integration
41187577,below_minimum_modalities,panel_a:multimodal_integration
41172654,below_minimum_modalities,panel_a:multimodal_integration
41168627,below_minimum_modalities,panel_a:multimodal_integration
41163168,below_minimum_modalities,panel_a:multimodal_integration
41151435,below_minimum_modalities,panel_a:multimodal_integration
41131374,below_minimum_modalities,panel_a:multimodal_integration
41131103,below_minimum_modalities,panel_a:multimodal_integration
41126066,below_minimum_modalities,panel_a:multimodal_integration
41116273,below_minimum_modalities,panel_a:multimodal_integration
41110275,below_minimum_modalities,panel_a:multimodal_integration
41102785,below_minimum_modalities,panel_a:multimodal_integration
41098080,below_minimum_modalities,panel_a:multimodal_integration
41088081,below_minimum_modalities,panel_a:multimodal_integration
41073416,below_minimum_modalities,panel_a:multimodal_integration
41068348,below_minimum_modalities,panel_a:multimodal_integration
41066279,below_minimum_modalities,panel_a:multimodal_integration
41065968,below_minimum_modalities,panel_a:multimodal_integration
41057987,below_minimum_modalities,panel_a:multimodal_integration
41027412,below_minimum_modalities,panel_a:multimodal_integration
41017311,below_minimum_modalities,panel_a:multimodal_integration
40958458,below_minimum_modalities,panel_a:multimodal_integration
40831132,below_minimum_modalities,panel_a:multimodal_integration
40106240,below_minimum_modalities,panel_a:multimodal_integration
41658402,below_minimum_modalities,panel_a:multimodal_integration
41376905,below_minimum_modalities,panel_a:multimodal_integration
41374420,below_minimum_modalities,panel_a:multimodal_integration
41374348,below_minimum_modalities,panel_a:multimodal_integration
41367805,below_minimum_modalities,panel_a:multimodal_integration
41367771,below_minimum_modalities,panel_a:multimodal_integration
41367757,below_minimum_modalities,panel_a:multimodal_integration
41317632,below_minimum_modalities,panel_a:multimodal_integration
41313616,below_minimum_modalities,panel_a:multimodal_integration
41310372,below_minimum_modalities,panel_a:multimodal_integration
41310177,below_minimum_modalities,panel_a:multimodal_integration
41308924,below_minimum_modalities,panel_a:multimodal_integration
41303845,below_minimum_modalities,panel_a:multimodal_integration
41301056,below_minimum_modalities,panel_a:multimodal_integration
41300874,below_minimum_modalities,panel_a:multimodal_integration
41295120,below_minimum_modalities,panel_a:multimodal_integration
41292517,below_minimum_modalities,panel_a:multimodal_integration
41291294,below_minimum_modalities,panel_a:multimodal_integration
41290428,below_minimum_modalities,panel_a:multimodal_integration
41289808,below_minimum_modalities,panel_a:multimodal_integration
41286231,below_minimum_modalities,panel_a:multimodal_integration
41271174,below_minimum_modalities,panel_a:multimodal_integration
41270177,below_minimum_modalities,panel_a:multimodal_integration
41266221,below_minimum_modalities,panel_a:multimodal_integration
41258020,below_minimum_modalities,panel_a:multimodal_integration
41241877,below_minimum_modalities,panel_a:multimodal_integration
41238821,below_minimum_modalities,panel_a:multimodal_integration
41237448,below_minimum_modalities,panel_a:multimodal_integration
41233492,below_minimum_modalities,panel_a:multimodal_integration
41231622,below_minimum_modalities,panel_a:multimodal_integration
41226100,below_minimum_modalities,panel_a:multimodal_integration
41219899,below_minimum_modalities,panel_a:multimodal_integration
41206346,below_minimum_modalities,panel_a:multimodal_integration
41197422,below_minimum_modalities,panel_a:multimodal_integration
41184299,below_minimum_modalities,panel_a:multimodal_integration
41176552,below_minimum_modalities,panel_a:multimodal_integration
40932804,below_minimum_modalities,panel_a:multimodal_integration
41658266,below_minimum_modalities,panel_a:multimodal_integration
41522005,below_minimum_modalities,panel_a:multimodal_integration
41515593,below_minimum_modalities,panel_a:multimodal_integration
41478227,below_minimum_modalities,panel_a:multimodal_integration
41477929,below_minimum_modalities,panel_a:multimodal_integration
41468904,below_minimum_modalities,panel_a:multimodal_integration
41456845,below_minimum_modalities,panel_a:multimodal_integration
41454198,below_minimum_modalities,panel_a:multimodal_integration
41449566,below_minimum_modalities,panel_a:multimodal_integration
41448831,below_minimum_modalities,panel_a:multimodal_integration
41447494,below_minimum_modalities,panel_a:multimodal_integration
41435378,below_minimum_modalities,panel_a:multimodal_integration
41430426,below_minimum_modalities,panel_a:multimodal_integration
41419585,below_minimum_modalities,panel_a:multimodal_integration
41418024,below_minimum_modalities,panel_a:multimodal_integration
41406671,below_minimum_modalities,panel_a:multimodal_integration
41402452,below_minimum_modalities,panel_a:multimodal_integration
41402438,below_minimum_modalities,panel_a:multimodal_integration
41390891,below_minimum_modalities,panel_a:multimodal_integration
41389905,below_minimum_modalities,panel_a:multimodal_integration
41387679,below_minimum_modalities,panel_a:multimodal_integration
41380420,below_minimum_modalities,panel_a:multimodal_integration
41367005,below_minimum_modalities,panel_a:multimodal_integration
41366279,below_minimum_modalities,panel_a:multimodal_integration
41361391,below_minimum_modalities,panel_a:multimodal_integration
41359712,below_minimum_modalities,panel_a:multimodal_integration
41359226,below_minimum_modalities,panel_a:multimodal_integration
41353186,below_minimum_modalities,panel_a:multimodal_integration
41350570,below_minimum_modalities,panel_a:multimodal_integration
41348074,below_minimum_modalities,panel_a:multimodal_integration
41347355,below_minimum_modalities,panel_a:multimodal_integration
41339473,below_minimum_modalities,panel_a:multimodal_integration
41331644,below_minimum_modalities,panel_a:multimodal_integration
41329308,below_minimum_modalities,panel_a:multimodal_integration
41264937,below_minimum_modalities,panel_a:multimodal_integration
40758513,below_minimum_modalities,panel_a:multimodal_integration
40031606,below_minimum_modalities,panel_a:multimodal_integration
42666204,below_minimum_modalities,panel_a:multimodal_integration
42662786,below_minimum_modalities,panel_a:multimodal_integration
42656114,below_minimum_modalities,panel_a:multimodal_integration
42649917,below_minimum_modalities,panel_a:multimodal_integration
42649341,below_minimum_modalities,panel_a:multimodal_integration
42645967,below_minimum_modalities,panel_a:multimodal_integration
42643703,below_minimum_modalities,panel_a:multimodal_integration
42641426,below_minimum_modalities,panel_a:multimodal_integration
42638095,below_minimum_modalities,panel_a:multimodal_integration
42627825,below_minimum_modalities,panel_a:multimodal_integration
42625638,below_minimum_modalities,panel_a:multimodal_integration
42622781,below_minimum_modalities,panel_a:multimodal_integration
42622615,below_minimum_modalities,panel_a:multimodal_integration
42614303,below_minimum_modalities,panel_a:multimodal_integration
42614130,below_minimum_modalities,panel_a:multimodal_integration
42612835,below_minimum_modalities,panel_a:multimodal_integration
42612342,below_minimum_modalities,panel_a:multimodal_integration
42606719,below_minimum_modalities,panel_a:multimodal_integration
42594952,below_minimum_modalities,panel_a:multimodal_integration
42594737,below_minimum_modalities,panel_a:multimodal_integration
42591757,below_minimum_modalities,panel_a:multimodal_integration
42588739,below_minimum_modalities,panel_a:multimodal_integration
42581241,below_minimum_modalities,panel_a:multimodal_integration
42574314,below_minimum_modalities,panel_a:multimodal_integration
42573778,below_minimum_modalities,panel_a:multimodal_integration
42567685,below_minimum_modalities,panel_a:multimodal_integration
42566922,below_minimum_modalities,panel_a:multimodal_integration
42566665,below_minimum_modalities,panel_a:multimodal_integration
42564679,below_minimum_modalities,panel_a:multimodal_integration
42557433,below_minimum_modalities,panel_a:multimodal_integration
42553187,below_minimum_modalities,panel_a:multimodal_integration
42553161,below_minimum_modalities,panel_a:multimodal_integration
42547903,below_minimum_modalities,panel_a:multimodal_integration
42547384,below_minimum_modalities,panel_a:multimodal_integration
42538427,below_minimum_modalities,panel_a:multimodal_integration
42536277,below_minimum_modalities,panel_a:multimodal_integration
42533186,below_minimum_modalities,panel_a:multimodal_integration
42531661,below_minimum_modalities,panel_a:multimodal_integration
42517768,below_minimum_modalities,panel_a:multimodal_integration
42513400,below_minimum_modalities,panel_a:multimodal_integration
42510435,below_minimum_modalities,panel_a:multimodal_integration
42506858,below_minimum_modalities,panel_a:multimodal_integration
42506134,below_minimum_modalities,panel_a:multimodal_integration
42496805,below_minimum_modalities,panel_a:multimodal_integration
42493350,below_minimum_modalities,panel_a:multimodal_integration
42491377,below_minimum_modalities,panel_a:multimodal_integration
42489163,below_minimum_modalities,panel_a:multimodal_integration
42480407,below_minimum_modalities,panel_a:multimodal_integration
42477719,below_minimum_modalities,panel_a:multimodal_integration
42459767,below_minimum_modalities,panel_a:multimodal_integration
42455867,below_minimum_modalities,panel_a:multimodal_integration
42453878,below_minimum_modalities,panel_a:multimodal_integration
42450777,below_minimum_modalities,panel_a:multimodal_integration
42449751,below_minimum_modalities,panel_a:multimodal_integration
42449731,below_minimum_modalities,panel_a:multimodal_integration
42448906,below_minimum_modalities,panel_a:multimodal_integration
42445878,below_minimum_modalities,panel_a:multimodal_integration
42444889,below_minimum_modalities,panel_a:multimodal_integration
42444807,below_minimum_modalities,panel_a:multimodal_integration
42431776,below_minimum_modalities,panel_a:multimodal_integration
42431356,below_minimum_modalities,panel_a:multimodal_integration
42426002,below_minimum_modalities,panel_a:multimodal_integration
42424829,below_minimum_modalities,panel_a:multimodal_integration
42417627,below_minimum_modalities,panel_a:multimodal_integration
42414228,below_minimum_modalities,panel_a:multimodal_integration
42412673,below_minimum_modalities,panel_a:multimodal_integration
42407139,below_minimum_modalities,panel_a:multimodal_integration
42401051,below_minimum_modalities,panel_a:multimodal_integration
42389387,below_minimum_modalities,panel_a:multimodal_integration
42388667,below_minimum_modalities,panel_a:multimodal_integration
42380343,below_minimum_modalities,panel_a:multimodal_integration
42378931,below_minimum_modalities,panel_a:multimodal_integration
42377645,below_minimum_modalities,panel_a:multimodal_integration
42374268,below_minimum_modalities,panel_a:multimodal_integration
42374243,below_minimum_modalities,panel_a:multimodal_integration
42369047,below_minimum_modalities,panel_a:multimodal_integration
42359462,below_minimum_modalities,panel_a:multimodal_integration
42356757,below_minimum_modalities,panel_a:multimodal_integration
42351898,below_minimum_modalities,panel_a:multimodal_integration
42351590,below_minimum_modalities,panel_a:multimodal_integration
42351452,below_minimum_modalities,panel_a:multimodal_integration
42344502,below_minimum_modalities,panel_a:multimodal_integration
42324351,below_minimum_modalities,panel_a:multimodal_integration
42318461,below_minimum_modalities,panel_a:multimodal_integration
42315701,below_minimum_modalities,panel_a:multimodal_integration
42312525,below_minimum_modalities,panel_a:multimodal_integration
42310560,below_minimum_modalities,panel_a:multimodal_integration
42306661,below_minimum_modalities,panel_a:multimodal_integration
42305950,below_minimum_modalities,panel_a:multimodal_integration
42299302,below_minimum_modalities,panel_a:multimodal_integration
42294344,below_minimum_modalities,panel_a:multimodal_integration
42291860,below_minimum_modalities,panel_a:multimodal_integration
42287936,below_minimum_modalities,panel_a:multimodal_integration
42287434,below_minimum_modalities,panel_a:multimodal_integration
42282465,below_minimum_modalities,panel_a:multimodal_integration
42279513,below_minimum_modalities,panel_a:multimodal_integration
42279319,below_minimum_modalities,panel_a:multimodal_integration
42270722,below_minimum_modalities,panel_a:multimodal_integration
42269196,below_minimum_modalities,panel_a:multimodal_integration
42266877,below_minimum_modalities,panel_a:multimodal_integration
42266661,below_minimum_modalities,panel_a:multimodal_integration
42265985,below_minimum_modalities,panel_a:multimodal_integration
42265018,below_minimum_modalities,panel_a:multimodal_integration
42250604,below_minimum_modalities,panel_a:multimodal_integration
42248053,below_minimum_modalities,panel_a:multimodal_integration
42243600,below_minimum_modalities,panel_a:multimodal_integration
42236931,below_minimum_modalities,panel_a:multimodal_integration
42236582,below_minimum_modalities,panel_a:multimodal_integration
42235113,below_minimum_modalities,panel_a:multimodal_integration
42227503,below_minimum_modalities,panel_a:multimodal_integration
42225491,below_minimum_modalities,panel_a:multimodal_integration
42223560,below_minimum_modalities,panel_a:multimodal_integration
42215698,below_minimum_modalities,panel_a:multimodal_integration
42214885,below_minimum_modalities,panel_a:multimodal_integration
42208572,below_minimum_modalities,panel_a:multimodal_integration
42200278,below_minimum_modalities,panel_a:multimodal_integration
42195318,below_minimum_modalities,panel_a:multimodal_integration
42192376,below_minimum_modalities,panel_a:multimodal_integration
42191845,below_minimum_modalities,panel_a:multimodal_integration
42185268,below_minimum_modalities,panel_a:multimodal_integration
42185182,below_minimum_modalities,panel_a:multimodal_integration
42184237,below_minimum_modalities,panel_a:multimodal_integration
42182622,below_minimum_modalities,panel_a:multimodal_integration
42180041,below_minimum_modalities,panel_a:multimodal_integration
42179160,below_minimum_modalities,panel_a:multimodal_integration
42173822,below_minimum_modalities,panel_a:multimodal_integration
42169480,below_minimum_modalities,panel_a:multimodal_integration
42163690,below_minimum_modalities,panel_a:multimodal_integration
42150420,below_minimum_modalities,panel_a:multimodal_integration
42147917,below_minimum_modalities,panel_a:multimodal_integration
42146900,below_minimum_modalities,panel_a:multimodal_integration
42146873,below_minimum_modalities,panel_a:multimodal_integration
42144078,below_minimum_modalities,panel_a:multimodal_integration
42137747,below_minimum_modalities,panel_a:multimodal_integration
42132448,below_minimum_modalities,panel_a:multimodal_integration
42129845,below_minimum_modalities,panel_a:multimodal_integration
42125226,below_minimum_modalities,panel_a:multimodal_integration
42122062,below_minimum_modalities,panel_a:multimodal_integration
42118516,below_minimum_modalities,panel_a:multimodal_integration
42115281,below_minimum_modalities,panel_a:multimodal_integration
42108741,below_minimum_modalities,panel_a:multimodal_integration
42102556,below_minimum_modalities,panel_a:multimodal_integration
42096391,below_minimum_modalities,panel_a:multimodal_integration
42095808,below_minimum_modalities,panel_a:multimodal_integration
42095178,below_minimum_modalities,panel_a:multimodal_integration
42091399,below_minimum_modalities,panel_a:multimodal_integration
42091049,below_minimum_modalities,panel_a:multimodal_integration
42090945,below_minimum_modalities,panel_a:multimodal_integration
42089749,below_minimum_modalities,panel_a:multimodal_integration
42082579,below_minimum_modalities,panel_a:multimodal_integration
42068632,below_minimum_modalities,panel_a:multimodal_integration
42067664,below_minimum_modalities,panel_a:multimodal_integration
42062990,below_minimum_modalities,panel_a:multimodal_integration
42041819,below_minimum_modalities,panel_a:multimodal_integration
42039728,below_minimum_modalities,panel_a:multimodal_integration
42034781,below_minimum_modalities,panel_a:multimodal_integration
42031968,below_minimum_modalities,panel_a:multimodal_integration
42031943,below_minimum_modalities,panel_a:multimodal_integration
42025043,below_minimum_modalities,panel_a:multimodal_integration
42020852,below_minimum_modalities,panel_a:multimodal_integration
42019354,below_minimum_modalities,panel_a:multimodal_integration
41997790,below_minimum_modalities,panel_a:multimodal_integration
41990405,below_minimum_modalities,panel_a:multimodal_integration
41984179,below_minimum_modalities,panel_a:multimodal_integration
41982753,below_minimum_modalities,panel_a:multimodal_integration
41981478,below_minimum_modalities,panel_a:multimodal_integration
41972186,below_minimum_modalities,panel_a:multimodal_integration
41971435,below_minimum_modalities,panel_a:multimodal_integration
41969630,below_minimum_modalities,panel_a:multimodal_integration
41968527,below_minimum_modalities,panel_a:multimodal_integration
41967078,below_minimum_modalities,panel_a:multimodal_integration
41966588,below_minimum_modalities,panel_a:multimodal_integration
41965397,below_minimum_modalities,panel_a:multimodal_integration
41955886,below_minimum_modalities,panel_a:multimodal_integration
41955157,below_minimum_modalities,panel_a:multimodal_integration
41952838,below_minimum_modalities,panel_a:multimodal_integration
41949430,below_minimum_modalities,panel_a:multimodal_integration
41945655,below_minimum_modalities,panel_a:multimodal_integration
41934741,below_minimum_modalities,panel_a:multimodal_integration
41933080,below_minimum_modalities,panel_a:multimodal_integration
41927783,below_minimum_modalities,panel_a:multimodal_integration
41909599,below_minimum_modalities,panel_a:multimodal_integration
41905780,below_minimum_modalities,panel_a:multimodal_integration
41904405,below_minimum_modalities,panel_a:multimodal_integration
41903259,below_minimum_modalities,panel_a:multimodal_integration
41897659,below_minimum_modalities,panel_a:multimodal_integration
41897581,below_minimum_modalities,panel_a:multimodal_integration
41892098,below_minimum_modalities,panel_a:multimodal_integration
41891822,below_minimum_modalities,panel_a:multimodal_integration
41890030,below_minimum_modalities,panel_a:multimodal_integration
41883532,below_minimum_modalities,panel_a:multimodal_integration
41876396,below_minimum_modalities,panel_a:multimodal_integration
41870128,below_minimum_modalities,panel_a:multimodal_integration
41860053,below_minimum_modalities,panel_a:multimodal_integration
41857237,below_minimum_modalities,panel_a:multimodal_integration
41851787,below_minimum_modalities,panel_a:multimodal_integration
41841145,below_minimum_modalities,panel_a:multimodal_integration
41832723,below_minimum_modalities,panel_a:multimodal_integration
41832322,below_minimum_modalities,panel_a:multimodal_integration
41831029,below_minimum_modalities,panel_a:multimodal_integration
41827929,below_minimum_modalities,panel_a:multimodal_integration
41817005,below_minimum_modalities,panel_a:multimodal_integration
41815162,below_minimum_modalities,panel_a:multimodal_integration
41815132,below_minimum_modalities,panel_a:multimodal_integration
41814294,below_minimum_modalities,panel_a:multimodal_integration
41813827,below_minimum_modalities,panel_a:multimodal_integration
41809827,below_minimum_modalities,panel_a:multimodal_integration
41807430,below_minimum_modalities,panel_a:multimodal_integration
41806501,below_minimum_modalities,panel_a:multimodal_integration
41804912,below_minimum_modalities,panel_a:multimodal_integration
41803281,below_minimum_modalities,panel_a:multimodal_integration
41794962,below_minimum_modalities,panel_a:multimodal_integration
41794871,below_minimum_modalities,panel_a:multimodal_integration
41792817,below_minimum_modalities,panel_a:multimodal_integration
41790388,below_minimum_modalities,panel_a:multimodal_integration
41776099,below_minimum_modalities,panel_a:multimodal_integration
41775758,below_minimum_modalities,panel_a:multimodal_integration
41774647,below_minimum_modalities,panel_a:multimodal_integration
41774629,below_minimum_modalities,panel_a:multimodal_integration
41770963,below_minimum_modalities,panel_a:multimodal_integration
41764861,below_minimum_modalities,panel_a:multimodal_integration
41764582,below_minimum_modalities,panel_a:multimodal_integration
41762429,below_minimum_modalities,panel_a:multimodal_integration
41760214,below_minimum_modalities,panel_a:multimodal_integration
41758179,below_minimum_modalities,panel_a:multimodal_integration
41752964,below_minimum_modalities,panel_a:multimodal_integration
41750724,below_minimum_modalities,panel_a:multimodal_integration
41748602,below_minimum_modalities,panel_a:multimodal_integration
41742953,below_minimum_modalities,panel_a:multimodal_integration
41740222,below_minimum_modalities,panel_a:multimodal_integration
41734695,below_minimum_modalities,panel_a:multimodal_integration
41730173,below_minimum_modalities,panel_a:multimodal_integration
41721030,below_minimum_modalities,panel_a:multimodal_integration
41719867,below_minimum_modalities,panel_a:multimodal_integration
41718862,below_minimum_modalities,panel_a:multimodal_integration
41718534,below_minimum_modalities,panel_a:multimodal_integration
41716054,below_minimum_modalities,panel_a:multimodal_integration
41714437,below_minimum_modalities,panel_a:multimodal_integration
41714379,below_minimum_modalities,panel_a:multimodal_integration
41709083,below_minimum_modalities,panel_a:multimodal_integration
41707627,below_minimum_modalities,panel_a:multimodal_integration
41702662,below_minimum_modalities,panel_a:multimodal_integration
41702357,below_minimum_modalities,panel_a:multimodal_integration
41699993,below_minimum_modalities,panel_a:multimodal_integration
41699055,below_minimum_modalities,panel_a:multimodal_integration
41696080,below_minimum_modalities,panel_a:multimodal_integration
41691917,below_minimum_modalities,panel_a:multimodal_integration
41691666,below_minimum_modalities,panel_a:multimodal_integration
41669445,below_minimum_modalities,panel_a:multimodal_integration
41669442,below_minimum_modalities,panel_a:multimodal_integration
41666059,below_minimum_modalities,panel_a:multimodal_integration
41659840,below_minimum_modalities,panel_a:multimodal_integration
41656135,below_minimum_modalities,panel_a:multimodal_integration
41645153,below_minimum_modalities,panel_a:multimodal_integration
41644944,below_minimum_modalities,panel_a:multimodal_integration
41634163,below_minimum_modalities,panel_a:multimodal_integration
41633896,below_minimum_modalities,panel_a:multimodal_integration
41633039,below_minimum_modalities,panel_a:multimodal_integration
41632599,below_minimum_modalities,panel_a:multimodal_integration
41629720,below_minimum_modalities,panel_a:multimodal_integration
41623713,below_minimum_modalities,panel_a:multimodal_integration
41621207,below_minimum_modalities,panel_a:multimodal_integration
41616975,below_minimum_modalities,panel_a:multimodal_integration
41611943,below_minimum_modalities,panel_a:multimodal_integration
41605174,below_minimum_modalities,panel_a:multimodal_integration
41600529,below_minimum_modalities,panel_a:multimodal_integration
41594289,below_minimum_modalities,panel_a:multimodal_integration
41588488,below_minimum_modalities,panel_a:multimodal_integration
41587322,below_minimum_modalities,panel_a:multimodal_integration
41576146,below_minimum_modalities,panel_a:multimodal_integration
41570496,below_minimum_modalities,panel_a:multimodal_integration
41566180,below_minimum_modalities,panel_a:multimodal_integration
41565060,below_minimum_modalities,panel_a:multimodal_integration
41559412,below_minimum_modalities,panel_a:multimodal_integration
41558885,below_minimum_modalities,panel_a:multimodal_integration
41556415,below_minimum_modalities,panel_a:multimodal_integration
41534327,below_minimum_modalities,panel_a:multimodal_integration
41534111,below_minimum_modalities,panel_a:multimodal_integration
41532302,below_minimum_modalities,panel_a:multimodal_integration
41531151,below_minimum_modalities,panel_a:multimodal_integration
41526840,below_minimum_modalities,panel_a:multimodal_integration
41526676,below_minimum_modalities,panel_a:multimodal_integration
41521324,below_minimum_modalities,panel_a:multimodal_integration
41514042,below_minimum_modalities,panel_a:multimodal_integration
41511950,below_minimum_modalities,panel_a:multimodal_integration
41508016,below_minimum_modalities,panel_a:multimodal_integration
41494052,below_minimum_modalities,panel_a:multimodal_integration
41491731,below_minimum_modalities,panel_a:multimodal_integration
41489089,below_minimum_modalities,panel_a:multimodal_integration
41474992,below_minimum_modalities,panel_a:multimodal_integration
41456601,below_minimum_modalities,panel_a:multimodal_integration
41405429,below_minimum_modalities,panel_a:multimodal_integration
41380177,below_minimum_modalities,panel_a:multimodal_integration
41247893,below_minimum_modalities,panel_a:multimodal_integration
41231704,below_minimum_modalities,panel_a:multimodal_integration
41190943,below_minimum_modalities,panel_a:multimodal_integration
41134947,below_minimum_modalities,panel_a:multimodal_integration
40991606,below_minimum_modalities,panel_a:multimodal_integration
40966149,below_minimum_modalities,panel_a:multimodal_integration
40888157,below_minimum_modalities,panel_a:multimodal_integration
40844950,below_minimum_modalities,panel_a:multimodal_integration
40833907,below_minimum_modalities,panel_a:multimodal_integration
40824975,below_minimum_modalities,panel_a:multimodal_integration
40690339,below_minimum_modalities,panel_a:multimodal_integration
40614147,below_minimum_modalities,panel_a:multimodal_integration
40553677,below_minimum_modalities,panel_a:multimodal_integration
